{"total_training_time":35.317296266555786,"Model Run history":{"train_acc":[0.7408703703703704,0.8246666666666667,0.8417962962962963,0.8523703703703703,0.8588148148148148,0.8628333333333333,0.8678333333333333,0.8711111111111111,0.8753518518518518,0.876,0.8794814814814815,0.8829814814814815,0.8846666666666667,0.8867962962962963,0.8887037037037037],"val_loss":[0.5288576379937666,0.5178782034871017,0.46908345252880895,0.412698633385109,0.3922393690505465,0.4441935444113428,0.3825319975707831,0.3768047048809362,0.3648956807165499,0.3549084944239648,0.40877554482549605,0.3472362050579629,0.34881642116989936,0.33883428023770434,0.3390714034883404],"val_acc":[0.8081666666666667,0.8236666666666667,0.8321666666666667,0.8521666666666666,0.857,0.8366666666666667,0.8641666666666666,0.8653333333333333,0.8668333333333333,0.8715,0.8536666666666667,0.8753333333333333,0.8743333333333333,0.8778333333333334,0.8791666666666667],"train_loss":[0.7869123040442068,0.5044424949741467,0.45499908311686416,0.42645219323707434,0.40497671340433355,0.38849904389470574,0.37520763233418153,0.3649689204979838,0.35452468336442705,0.3462947315984261,0.3385602331806834,0.3324638346642631,0.32513946530846316,0.3193028459000073,0.31387368645256614]},"val_accuracy":0.8791666666666667,"confusion_matrix_table":{"path":"media/table/confusion_matrix_table_18_d997add94baaea95f656.table.json","ncols":3,"nrows":100,"_type":"table-file","sha256":"d997add94baaea95f656da2d78fe4dd2b4b2987681a75faa5c4454ad63434cdb","size":2929,"artifact_path":"wandb-client-artifact://11hii7jddng9ze32jme5hlvlyfi4u6c7gkr1jjj3kt3kisjhad2iqdme8s5hpmtr5ykpgpj5wz4p79shjw9w1io70clv5h5eip5cusaogzj6ayx7x3wmruqvyq16h5lx/confusion_matrix_table.table.json","_latest_artifact_path":"wandb-client-artifact://861xao8836hiv10lyqye940rd4ot4344u49xyfssxvbtzzba67qdz7aof8fmm9onwe6pfzz0ibh989j52xksipq0c8mwv5u8thtrq4bm2bm9p3byzpack8sycqmh2mir:latest/confusion_matrix_table.table.json"},"_step":18,"epoch":15,"train_accuracy":0.8887037037037037,"_timestamp":1.7413419368826048e+09,"train_loss":0.31387368645256614,"val_loss":0.3390714034883404,"_runtime":36.382140784,"test_accuracy":0.8661,"_wandb":{"runtime":36},"epoch_time":2.3161134719848633}