{"val_loss":10.009337399245116,"_runtime":16.372835034,"val_acc":0.7102,"train_acc":0.70408,"test_accuracy":0.6975,"_timestamp":1.7406844474049716e+09,"sample_predictions":{"_type":"image-file","sha256":"981a02a535f161c04dae01029ad47aad0eb195b2c68b9f88fe8e8967bbf6128c","size":24491,"path":"media/images/sample_predictions_6_981a02a535f161c04dae.png","format":"png","width":1200,"height":300},"_wandb":{"runtime":16},"train_loss":1.055963950231596,"_step":6,"epoch":5}