{"epoch":10,"_step":13,"epoch_time":5.977970838546753,"Model Run history":{"train_loss":[0.5547462267518974,0.4759258911116122,0.4611487939654455,0.44831834188574793,0.43951342274199284,0.4286954367314907,0.42160145962971357,0.4203666880035092,0.4166551101138454,0.41403194754654604],"train_acc":[0.8053518518518519,0.8323148148148148,0.8381296296296297,0.8415,0.8446481481481481,0.8485185185185186,0.852,0.8519629629629629,0.8540740740740741,0.8546666666666667],"val_loss":[0.4717487583536697,0.45792383755819355,0.42848162228961734,0.4537986112035761,0.4569871245965222,0.41264589798932655,0.40425634158224627,0.40017531047288873,0.39642382664514575,0.4093244619023278],"val_acc":[0.8336666666666667,0.8336666666666667,0.8446666666666667,0.8393333333333334,0.8418333333333333,0.8533333333333334,0.8576666666666667,0.856,0.8603333333333333,0.856]},"val_loss":0.4093244619023278,"_timestamp":1.7412012071975627e+09,"total_training_time":54.689234495162964,"val_accuracy":0.856,"_wandb":{"runtime":56},"_runtime":56.053264709,"train_accuracy":0.8546666666666667,"train_loss":0.41403194754654604,"confusion_matrix_table":{"sha256":"315e81d4688748a87d5ae6704b1b22f6f120c0caf2bb64bfd7dc7305c1aac252","size":2931,"artifact_path":"wandb-client-artifact://g2vawv0drrfm2f1er83j09f5v3pwkgufrv0taqtcqlvwtfegfei8u42zwvvwmennivnchfbikni4z7eze0e9sehngkhugvzbj3id2kq1ubq8zr5udrcb77iq9sbjm0e2/confusion_matrix_table.table.json","_latest_artifact_path":"wandb-client-artifact://ct6ofwcavqm2r2a52rfi0dy8dx8lz4rctw7wxo6f416ao30ahe9txrlw6axs0nbdnognkzigxasqb4wkntx97nvawmuc504k4y69ct29dffhbyjn9mahdjty4ynnh69d:latest/confusion_matrix_table.table.json","path":"media/table/confusion_matrix_table_13_315e81d4688748a87d5a.table.json","ncols":3,"nrows":100,"_type":"table-file"},"test_accuracy":0.8469}