{"epoch":40,"test_accuracy":0.8643,"_timestamp":1.74135130601664e+09,"_wandb":{"runtime":234},"_runtime":234.848967465,"val_loss":0.37319202588456896,"confusion_matrix_table":{"path":"media/table/confusion_matrix_table_43_3a7f32950f748b3f235c.table.json","ncols":3,"nrows":100,"_type":"table-file","sha256":"3a7f32950f748b3f235c8b265dd27f41e093add0412674e3f95f81810a35cd42","size":2932,"artifact_path":"wandb-client-artifact://o05f6qos65mef61k3s10s4rmggwjg5i24r017jjry3yrek0j9xqbka4oxlihcssx9f23yrsvfta87mtoadsmec4m2x6rqq157vvqzqfwlci1ate3y25lj64bnp9one7o/confusion_matrix_table.table.json","_latest_artifact_path":"wandb-client-artifact://mitg1inoh8sde4okzwj4e3k3t702cxhxjsg9m3fle3e6tinzrjwjw8gtk99zujxagjlgj174a6awj8g2vkr67h9djvim7sxrifcaebonbixietpua0s79wwq6y8f9mqk:latest/confusion_matrix_table.table.json"},"val_accuracy":0.877,"_step":43,"Model Run history":{"val_acc":[0.7413333333333333,0.843,0.8451666666666666,0.8581666666666666,0.8643333333333333,0.873,0.8553333333333333,0.8718333333333333,0.8585,0.8746666666666667,0.8808333333333334,0.8761666666666666,0.8658333333333333,0.8753333333333333,0.8676666666666667,0.8855,0.8771666666666667,0.881,0.8743333333333333,0.8755,0.8671666666666666,0.881,0.8753333333333333,0.8751666666666666,0.8665,0.8811666666666667,0.882,0.8765,0.871,0.8705,0.8826666666666667,0.8753333333333333,0.8416666666666667,0.8708333333333333,0.872,0.8756666666666667,0.8821666666666667,0.8723333333333333,0.8665,0.877],"train_loss":[0.548570260772448,0.41638275954180276,0.38859925349315033,0.37353483893292677,0.36394077810985365,0.3550727378505208,0.35098341485427464,0.34659607166073364,0.34159295207276946,0.3382520643467976,0.33360749958536934,0.3309577809934802,0.3296324540620632,0.3256947671707809,0.3264577439813858,0.3218367454951003,0.3189634161765747,0.315905236599279,0.31635687489180153,0.31337829963323055,0.3140475928707645,0.3121112436234905,0.3095656806410816,0.30986628065354777,0.3091716557327413,0.31026971079526716,0.309240420835889,0.30716316198730087,0.30670106190009244,0.30613134339098785,0.3034048289726311,0.30492775410084133,0.301974022641559,0.30049414836636457,0.3033111457047351,0.2994769249953709,0.2993862662800924,0.2992577262007247,0.2975205127175338,0.2973851043215211],"train_acc":[0.800074074074074,0.8509444444444444,0.8592962962962963,0.8645925925925926,0.8698148148148148,0.8730185185185185,0.8742037037037037,0.8757037037037037,0.8787222222222222,0.878537037037037,0.8807962962962963,0.8809814814814815,0.8825740740740741,0.8846111111111111,0.8848518518518519,0.8860370370370371,0.8868888888888888,0.8865555555555555,0.8865740740740741,0.888537037037037,0.8876481481481482,0.8887777777777778,0.8904814814814814,0.8893148148148148,0.8897592592592592,0.8900925925925925,0.8891111111111111,0.8901851851851852,0.8903888888888889,0.8909259259259259,0.8915,0.8909814814814815,0.8925,0.8921111111111111,0.8910185185185185,0.8934074074074074,0.8927407407407407,0.8925555555555555,0.8938518518518519,0.8937777777777778],"val_loss":[0.7475442729506621,0.415003316984024,0.43693364174031124,0.3843393176996369,0.39289888754154306,0.345003692357354,0.3909482116722669,0.35934037427490867,0.40210840901884076,0.3510265704926522,0.3333636753269322,0.34900812478899496,0.37982598682179114,0.35120324204965014,0.3760340147672918,0.32555024536037147,0.3356146946347304,0.33508125544808903,0.3561524164884135,0.35288915915425645,0.3851819533042547,0.3485422567897564,0.3543563480705824,0.34510000210690756,0.38495087513209797,0.3299779433215725,0.33789791170074324,0.35130144030450916,0.3733603504628993,0.35713232948535545,0.3380264212918521,0.35164791756968095,0.4865568080655453,0.36769388469560826,0.3476181276799654,0.3568841708882788,0.35341744765737615,0.36809916238898743,0.37014890807116924,0.37319202588456896]},"total_training_time":233.4127128124237,"train_loss":0.2973851043215211,"train_accuracy":0.8937777777777778,"epoch_time":5.808157920837402}