{"Model Run history":{"val_acc":[0.8243333333333334,0.8458333333333333,0.8565,0.8388333333333333,0.8478333333333333],"train_loss":[0.7165457151098585,0.5168500101585712,0.4693356701048813,0.4430318712140922,0.42379769412837454],"train_acc":[0.7721851851851852,0.8357037037037037,0.8485185185185186,0.8543888888888889,0.8583333333333333],"val_loss":[0.48803066181055643,0.43623579879784474,0.41028170377773426,0.44139938929623435,0.4202398546829188]},"total_training_time":17.645444631576538,"epoch":5,"_runtime":18.666086509,"train_loss":0.42379769412837454,"confusion_matrix_table":{"nrows":100,"_type":"table-file","sha256":"76edf64a16e8537c8c92847b3ac9fdb1da5c05fcd7a4e4924b11278eef186a7b","size":2929,"artifact_path":"wandb-client-artifact://leesty4xh3ok8no7fucjmjrlay3xnn86xtwrqgpa64xk2hq913qxwfz6579fdnbvb42ja3j29uc6l9p26y4sq6e3xl87u57h5jg077mlz6z3z4px8cs0x82yxywynvnw/confusion_matrix_table.table.json","_latest_artifact_path":"wandb-client-artifact://955ghtjoime2a83jwdhlstbpesifbiv5xvm481nuh819j1u92dhhshka838n0fqd37bymwj8ba7xtlqmrmfr0itqf0peh6n58lndlwsnjik31zd8w41jk9ow6qzgtqua:latest/confusion_matrix_table.table.json","path":"media/table/confusion_matrix_table_8_76edf64a16e8537c8c92.table.json","ncols":3},"_timestamp":1.7411937588579793e+09,"_wandb":{"runtime":18},"test_accuracy":0.8359,"_step":8,"val_loss":0.4202398546829188,"val_accuracy":0.8478333333333333,"epoch_time":3.0612077713012695,"train_accuracy":0.8583333333333333}