{"train_accuracy":0.18498148148148147,"test_accuracy":0.2178,"epoch_time":10.660494565963745,"_runtime":79.817052368,"val_loss":2.295119427944901,"Model Run history":{"train_acc":[0.13833333333333334,0.1505,0.10242592592592592,0.1739074074074074,0.18498148148148147],"val_loss":[2.2450191462206863,2.3115673196876174,2.3074239478622376,2.2800599464703786,2.295119427944901],"val_acc":[0.153,0.09283333333333334,0.1045,0.20366666666666666,0.22816666666666666],"train_loss":[2.341446173478107,2.687830569144637,3.144308064209904,4.100516056992506,5.362791670785209]},"val_accuracy":0.22816666666666666,"_step":8,"_wandb":{"runtime":79},"train_loss":5.362791670785209,"total_training_time":77.92795062065125,"_timestamp":1.741163974798966e+09,"confusion_matrix_table":{"sha256":"c324079f68f09bc1104aecc941278232679cbe0d28a2b3b51db7a982fdcbe2f5","size":2931,"artifact_path":"wandb-client-artifact://hktt1prjjq2fzhxox8dsyhch6xpetgdk0cawhw4rqmazp2egnn585x10cfht0eej0zp4rf1qt6c9fxsuqo4wq1iwo0htf0z59ruzaemnng44861wczjgs4w3v001dy28/confusion_matrix_table.table.json","_latest_artifact_path":"wandb-client-artifact://epzasknf0mogogf0znpdd3eym2t2t1ie2re6zgjibtho3se52m5f5c2t8hz0a7y9x3l8bn5aqnma0hdotdmkv7ub3hqv1sgclgopr8foak2ym6gmaf5ybmz9iljz93wb:latest/confusion_matrix_table.table.json","path":"media/table/confusion_matrix_table_8_c324079f68f09bc1104a.table.json","ncols":3,"nrows":100,"_type":"table-file"},"epoch":5}