{"train_loss":0.29896956981590533,"_runtime":55.889696267,"_step":12,"_timestamp":1.7409114892693539e+09,"val_loss":0.3331179159800611,"_wandb":{"runtime":55},"total_training_time":54.51899719238281,"confusion_matrix":{"height":800,"_type":"image-file","sha256":"05c11426ed0ea79c973a85d91cb364333215bc39e0f7275e1d6c6f0483374e0d","size":60942,"path":"media/images/confusion_matrix_12_05c11426ed0ea79c973a.png","format":"png","width":1000},"train_accuracy":0.89374,"val_accuracy":0.88,"test_accuracy":0.8702,"epoch_time":5.396171808242798,"epoch":10}