{"total_training_time":32.52568030357361,"_wandb":{"runtime":33},"val_accuracy":0.8755,"test_accuracy":0.8674,"epoch":5,"train_accuracy":0.8819,"confusion_matrix":{"format":"png","width":1000,"height":800,"_type":"image-file","sha256":"bc094c45500bf10621142bf177edd90bc4993b69c90c80d71846f1cb9132b28b","size":61601,"path":"media/images/confusion_matrix_7_bc094c45500bf1062114.png"},"train_loss":0.3271112613424271,"val_loss":0.34945030678872074,"epoch_time":6.292057275772095,"_runtime":33.828880181,"_timestamp":1.7409119869070091e+09,"_step":7}