{"_step":4,"val_loss":0.45220658334259073,"test_accuracy":0.831,"epoch_time":9.186057806015015,"val_accuracy":0.8388333333333333,"_timestamp":1.741005609654273e+09,"_wandb":{"runtime":19},"epoch":2,"total_training_time":18.43760871887207,"train_accuracy":0.8326296296296296,"_runtime":19.985355959,"train_loss":0.48496410438967674,"confusion_matrix":{"sha256":"eb47a8e778e94412008daf1830d31ed76a3be9ff7c93e4db5a33b083e0f38bdb","size":60423,"path":"media/images/confusion_matrix_4_eb47a8e778e94412008d.png","format":"png","width":1000,"height":800,"_type":"image-file"}}