{"confusion_matrix":{"format":"png","width":1000,"height":800,"_type":"image-file","sha256":"ba29f905a162b2c14de561cba143c7ec633c1a3b9064e30c0af526ea4cbf1c8c","size":60469,"path":"media/images/confusion_matrix_12_ba29f905a162b2c14de5.png"},"_runtime":52.099969951,"epoch":10,"_wandb":{"runtime":52},"_step":12,"val_loss":0.3357060778296066,"train_loss":0.29602586597981134,"total_training_time":50.77243638038635,"val_accuracy":0.8754,"epoch_time":4.993083238601685,"_timestamp":1.7409077361351633e+09,"test_accuracy":0.8676,"train_accuracy":0.89266}