{"train_accuracy":0.8475555555555555,"total_training_time":9.464020490646362,"epoch":5,"epoch_time":1.791243076324463,"Model Run history":{"val_acc":[0.839,0.829,0.8276666666666667,0.8386666666666667,0.8388333333333333],"train_loss":[0.5631681032428191,0.46014190758488027,0.448550512481132,0.4415016267569879,0.4384331173046897],"train_acc":[0.8078333333333333,0.8410185185185185,0.8455370370370371,0.8471666666666666,0.8475555555555555],"val_loss":[0.46580860731834606,0.4703703609963129,0.4791073768457577,0.45098835758418876,0.4554691736119725]},"train_loss":0.4384331173046897,"test_accuracy":0.8287,"_wandb":{"runtime":10},"confusion_matrix_table":{"_type":"table-file","sha256":"d48310d1e69e2489ef850637636005506f34d12aa1d5ea5ad495e1e912cc22b0","size":2937,"artifact_path":"wandb-client-artifact://zbew8kndrlwoqnae5jxdll15mjvgjcaivzs9ed4adwsbdgu86e7664gzsndrhhse7qc5fmumqcltmlrj3ge941rs3ha9ug9g89m6tpm5miuva1wz6n81hklicxk53uc7/confusion_matrix_table.table.json","_latest_artifact_path":"wandb-client-artifact://btknadpv3wnluck9452wiw8lsevp69hhh7cbbehowkn5bve1olfzipnufi9rxl7ir0wydfly2nx2ktebvblkxtpodq32dwzy5ml9kewddy3hawqg4bpijlwll8rbywr8:latest/confusion_matrix_table.table.json","path":"media/table/confusion_matrix_table_8_d48310d1e69e2489ef85.table.json","ncols":3,"nrows":100},"val_loss":0.4554691736119725,"_runtime":10.581547892,"_timestamp":1.741192717545558e+09,"_step":8,"val_accuracy":0.8388333333333333}