{"_runtime":8.641808703,"_timestamp":1.740908904674395e+09,"val_loss":0.37616913177961003,"val_accuracy":0.8628,"epoch":5,"train_accuracy":0.8757,"total_training_time":7.579094409942627,"confusion_matrix":{"size":59975,"path":"media/images/confusion_matrix_7_c1aed1956b77efc14e5b.png","format":"png","width":1000,"height":800,"_type":"image-file","sha256":"c1aed1956b77efc14e5b882d46548a2b3eda5b3d812e142c1d0e0d8380624cc5"},"test_accuracy":0.8579,"epoch_time":1.7448477745056152,"train_loss":0.3394531160220711,"_wandb":{"runtime":8},"_step":7}