{"val_accuracy":0.8453,"epoch":5,"_step":7,"train_loss":0.4442380419066585,"_wandb":{"runtime":9},"val_loss":0.44788934171286837,"_runtime":9.830462973,"total_training_time":8.758564233779907,"test_accuracy":0.8373,"confusion_matrix":{"format":"png","width":1000,"height":800,"_type":"image-file","sha256":"26c14c3fa373e60bf7c93f83a8e9da73278ad17764c26fd1a16217bd34514249","size":62763,"path":"media/images/confusion_matrix_7_26c14c3fa373e60bf7c9.png"},"train_accuracy":0.84512,"epoch_time":1.4822022914886475,"_timestamp":1.740912159714461e+09}