{"epoch":10,"_timestamp":1.7412000558691275e+09,"test_accuracy":0.8733,"Model Run history":{"val_loss":[0.44432225247918755,0.3672790668845973,0.3680177724858125,0.3844779752902865,0.32027217925646384,0.3264723778743994,0.36108601309938015,0.32087387066883155,0.32590691451506365,0.3256888365330492],"val_acc":[0.8346666666666667,0.8636666666666667,0.8665,0.86,0.8808333333333334,0.8771666666666667,0.8698333333333333,0.8848333333333334,0.8771666666666667,0.8843333333333333],"train_loss":[0.5048941877347295,0.39507347726464376,0.36371930131997243,0.34426819433831535,0.3307949346183431,0.319417050314554,0.3108395109398827,0.3019606287208864,0.294669086896001,0.2885253419674829],"train_acc":[0.8192777777777778,0.8575555555555555,0.8668888888888889,0.8733333333333333,0.8780740740740741,0.8830370370370371,0.885962962962963,0.8895185185185185,0.8912962962962963,0.8946296296296297]},"train_loss":0.2885253419674829,"_runtime":49.543823904999996,"val_loss":0.3256888365330492,"_step":13,"confusion_matrix_table":{"path":"media/table/confusion_matrix_table_13_a7f19dc724a77338e0a7.table.json","ncols":3,"nrows":100,"_type":"table-file","sha256":"a7f19dc724a77338e0a788e7207aa581503b4cfe904339ca6e45721e45460ec6","size":2931,"artifact_path":"wandb-client-artifact://g2kdylkme3pdkglmrpfq6edzq1vyfw5t35cdappyqlm7slrk0l6bqzrpr7iqx04wi4iqy4gh9fsttej0vtp69ideoo42q2hcs1y1r7ls10eaxfkdybhzdmunubg967g7/confusion_matrix_table.table.json","_latest_artifact_path":"wandb-client-artifact://o22rh850l7xdupqtg6rydgfed8ppzxyot5txlc80oj463owq29pb93oa8gvuqxzbpvqkm722phflf5iid14oiovhge3iqxi92jxpwpdgkdxcierrh7yo3a99ct6x0v7v:latest/confusion_matrix_table.table.json"},"val_accuracy":0.8843333333333333,"total_training_time":48.22873663902283,"epoch_time":4.925816297531128,"_wandb":{"runtime":49},"train_accuracy":0.8946296296296297}