{"_runtime":49.065771897,"_timestamp":1.7412028916764176e+09,"_step":8,"val_loss":0.33559273597919265,"val_accuracy":0.8741666666666666,"confusion_matrix_table":{"_latest_artifact_path":"wandb-client-artifact://wx4oecme3giykwbyv89zjr7bgy3y5hylgmq3z3i0jvpnon98rwhsvjsx2c2h1ut6654iwqpc1xeu1ie8ovmwl59gqs6qozoybj0qlyyrkf3rv7k07fgx6x3rvewut8ee:latest/confusion_matrix_table.table.json","path":"media/table/confusion_matrix_table_8_54f59e9a5169578679fe.table.json","ncols":3,"nrows":100,"_type":"table-file","sha256":"54f59e9a5169578679fec2c64de872b2520ca59c06bcd3e088240a58d777d4f6","size":2931,"artifact_path":"wandb-client-artifact://o7gb8fndept9xal67d4ych7hnf6ntw83rju61j0reui4s7bvjhhbsw95ye3y0evu0k1slmgoo5we0zf2gppk79fdhndhridhjbw622t5osm86nbchqlmgb88135owuje/confusion_matrix_table.table.json"},"epoch_time":9.998850107192993,"total_training_time":47.893999099731445,"epoch":5,"_wandb":{"runtime":49},"train_loss":0.3096624276674362,"Model Run history":{"train_loss":[0.6490960643997634,0.40693589680806463,0.36008964357913287,0.3292152634328129,0.3096624276674362],"train_acc":[0.754462962962963,0.8520740740740741,0.8680740740740741,0.8779259259259259,0.8865925925925926],"val_loss":[0.49439399083074476,0.40236531486960947,0.3602374996390811,0.33991023557107036,0.33559273597919265],"val_acc":[0.8181666666666667,0.8553333333333333,0.8643333333333333,0.8776666666666667,0.8741666666666666]},"test_accuracy":0.8692,"train_accuracy":0.8865925925925926}