{"test_accuracy":0.865,"Model Run history":{"train_loss":[0.5059676325607357,0.3940880959372672,0.36657647431311435,0.3471559455035724,0.33453564628304094,0.3246134116738358,0.3140250170100136,0.31262177575643585,0.30741938523180234,0.3026166830050351,0.30026792453880485,0.29268705711269843,0.29185676134215804,0.2866520330047568,0.2871686531356436],"train_acc":[0.8197407407407408,0.8571296296296296,0.8670925925925926,0.8734444444444445,0.8780185185185185,0.8818148148148148,0.8852777777777778,0.8851666666666667,0.8875925925925926,0.8882407407407408,0.8895,0.891462962962963,0.8944074074074074,0.8949814814814815,0.8939259259259259],"val_loss":[0.42029646382227837,0.3936938063508885,0.4327523915503982,0.37356254952490325,0.3374787406324983,0.351566139996666,0.3687912894404428,0.33597168491772283,0.34158619538075674,0.354493227210885,0.34501748909389135,0.3181371710489572,0.3108046527771609,0.34333162123280997,0.3225678047947486],"val_acc":[0.8436666666666667,0.847,0.8468333333333333,0.8636666666666667,0.8718333333333333,0.8713333333333333,0.8661666666666666,0.877,0.8746666666666667,0.8706666666666667,0.8726666666666667,0.8858333333333334,0.8918333333333334,0.8758333333333334,0.8781666666666667]},"train_accuracy":0.8939259259259259,"_wandb":{"runtime":86},"epoch":15,"_step":18,"confusion_matrix_table":{"_type":"table-file","sha256":"cf720ec4d7bf396d122c770e62d2b628098bd2857cd69bc94fea353b0bb7a748","size":2928,"artifact_path":"wandb-client-artifact://a3wii1locwnmlbkln2fi15bjfeqx4iptrdqawt684s77kdaauozrnxo0urev6umavfoeyg0a0e50mpr7myifwqsm0ho21m5v2032hpodkpku8tdcyse13rerwpcz5msy/confusion_matrix_table.table.json","_latest_artifact_path":"wandb-client-artifact://phwr3t3h2m1slosd5c7g3ft7fr6xklyot6n2hitzliqw46xzj64eoxdplwwvu9ybychfkj2itydeq3ky9zuh542wqrjs5tvb9y580gcqf1553ood8h4o6pcq6oqfqomn:latest/confusion_matrix_table.table.json","path":"media/table/confusion_matrix_table_18_cf720ec4d7bf396d122c.table.json","ncols":3,"nrows":100},"val_accuracy":0.8781666666666667,"total_training_time":85.02303671836853,"_timestamp":1.7413468928502612e+09,"val_loss":0.3225678047947486,"_runtime":86.172943377,"epoch_time":5.461775302886963,"train_loss":0.2871686531356436}