{"epoch":10,"confusion_matrix_table":{"sha256":"096bd7664ecf083fc8573ae09accef9a49448cb9ce5ad50d51c672898283e559","size":2928,"artifact_path":"wandb-client-artifact://ozlr9vz67qr9k1i9diva2pixr2ifkka7n5zxwbqvhtvhco14bnmk11fehlnpcwql60j4vth1ewffjnuc3hdlal1intzil4uzje9f2b52vs1v4hic3skitdd86o9zgjab/confusion_matrix_table.table.json","_latest_artifact_path":"wandb-client-artifact://3tvx44vu39uadk0ws4slt68ehmm6fm9my03tx07vp87k02fvn124vcj2gsmhxhb16y9fr1jwt9oksob08fpwxz2rxeq5btw25v8dem2elkdqe4h2m8cn2sjdqkkjw1ps:latest/confusion_matrix_table.table.json","path":"media/table/confusion_matrix_table_13_096bd7664ecf083fc857.table.json","ncols":3,"nrows":100,"_type":"table-file"},"total_training_time":138.9831519126892,"_runtime":140.399814188,"_wandb":{"runtime":140},"Model Run history":{"train_loss":[0.47895828990751543,0.37603337476028587,0.34913560209330385,0.3333654054762895,0.3220394748890658,0.31280814778019483,0.3067322485492155,0.29790541503532275,0.29422112608152506,0.2897502982728642],"train_acc":[0.8295185185185185,0.8639814814814815,0.8719629629629629,0.8786851851851852,0.8824814814814815,0.885537037037037,0.8880555555555556,0.8896851851851851,0.8915555555555555,0.8923148148148148],"val_loss":[0.3743669351771453,0.3415842158589528,0.3592471104483072,0.32429555114957276,0.3379136071339903,0.3386782659063721,0.3217371628776225,0.31691659275365475,0.3059558679625612,0.3095537830069257],"val_acc":[0.8575,0.874,0.8673333333333333,0.8771666666666667,0.8725,0.8716666666666667,0.8818333333333334,0.8816666666666667,0.888,0.8866666666666667]},"val_accuracy":0.8866666666666667,"train_loss":0.2897502982728642,"test_accuracy":0.871,"train_accuracy":0.8923148148148148,"epoch_time":14.119708061218262,"_timestamp":1.7412040296284552e+09,"_step":13,"val_loss":0.3095537830069257}