{"_timestamp":1.741202646193331e+09,"confusion_matrix_table":{"_type":"table-file","sha256":"ff99f73a2ad6bbbb3481ef9b488d2c89966562f7d515452204190e6d43092f03","size":2932,"artifact_path":"wandb-client-artifact://cxpdw8bzq6lqccwqt9lk8qgllj2t91huo42rgegzmd0zrgyhumj3ayef93wzyh6osl1azk3td0iu8cnmao6iygqz8yig2es6rneppr730s8v5sy1p632dh83q1j13gbz/confusion_matrix_table.table.json","_latest_artifact_path":"wandb-client-artifact://e9vy85dqz112hh7dgis3apsmgmf7p8lqwtqy5z9i1l9dsgxggxf1qe1c1w9rm3pyb687yxdusdp9l1ybmj3e82tmvodt7mb5zwhcnczwkoql4nrid674gtqp9wq26umh:latest/confusion_matrix_table.table.json","path":"media/table/confusion_matrix_table_8_ff99f73a2ad6bbbb3481.table.json","ncols":3,"nrows":100},"val_accuracy":0.878,"epoch_time":22.02161407470703,"val_loss":0.3296218538267323,"_runtime":106.035443181,"test_accuracy":0.8674,"total_training_time":104.88017916679382,"_step":8,"_wandb":{"runtime":106},"train_loss":0.34446679176291384,"epoch":5,"Model Run history":{"val_loss":[0.4448176041415098,0.37953985601791274,0.3640424267010384,0.367457791615296,0.3296218538267323],"val_acc":[0.8338333333333333,0.8563333333333333,0.8653333333333333,0.8621666666666666,0.878],"train_loss":[0.4924443746758512,0.4034902783101891,0.373342670128771,0.3563901772334638,0.34446679176291384],"train_acc":[0.8210185185185185,0.8549814814814815,0.8655185185185185,0.8720555555555556,0.8760925925925926]},"train_accuracy":0.8760925925925926}