{"confusion_matrix_table":{"ncols":3,"nrows":100,"_type":"table-file","sha256":"7ca0a220d1ef94de9a38298ee0d5208b0e8b5f68373ff228441b990b59e6e170","size":2912,"artifact_path":"wandb-client-artifact://ypsgqa4p21k2qjpwnxjohv42p3j79gwmjn7cy17tb2fymcfu6icvwapxnbqlplbuhi7x26atq70h0dcj2hb1u29tyj53i8isex1a8m9hc8ji10e059p6ypbqd0msh6gp/confusion_matrix_table.table.json","_latest_artifact_path":"wandb-client-artifact://ndl769zg0rip8lis2i6epkntxgbi9k3li6oyay69q3mt9dtx5uq9va3i95lhrs8208dy4mn336090lschb08i3urggcqaljnj4do4f0is7uhmx4kql12ujattvgg75b2:latest/confusion_matrix_table.table.json","path":"media/table/confusion_matrix_table_8_7ca0a220d1ef94de9a38.table.json"},"_step":8,"train_loss":2.302771042051412,"epoch":5,"Model Run history":{"train_loss":[2.302784844398333,2.3027967028560687,2.3027361698653355,2.3027935296077193,2.302771042051412],"train_acc":[0.09896296296296296,0.09853703703703703,0.09911111111111111,0.09846296296296296,0.09825925925925925],"val_loss":[2.302743280361408,2.3027638095923852,2.302815559609436,2.302810383307689,2.3026804552565983],"val_acc":[0.09433333333333334,0.09433333333333334,0.10016666666666667,0.09433333333333334,0.098]},"train_accuracy":0.09825925925925925,"val_accuracy":0.098,"_runtime":77.766894556,"total_training_time":76.50859189033508,"epoch_time":15.170471668243408,"val_loss":2.3026804552565983,"_wandb":{"runtime":77},"test_accuracy":0.1,"_timestamp":1.7411936750958219e+09}