{"total_training_time":21.00091004371643,"confusion_matrix_table":{"_latest_artifact_path":"wandb-client-artifact://j4n2injh3o08433487fkmvduewykoxuwnel3t8ox9vud8jx8t7d50aw3fdiv4wy95y8q69cwuw52vy2ak9tijxvosuy34hoeaytvvratv39i7t2u2z4sylbo4gpy9xkc:latest/confusion_matrix_table.table.json","path":"media/table/confusion_matrix_table_13_3fead87b7d07939f3b6e.table.json","ncols":3,"nrows":100,"_type":"table-file","sha256":"3fead87b7d07939f3b6e6fc25db8e53f20ee3cace3defcc3e647a5f2cb79eca4","size":2931,"artifact_path":"wandb-client-artifact://cs91qjd5l0l7kz5vzwpotx6ojfyvberk2pj7bdjaoygbsd010zqvrpu37thc2pq4cbvtkq4g1gzb1fq33bw76pnxyj8fn0ofjg0e03nl5jnlgvcqxquvetd2uwgr969g/confusion_matrix_table.table.json"},"test_accuracy":0.8611,"epoch_time":2.9970650672912598,"_runtime":22.225092203,"epoch":10,"_step":13,"Model Run history":{"train_acc":[0.7931296296296296,0.8527592592592592,0.8627962962962963,0.8709629629629629,0.8750555555555556,0.8766851851851852,0.8792037037037037,0.8823518518518518,0.8852407407407408,0.8853703703703704],"val_loss":[0.43851325417122944,0.4375128672270149,0.38846110790416594,0.40799028241628493,0.36654860562711283,0.38985330399634455,0.354863573242993,0.3699858079457679,0.35497798290441923,0.3641143267740076],"val_acc":[0.8453333333333334,0.8408333333333333,0.8623333333333333,0.8535,0.8673333333333333,0.8616666666666667,0.8758333333333334,0.8665,0.8706666666666667,0.8703333333333333],"train_loss":[0.5974526852826215,0.41402004461695013,0.3835110269693882,0.36096662620532505,0.34948756632083783,0.33941268142992914,0.33146867029454047,0.32208240178440617,0.31494183708445,0.3105815963881898]},"_timestamp":1.7412404040152247e+09,"val_accuracy":0.8703333333333333,"train_accuracy":0.8853703703703704,"train_loss":0.3105815963881898,"val_loss":0.3641143267740076,"_wandb":{"runtime":22}}