{"total_training_time":22.718623876571655,"_step":13,"train_accuracy":0.8951481481481481,"confusion_matrix_table":{"artifact_path":"wandb-client-artifact://0zdg0na35jgvcdnssm4vj0nbkriz74lr6qttjq76zl6wwfvd3azkypux2g1o39uq59kjlsq86dt7kmerynviyl85tdq7ra7gh29p9s5l0i860h6vbmvqu2210e1toq2i/confusion_matrix_table.table.json","_latest_artifact_path":"wandb-client-artifact://v5sfd40vvsrozc5p32t67kpbqe2kwk12dewtitcfkp0sao473dsnhdvtbyzrypoi6r47a0qcdw2wz88odyx3v8xeo1ux0cy5grjsex4dvj4ierzste6a22fcvwe0sgw4:latest/confusion_matrix_table.table.json","path":"media/table/confusion_matrix_table_13_57b142af114e5d5d01b8.table.json","ncols":3,"nrows":100,"_type":"table-file","sha256":"57b142af114e5d5d01b800325a89cb13f607aa77f1df57e99894e902fb57bac0","size":2932},"val_accuracy":0.882,"_wandb":{"runtime":23},"_runtime":23.851875802,"Model Run history":{"train_acc":[0.8022037037037038,0.8573333333333333,0.8680740740740741,0.8739444444444444,0.8795740740740741,0.8819814814814815,0.8852222222222222,0.8889259259259259,0.8908333333333334,0.8951481481481481],"val_loss":[0.4407491589907369,0.4200729386312814,0.38845850920905173,0.3839225301800858,0.3680951493818675,0.38322815386423115,0.36285856953873485,0.35243926539007264,0.35810926914405444,0.34412963614471004],"val_acc":[0.8433333333333334,0.8515,0.8625,0.8685,0.8726666666666667,0.867,0.874,0.879,0.877,0.882],"train_loss":[0.5822330964723383,0.4077287491136766,0.3753221221801566,0.3555123310188753,0.33864573730976455,0.3277093708403704,0.31501053209661223,0.3060780100274658,0.29890290813743864,0.2900967594637843]},"test_accuracy":0.8723,"epoch_time":3.784994125366211,"val_loss":0.34412963614471004,"epoch":10,"_timestamp":1.7412409180207448e+09,"train_loss":0.2900967594637843}