{"_wandb":{"runtime":45},"test_accuracy":0.8732,"_timestamp":1.7409085145812197e+09,"train_loss":0.282039846901745,"val_loss":0.33569042169508506,"confusion_matrix":{"height":800,"_type":"image-file","sha256":"9868166a2228c196ec7af89a9b7876b72f9c905be791db1c2d7cf00864f7dd5b","size":60735,"path":"media/images/confusion_matrix_12_9868166a2228c196ec7a.png","format":"png","width":1000},"_step":12,"val_accuracy":0.8775,"train_accuracy":0.8976,"total_training_time":44.36785006523132,"_runtime":45.873993235,"epoch_time":4.302661180496216,"epoch":10}