{"val_loss":0.36320858166496917,"_wandb":{"runtime":27},"_timestamp":1.7412420128864408e+09,"total_training_time":26.30654525756836,"epoch":10,"val_accuracy":0.8788333333333334,"_runtime":27.494952222,"epoch_time":3.0420053005218506,"train_loss":0.28947306815238033,"_step":13,"train_accuracy":0.8945740740740741,"confusion_matrix_table":{"_latest_artifact_path":"wandb-client-artifact://9e8qwvv5i6mht05vymf7g820a7vi0gxy44av2bl12q8wgcp2lfigxozcuvwhr1xq936fn1tmrhseut1uryenffvakv8k80oq558y54ho3b8bsoik24uaudjm32ceb8ur:latest/confusion_matrix_table.table.json","path":"media/table/confusion_matrix_table_13_87d913f905a3b81fc0fe.table.json","ncols":3,"nrows":100,"_type":"table-file","sha256":"87d913f905a3b81fc0fe425d55fa1e4fb40f3b1dc42e9445ccae2db53f78c23f","size":2931,"artifact_path":"wandb-client-artifact://4n15routsdb73h7m4gdlnxlh20kgwpfrkxl3im80qd9ytj7ylruq2rtji6deot57wy5ya0vhjiqghspz66gwojj89e87kh74umk80he9ugdj2j1hvfoim4zlpsmmzuol/confusion_matrix_table.table.json"},"test_accuracy":0.8687,"Model Run history":{"val_loss":[0.45132409441119437,0.42142333693944367,0.4097331680554373,0.3814428829886789,0.3679390331918545,0.35338796867473077,0.3542944868051601,0.35684406035136945,0.3687259425365634,0.36320858166496917],"val_acc":[0.8353333333333334,0.8513333333333334,0.8583333333333333,0.8675,0.87,0.879,0.8751666666666666,0.8755,0.875,0.8788333333333334],"train_loss":[0.5424590235246626,0.4026185985390767,0.3678740701681669,0.34825094921672745,0.331863595721094,0.3231106521604035,0.3114299073955693,0.3030478589610212,0.29538498927964046,0.28947306815238033],"train_acc":[0.8108333333333333,0.8572222222222222,0.8670555555555556,0.8737037037037036,0.8803333333333333,0.8822407407407408,0.8857037037037037,0.8878148148148148,0.8914074074074074,0.8945740740740741]}}