{"_step":0,"train_loss":33932.10616485264,"_timestamp":1.7411660676385303e+09,"_runtime":71.514650568,"val_loss":2.3376770697878064,"_wandb":{"runtime":116},"epoch":1,"epoch_time":70.92182946205139,"train_accuracy":0.09885185185185186,"val_accuracy":0.09783333333333333}