{"_runtime":139.472871165,"epoch":40,"train_accuracy":0.9197222222222222,"confusion_matrix_table":{"sha256":"0f56bd9ccc98f84f00b8648a54dd13e9bbac6f5828e95eb453599b3d7bdffded","size":2932,"artifact_path":"wandb-client-artifact://50r4hp7jzkmoi137ram04lj8g8nm979ht3e64ieuh82lgawyklwt78wcwd2obw1jswofsgfxje3eat3ij6v6d36mb5s471zyjajri5y1vqq75z1y5jb1ca3vdxvhm043/confusion_matrix_table.table.json","_latest_artifact_path":"wandb-client-artifact://a08it97zzyfgkeevb53lelgmwt1i4pk0ty7gzv4o9equrugrxfihewu918pf1lcybmt6nai1ssg93epgz80o13a5uxv5kuhcvei2twvcj1eve4q3l5mjmm4ykcajczzi:latest/confusion_matrix_table.table.json","path":"media/table/confusion_matrix_table_43_0f56bd9ccc98f84f00b8.table.json","ncols":3,"nrows":100,"_type":"table-file"},"val_accuracy":0.8878333333333334,"_step":43,"total_training_time":138.35979866981506,"val_loss":0.30785373278492495,"_timestamp":1.7413506704791985e+09,"Model Run history":{"train_loss":[0.7692838417420991,0.5056223169168589,0.4536102686463493,0.4249741652682833,0.4031699081389845,0.38602359954137905,0.37460186040945903,0.36265516360892086,0.35237751672931256,0.34269829702512256,0.33563356538831274,0.32866836269156796,0.32369018838699043,0.3150684140071479,0.31018687877691836,0.30473591887610746,0.29996949362407666,0.2949718679135634,0.28952751943300886,0.286329322624784,0.2813599625675342,0.2772597088901147,0.2745937825234694,0.269401282951561,0.2670018605006028,0.2630100070938147,0.2586416830622473,0.2570721246863313,0.2534374108014297,0.25030666444674265,0.2482511512655036,0.24574252169237287,0.2419511025723245,0.2389446982289596,0.23616182035271527,0.23508074088539097,0.23036126642204185,0.22865147212017192,0.22685496482077375,0.22336934270853365],"train_acc":[0.742,0.8230185185185185,0.8398703703703704,0.8506666666666667,0.8591666666666666,0.8639074074074075,0.8676851851851852,0.8726481481481482,0.8751851851851852,0.8785740740740741,0.8804074074074074,0.8820925925925925,0.8847037037037037,0.8871851851851852,0.8886111111111111,0.8897962962962963,0.8915925925925926,0.8926851851851851,0.8960370370370371,0.897425925925926,0.8987037037037037,0.9002407407407408,0.9005555555555556,0.9025925925925926,0.9021481481481481,0.9052592592592592,0.9064814814814814,0.9067222222222222,0.9084444444444445,0.9100555555555555,0.9099259259259259,0.910537037037037,0.9116296296296297,0.9127407407407407,0.9143518518518519,0.9141851851851852,0.916425925925926,0.9167777777777778,0.9166481481481481,0.9197222222222222],"val_loss":[0.5457800171717047,0.4746829127798076,0.4441019991017258,0.49221573522936046,0.4202769596643,0.38097843626718497,0.39423606018987783,0.3961228721364918,0.35629710049112523,0.3675981862625152,0.35040503720180577,0.3533724523343491,0.344378020160674,0.3357546577250862,0.33990230655523695,0.33450729405196694,0.3258904512258375,0.33355111417380934,0.32238315349551006,0.3281218644948911,0.3207641838291948,0.33729024752603487,0.3146474700878743,0.3248424970349786,0.33513977530567174,0.3212098978003725,0.3272432968007371,0.3057222102120385,0.3040087248556902,0.306912969689509,0.34390161057559315,0.3126564620147173,0.33030104628704443,0.3147174013491954,0.31518103419252985,0.30273704716278615,0.29426914228796747,0.3040443499749973,0.30007046204465987,0.30785373278492495],"val_acc":[0.8036666666666666,0.8278333333333333,0.838,0.8145,0.851,0.862,0.8526666666666667,0.8608333333333333,0.8696666666666667,0.8691666666666666,0.8746666666666667,0.8713333333333333,0.8703333333333333,0.878,0.8775,0.8801666666666667,0.8798333333333334,0.8771666666666667,0.8826666666666667,0.8818333333333334,0.8818333333333334,0.874,0.8843333333333333,0.8848333333333334,0.8803333333333333,0.8796666666666667,0.8753333333333333,0.8871666666666667,0.8928333333333334,0.8858333333333334,0.8768333333333334,0.8861666666666667,0.876,0.884,0.8861666666666667,0.8938333333333334,0.8935,0.8903333333333333,0.8903333333333333,0.8878333333333334]},"_wandb":{"runtime":139},"epoch_time":2.998952865600586,"train_loss":0.22336934270853365,"test_accuracy":0.879}