{"_step":43,"confusion_matrix_table":{"ncols":3,"nrows":100,"_type":"table-file","sha256":"ff9cf9f1d4d5a18272efa0bb6c282f208c9f39d96d4fde57d8910f1d0af53680","size":2930,"artifact_path":"wandb-client-artifact://lt970aphy98n7lm3n8bo91ryf5jp65aekg3okmdc2zygru6atkhsv11r92mn3bs9rpom553ldj0cfo011p1pijjvilnqcbk3wdk6b5nkf1hq0fs2rvntl2ek4dkatz0z/confusion_matrix_table.table.json","_latest_artifact_path":"wandb-client-artifact://2y5f6kxqmfykz22dgrpogxb5802il3x6yra0cu030nuui8hyx6tldhtopgjc50aj3ny49jkj0huwsccl6b4rsp96l0ydslx0q08pbgahdr902oo7f0ep4x3xpve9qwll:latest/confusion_matrix_table.table.json","path":"media/table/confusion_matrix_table_43_ff9cf9f1d4d5a18272ef.table.json"},"train_loss":0.1780034684415659,"val_accuracy":0.897,"_runtime":290.50984624,"_wandb":{"runtime":290},"Model Run history":{"val_acc":[0.828,0.8596666666666667,0.8643333333333333,0.8621666666666666,0.879,0.8855,0.8625,0.8778333333333334,0.8788333333333334,0.8868333333333334,0.8845,0.8848333333333334,0.8915,0.8948333333333334,0.8881666666666667,0.8941666666666667,0.8953333333333333,0.8893333333333333,0.891,0.9001666666666667,0.8861666666666667,0.8945,0.8935,0.8936666666666667,0.899,0.8981666666666667,0.8931666666666667,0.896,0.8968333333333334,0.895,0.8986666666666666,0.8928333333333334,0.8981666666666667,0.8943333333333333,0.9006666666666666,0.8916666666666667,0.891,0.9003333333333333,0.8966666666666666,0.897],"train_loss":[0.5988295851070851,0.4285864487717659,0.3876966678507056,0.36339684286886104,0.3454367127164753,0.3300045286001748,0.317439388224197,0.3085202366569638,0.2988289827526579,0.28930436603532117,0.2834614872976518,0.2769069233992662,0.26870531214529464,0.2632894804946586,0.2586257471718339,0.2521401139444641,0.24866601202411295,0.244119523815735,0.23967007726127698,0.23492304833856228,0.23153426343890432,0.22781540807791764,0.22442670119468056,0.22211763343443225,0.21746056516346893,0.21433298169618029,0.211628321308971,0.2084327406248991,0.20475706271224337,0.20292987052181963,0.19944327717413995,0.19750132816437346,0.1953006301008829,0.19339933326455472,0.18966193598421127,0.18775871696107596,0.1850416754329464,0.18345305420174352,0.1817668313470918,0.1780034684415659],"train_acc":[0.7948518518518518,0.8513148148148149,0.8628518518518519,0.8726666666666667,0.8797222222222222,0.8835185185185185,0.8886666666666667,0.8908148148148148,0.8940925925925925,0.8975185185185185,0.8994444444444445,0.9018518518518519,0.9039814814814815,0.9066666666666666,0.9081666666666667,0.9113333333333333,0.9111111111111111,0.9140925925925926,0.9144074074074074,0.9157592592592593,0.917537037037037,0.918962962962963,0.9206111111111112,0.9207592592592593,0.9231666666666667,0.9244259259259259,0.9252777777777778,0.9258703703703703,0.9276481481481481,0.9283148148148148,0.929037037037037,0.9301481481481482,0.931037037037037,0.9319074074074074,0.9330555555555555,0.9328148148148148,0.9352592592592592,0.9343333333333333,0.9361851851851852,0.936],"val_loss":[0.4602963021005895,0.386001016341244,0.3750561900561508,0.3662982990633725,0.3312942254209472,0.3252200885023392,0.36839771400161947,0.33135373633992093,0.32237662256034133,0.3177586421949651,0.3181022790746513,0.3305040138047441,0.3047255820134001,0.29316747824027095,0.3103170067356354,0.2983771160083604,0.29032420038543016,0.3023641712251345,0.30158285128138423,0.27967397079062956,0.3153305518527927,0.29401956092047565,0.2980613364045739,0.31000379187492755,0.28346643925091114,0.2845869994526672,0.2995226601047039,0.2859255084533118,0.2893948787482421,0.289037356855688,0.2982010961325181,0.2971248679916586,0.28703361143099826,0.2917565637006234,0.2913129268111075,0.31186425986330324,0.32074425087963704,0.28532687236365245,0.28412932518829,0.29369364081049715]},"epoch_time":6.820883750915527,"test_accuracy":0.8854,"_timestamp":1.7413540296842177e+09,"epoch":40,"train_accuracy":0.936,"total_training_time":289.1316440105438,"val_loss":0.29369364081049715}