{"_step":13,"confusion_matrix_table":{"nrows":100,"_type":"table-file","sha256":"d7ba0b2d6aa8009323dfded7f54a56fafc29ea687f4d9316e4f165c3e2d39ce6","size":2933,"artifact_path":"wandb-client-artifact://a70notecy8i3gbm45pw5in46ua5eslycuqm3kke8krhpu04y8jh37xmb8m765iissohkb8rwlovvi5krf58psyj5imgry2yos7jhgmi9nea9y4aridknz4oo4p20yq61/confusion_matrix_table.table.json","_latest_artifact_path":"wandb-client-artifact://z4ys37tx4ftlo70qpgn5lfu8j9i72w2pcooomsdxyk6hruftin2d24gtzmf0xaedkgvlmbfaz2zoretik77c9h6xgwxv6yc2z9233pvxpaeo6fnncxx0t1pa4sixllm2:latest/confusion_matrix_table.table.json","path":"media/table/confusion_matrix_table_13_d7ba0b2d6aa8009323df.table.json","ncols":3},"val_loss":0.43978396522055413,"_timestamp":1.7412046633587866e+09,"_wandb":{"runtime":168},"train_loss":0.4304360932137779,"total_training_time":166.99450659751892,"val_accuracy":0.8395,"train_accuracy":0.8500925925925926,"epoch":10,"_runtime":168.186028467,"epoch_time":16.917399168014526,"Model Run history":{"train_loss":[0.5545583742881156,0.47356931358262216,0.4587202747867992,0.4491782616284639,0.44134994002616335,0.43920396248792576,0.43650511343975384,0.4339041905034417,0.43234482710786465,0.4304360932137779],"train_acc":[0.8112222222222222,0.8359444444444445,0.8403148148148148,0.8431666666666666,0.8459814814814814,0.846574074074074,0.846925925925926,0.8486296296296296,0.8492222222222222,0.8500925925925926],"val_loss":[0.5185310722520857,0.43884742277117866,0.43540851471049763,0.44005821574018233,0.4173994175492436,0.4445453567369358,0.4504014346320917,0.4265293823571481,0.42455283492052553,0.43978396522055413],"val_acc":[0.8143333333333334,0.8475,0.8501666666666666,0.8393333333333334,0.8481666666666666,0.8386666666666667,0.8388333333333333,0.8423333333333334,0.8416666666666667,0.8395]},"test_accuracy":0.8353}