{"epoch":10,"total_training_time":85.84142255783081,"_timestamp":1.7409082272222037e+09,"train_loss":0.2847572739016694,"val_accuracy":0.8788,"epoch_time":8.5545334815979,"_step":12,"_runtime":87.098462462,"test_accuracy":0.8725,"train_accuracy":0.89684,"_wandb":{"runtime":87},"confusion_matrix":{"width":1000,"height":800,"_type":"image-file","sha256":"faded7b97fb15d109d44ccae78a01616a6d3dc3978ef0c99d8abfbb9f6dce368","size":60650,"path":"media/images/confusion_matrix_12_faded7b97fb15d109d44.png","format":"png"},"val_loss":0.334246678176448}