{"val_acc":0.7227,"train_loss":0.9639418980681899,"train_acc":0.71962,"test_accuracy":0.7099,"_runtime":22.241931041,"confusion_matrix":{"_type":"image-file","sha256":"0fa936edd4298cec3345ff91eadc3352a0d5502d997d76b40ba1ff9a893a36be","size":64379,"path":"media/images/confusion_matrix_23_0fa936edd4298cec3345.png","format":"png","width":1000,"height":800},"_wandb":{"runtime":22},"_timestamp":1.7407359243975873e+09,"_step":23,"val_loss":9.577602694308734,"epoch":1,"sample_predictions":{"format":"png","width":1200,"height":300,"_type":"image-file","sha256":"94b37a679f6839dc9a9a8aacbce0f222f369714b6d08b63ddb74379a918450c1","size":24203,"path":"media/images/sample_predictions_22_94b37a679f6839dc9a9a.png"}}