{"train_loss":0.3124461599634141,"total_training_time":23.7582106590271,"_step":13,"confusion_matrix_table":{"size":2929,"artifact_path":"wandb-client-artifact://yopgh9cfsvyyy6g5ycfe12mend5x7t8mn0jrw3w56htqg9212ewe8skn1nygf1l234rngubxtvj34yuwa3s82y9cx4bidmiuu4ktxvopvy1yrf35castnplwq3hfjimw/confusion_matrix_table.table.json","_latest_artifact_path":"wandb-client-artifact://5cnry9j9g2eplzol13cdrxc4zlwi18qs0g8bliwant8kzixsqq9y10mldgced4kvpc7xm744slq4phmbf3201kl2vtza9hhojfftrzp92j16cdrr9fm15da3o9p9zenc:latest/confusion_matrix_table.table.json","path":"media/table/confusion_matrix_table_13_4ec1a86caf6ade9cbbff.table.json","ncols":3,"nrows":100,"_type":"table-file","sha256":"4ec1a86caf6ade9cbbff3dec6764b6c307af7bb990dfc016e320a5b6f353ea65"},"_timestamp":1.7412413084406397e+09,"test_accuracy":0.8607,"Model Run history":{"val_loss":[0.4748932906508919,0.4162432812479464,0.4543905471941765,0.36900000366375435,0.3636762716009763,0.35743571169195143,0.35144889332999407,0.3791250511841569,0.37040521766965007,0.3628635687518496],"val_acc":[0.8286666666666667,0.8545,0.8358333333333333,0.8671666666666666,0.8696666666666667,0.8728333333333333,0.8785,0.8675,0.865,0.8693333333333333],"train_loss":[0.6184497641837318,0.42088692596791283,0.38984238614040645,0.36265395243623966,0.350646287674626,0.34020446144642486,0.3295973057687882,0.3256118466545966,0.3191592252323361,0.3124461599634141],"train_acc":[0.783537037037037,0.8501111111111112,0.8585925925925926,0.8683333333333333,0.8717592592592592,0.8759629629629629,0.8795925925925926,0.8797407407407407,0.882962962962963,0.8848518518518519]},"epoch_time":1.6990282535552979,"train_accuracy":0.8848518518518519,"_runtime":24.877993533,"epoch":10,"val_accuracy":0.8693333333333333,"val_loss":0.3628635687518496,"_wandb":{"runtime":24}}