{"total_training_time":10.961584329605103,"_runtime":12.140995942,"confusion_matrix_table":{"nrows":100,"_type":"table-file","sha256":"9b1e8315a10a6c50a4968cfb2f4a6e07e71c7840a3b0495bef9a1e649f69cb80","size":1787,"artifact_path":"wandb-client-artifact://cu1r89u89k377vn0ttelnphlsj9pudrek983mr5ktjt5mhz9sllsbb64zmxm24yz9zsjpig6uq442uvt0utdaypq2xfzy0198hr7ph8v6o5ws7cyp0xsdlzr0jmff8kh/confusion_matrix_table.table.json","_latest_artifact_path":"wandb-client-artifact://eyshdgql8kw8ceixrwhn9rcddfe3kbgprx1qai5q1hcnixnikiqho85stlod5qzty5w7jqlnz8xih2o6l0leur5y7p273jx7s3pj1hj1b8k2ge4tkasusy80ch5jmvy7:latest/confusion_matrix_table.table.json","path":"media/table/confusion_matrix_table_8_9b1e8315a10a6c50a496.table.json","ncols":3},"train_accuracy":0.1087962962962963,"train_loss":2.303079914848575,"val_loss":2.3029727486004785,"Model Run history":{"train_loss":[2.302588847944853,2.302573351501513,2.3027070221718993,2.302789696022246,2.303079914848575],"train_acc":[0.10996296296296296,0.11062962962962963,0.11018518518518519,0.11022222222222222,0.1087962962962963],"val_loss":[2.302658610879999,2.3034462694765185,2.303734530194984,2.3034372304309967,2.3029727486004785],"val_acc":[0.10516666666666667,0.10516666666666667,0.10516666666666667,0.10283333333333333,0.0995]},"test_accuracy":0.1032,"epoch":5,"val_accuracy":0.0995,"_step":8,"_timestamp":1.7422135270750735e+09,"_wandb":{"runtime":12},"epoch_time":1.8199646472930908}