{"Model Run history":{"train_acc":[0.8201296296296297,0.8418703703703704,0.8460555555555556,0.8491666666666666,0.8516296296296296,0.8533148148148149,0.8547777777777777,0.8564814814814815,0.8571481481481481,0.8602962962962963],"val_loss":[0.4734823507363708,0.4211474914107675,0.4584132730859099,0.4231705754258513,0.41511584527811823,0.41067319862561463,0.3951382876763622,0.4549863356710228,0.4032779546848559,0.39314537695939994],"val_acc":[0.8255,0.8468333333333333,0.8306666666666667,0.8481666666666666,0.845,0.8513333333333334,0.8535,0.8331666666666667,0.8525,0.8575],"train_loss":[0.5292893794650061,0.4496061266804229,0.43769264759432164,0.4295957678725611,0.42161077016402354,0.4155138669714516,0.4130258020684138,0.40712376179432846,0.4061858027181117,0.40057528959122735]},"_wandb":{"runtime":56},"test_accuracy":0.8541,"_timestamp":1.741200248154597e+09,"confusion_matrix_table":{"path":"media/table/confusion_matrix_table_13_749708ee3726aae9aeb0.table.json","ncols":3,"nrows":100,"_type":"table-file","sha256":"749708ee3726aae9aeb0ce4f673ed73d420454c913ba1dfec33e54d3cdfef464","size":2935,"artifact_path":"wandb-client-artifact://v9gx474xrwilnx5wsql1pek4iys1azsmv8d7j6vp2tde028y2yphrcyi5t3nflf8yyszh45tdh1k29124up8xcmwqx8kj4b0cmqb6ohxrc69hik8h5oqkpg6vaty4w56/confusion_matrix_table.table.json","_latest_artifact_path":"wandb-client-artifact://2q0fz7y0w3z9374suw6uherfnc5nrin6sur2cxp9xk7meztx09ypvhqdunrdapng176z859j7s389ri2br7sl6wktxdnuifhb44bqnuzo94yqt5qylydi0iiplujkug5:latest/confusion_matrix_table.table.json"},"val_loss":0.39314537695939994,"epoch":10,"total_training_time":55.374972105026245,"train_accuracy":0.8602962962962963,"_step":13,"epoch_time":5.900781869888306,"val_accuracy":0.8575,"train_loss":0.40057528959122735,"_runtime":56.537059486}