{"_wandb":{"runtime":27},"_step":12,"train_loss":0.3082231567361859,"epoch_time":2.9370815753936768,"_timestamp":1.7409076794804664e+09,"val_accuracy":0.864,"test_accuracy":0.856,"confusion_matrix":{"width":1000,"height":800,"_type":"image-file","sha256":"7915cc776cfd5222919f1ee57dbd6c38bc1d8e9f8f2529aaa7038899720673ff","size":59783,"path":"media/images/confusion_matrix_12_7915cc776cfd5222919f.png","format":"png"},"_runtime":27.804635045,"train_accuracy":0.88852,"epoch":10,"val_loss":0.37095636590724246,"total_training_time":26.45695209503174}