{"_timestamp":1.7412420991659358e+09,"total_training_time":24.985905408859253,"train_loss":0.33237501364546,"epoch_time":2.1356563568115234,"confusion_matrix_table":{"path":"media/table/confusion_matrix_table_13_5278eb519bd16001360d.table.json","ncols":3,"nrows":100,"_type":"table-file","sha256":"5278eb519bd16001360d296b166a65746275986f31f606ae7387c41d56d2d582","size":2933,"artifact_path":"wandb-client-artifact://ags0k6pkys80inkr7qsp7d78r3cvztyvebprap0msy5pltbf7f2rdpt2bm5p61f5lrq2tta4m2hswapbj3qy62iquyr1v4wqw0feyq3405gzgv69e1wic3r44c41v6a0/confusion_matrix_table.table.json","_latest_artifact_path":"wandb-client-artifact://lqljq408qv1xxw2t2wjw8yayfbooeanf7j5smzqaummkh5wlwemk5wlavue0vdzbn216mpaa8omeyje2fdgin5no26hj066yregv3ohtbi2pgb7mdnip7bhvb8w2758o:latest/confusion_matrix_table.table.json"},"val_accuracy":0.8705,"Model Run history":{"train_acc":[0.8138518518518518,0.8540185185185185,0.8637592592592592,0.8685925925925926,0.8708333333333333,0.8721481481481481,0.8763703703703704,0.8781851851851852,0.8777592592592592,0.8787962962962963],"val_loss":[0.42904871151181806,0.39829388824970824,0.3872311299627376,0.36461169756521855,0.3794716334944903,0.38031641882032263,0.3701748317368837,0.39298148370003305,0.3482855603802803,0.37139406921070367],"val_acc":[0.8463333333333334,0.8536666666666667,0.8591666666666666,0.867,0.8655,0.8656666666666667,0.8626666666666667,0.8586666666666667,0.873,0.8705],"train_loss":[0.5370830466814402,0.40798163087058875,0.3801401863345225,0.3663356392820953,0.35751206768857224,0.35118971583063485,0.34358685416864865,0.3382588596468431,0.33426332152722993,0.33237501364546]},"train_accuracy":0.8787962962962963,"test_accuracy":0.8622,"_step":13,"_runtime":26.155856631,"epoch":10,"val_loss":0.37139406921070367,"_wandb":{"runtime":26}}