{"_timestamp":1.740908132711809e+09,"_step":12,"train_accuracy":0.89048,"val_accuracy":0.8681,"total_training_time":28.6587553024292,"confusion_matrix":{"width":1000,"height":800,"_type":"image-file","sha256":"84e1b7578f6c28a840f3b510dd80b9ab62af66c4df712aa578afe1a5110b0875","size":60597,"path":"media/images/confusion_matrix_12_84e1b7578f6c28a840f3.png","format":"png"},"val_loss":0.3615941177190857,"train_loss":0.3051159225930891,"epoch":10,"test_accuracy":0.8629,"epoch_time":3.242300271987915,"_wandb":{"runtime":29},"_runtime":29.813641939}