{"val_loss":0.42862549275632583,"_step":8,"epoch":5,"test_accuracy":0.8366,"_timestamp":1.7412047672341776e+09,"total_training_time":97.15036725997925,"_runtime":98.32688242,"val_accuracy":0.8416666666666667,"_wandb":{"runtime":98},"train_accuracy":0.8465,"Model Run history":{"train_loss":[0.5565287612130594,0.4794482208244463,0.45731905591862954,0.4495922290832318,0.44218319671420764],"train_acc":[0.8080740740740741,0.8321851851851851,0.8400740740740741,0.8431851851851851,0.8465],"val_loss":[0.47474056664077047,0.45422526445904,0.4297739733062868,0.44435926292499567,0.42862549275632583],"val_acc":[0.8233333333333334,0.8368333333333333,0.847,0.8415,0.8416666666666667]},"epoch_time":20.47558045387268,"confusion_matrix_table":{"path":"media/table/confusion_matrix_table_8_8dac0649f8d2a763f693.table.json","ncols":3,"nrows":100,"_type":"table-file","sha256":"8dac0649f8d2a763f69327bbcfb9b60e7fb679dab9b1652d0b5158ac56f6bb8c","size":2936,"artifact_path":"wandb-client-artifact://tr5gl4jb4kr6st511p545ikxuz31r7rcifv3oeng7i8gp7iq3g4umy09wwhv5h7t6fkdbb4jmlczoz346mm3q1dnse9d7cr0gbxr4keet783a2l386kuxnpslsqqhwp1/confusion_matrix_table.table.json","_latest_artifact_path":"wandb-client-artifact://59x8bab1125cmsysosr0j091k5b30vnzj2n3u3mjhfjy8sb0lvvd1cv6rjxsqmxn3cma9xdbj99nkmxcjmr78b36f9fk04qo678oxscyelghivmaw7ngdckugw4l72oe:latest/confusion_matrix_table.table.json"},"train_loss":0.44218319671420764}