{"Model Run history":{"train_acc":[0.812037037037037,0.8593703703703703,0.8708518518518519,0.8800370370370371,0.8871111111111111,0.8912222222222222,0.8954444444444445,0.8978148148148148,0.8996851851851851,0.9024814814814814,0.9034814814814814,0.9065185185185185,0.9085740740740741,0.9096296296296297,0.9121851851851852,0.9122222222222223,0.9136296296296297,0.9141296296296296,0.9158333333333334,0.9167777777777778,0.9197962962962963,0.9196666666666666,0.9208888888888889,0.9217037037037037,0.9217407407407407,0.9245,0.9247962962962963,0.9256296296296296,0.9251111111111111,0.9254629629629629,0.9265925925925926,0.9280185185185185,0.9286296296296296,0.9284259259259259,0.9298333333333333,0.9296296296296296,0.9317777777777778,0.9321481481481482,0.9327407407407408,0.9346296296296296],"val_loss":[0.4453359887276024,0.37213180382425326,0.35488487082670417,0.3198523242291004,0.321080436521207,0.3296978484013455,0.3329664916984237,0.3200227130609722,0.31388589317484356,0.30922688529059245,0.3233128869097798,0.3049464526232506,0.2905445614473278,0.29905800606343125,0.29466461777921316,0.29345783127990743,0.3450569430426326,0.2976116435243032,0.29889332803762386,0.28979029888513474,0.2984685600427413,0.3154373287426296,0.31447447436901466,0.3243039052816101,0.29205116179675694,0.2944150662520777,0.2897590676321754,0.29549344195142596,0.2960190125589528,0.2832345785959846,0.29353202998739186,0.283951417282944,0.29465372468888534,0.32123349466099144,0.28087578209892966,0.29445963205312214,0.3085139822335885,0.3024543017663112,0.2926785443546357,0.2821567838845499],"val_acc":[0.8383333333333334,0.858,0.8631666666666666,0.8806666666666667,0.8836666666666667,0.8788333333333334,0.881,0.8838333333333334,0.8868333333333334,0.8893333333333333,0.8796666666666667,0.8871666666666667,0.8928333333333334,0.8913333333333333,0.8888333333333334,0.8936666666666667,0.8738333333333334,0.8928333333333334,0.8905,0.8943333333333333,0.8931666666666667,0.8846666666666667,0.8933333333333333,0.8886666666666667,0.8926666666666667,0.8968333333333334,0.897,0.8938333333333334,0.8936666666666667,0.8971666666666667,0.8948333333333334,0.8963333333333333,0.8931666666666667,0.8828333333333334,0.8973333333333333,0.8988333333333334,0.8915,0.8918333333333334,0.8956666666666667,0.8995],"train_loss":[0.5300349361354632,0.38315420647604376,0.35067089907795856,0.3284528940850702,0.3116217414670194,0.2974604928678745,0.2872400488292981,0.2796625718234058,0.27160156410226033,0.2654349350663534,0.25893520242251933,0.25117876708957143,0.2489295119802757,0.24419034785478252,0.23952077717711837,0.23506269522832368,0.23148825303185597,0.22941291815706083,0.22560733432158325,0.22173030177947547,0.2176377793007969,0.21381552316594357,0.21136332866476984,0.2104830644588003,0.20929145767298712,0.2036454933106857,0.20386315522627454,0.19968819517204986,0.19983460592120514,0.19927230522176206,0.19597989788511758,0.19283039899731091,0.1930032283365329,0.1902916256222504,0.18764207042171577,0.18734778229781535,0.18445437254514396,0.18360063742233848,0.1816919666117262,0.18058656247982768]},"val_accuracy":0.8995,"total_training_time":136.11476063728333,"val_loss":0.2821567838845499,"_wandb":{"runtime":137},"_runtime":137.256728175,"train_accuracy":0.9346296296296296,"_step":43,"epoch":40,"train_loss":0.18058656247982768,"_timestamp":1.7413587402732358e+09,"test_accuracy":0.8916,"confusion_matrix_table":{"_type":"table-file","sha256":"60476ae2e9dd2e63165f87d76e72402be99841dc812bd345c1029a8e62c9bf35","size":2931,"artifact_path":"wandb-client-artifact://3xbxwxdnhidne747fqvxicqxtwj6501vh6wsjs4gemo5empl7kyhdcozcv1l4bwlzbm3qayyxyh3nhu8la200g6tpt1zq08or9uva1wjixh9qlalni2lg1zmu2ju5lu4/confusion_matrix_table.table.json","_latest_artifact_path":"wandb-client-artifact://u8d9edetg1zkqajejcxbzpmi0vzdilmtzgbfbsq4435g1j8xfk1dfc05k79azppu61jwthvhayq5j369daqcb1cfvsth9gszl9ubb1l0z3o3i4zgfzu9xuo37it01aau:latest/confusion_matrix_table.table.json","path":"media/table/confusion_matrix_table_43_60476ae2e9dd2e63165f.table.json","ncols":3,"nrows":100},"epoch_time":2.8872199058532715}