{"val_accuracy":0.8728333333333333,"_step":13,"_runtime":19.571918219,"Model Run history":{"val_loss":[0.4182468844972827,0.43437362461939966,0.3862428609284264,0.3832568092107035,0.4063416981827768,0.45187800993087,0.38774889205498975,0.38410881096583277,0.3871953372950925,0.38351505151661924],"val_acc":[0.8493333333333334,0.8508333333333333,0.8646666666666667,0.8671666666666666,0.86,0.8495,0.8636666666666667,0.8698333333333333,0.8705,0.8728333333333333],"train_loss":[0.5454497900693887,0.419418977898348,0.39248056049583724,0.3784924049467321,0.36968197632538435,0.36729062567733134,0.36482460565612257,0.3599197328959503,0.35857647242909507,0.3582360413004909],"train_acc":[0.8110555555555555,0.8523703703703703,0.8613703703703703,0.8653518518518518,0.8695925925925926,0.8702962962962963,0.8710185185185185,0.8734444444444445,0.8725185185185185,0.8743333333333333]},"confusion_matrix_table":{"_latest_artifact_path":"wandb-client-artifact://wbf77es5yjg10bxj5bta0ulw96zo8hsoy0nu5d8hjrgyv9an4zo9gffeo7rf77ba5gxouyxw3ucz5buvsrqi7hs4rwzjifqs5v1eqn1uad1pr5b9bxpuvkssadw4gdmv:latest/confusion_matrix_table.table.json","path":"media/table/confusion_matrix_table_13_d731c7618e73b9361159.table.json","ncols":3,"nrows":100,"_type":"table-file","sha256":"d731c7618e73b93611593bbecf4578f3aff95f7e9bf7db6045a5eb77574d4b54","size":2930,"artifact_path":"wandb-client-artifact://htk6xu8h04fgjcxntdnjdg0p3y54zsdb0nbwvh9e32p22wvnb2mfjcqxpmatk5puzjb5nkzyz62j7k4qutnbgyc82bi8xa1yws5g76ss6137mc10yvc3i58ud44cx9z6/confusion_matrix_table.table.json"},"total_training_time":18.383503675460815,"epoch":10,"_timestamp":1.7412420427586687e+09,"val_loss":0.38351505151661924,"_wandb":{"runtime":19},"train_loss":0.3582360413004909,"test_accuracy":0.8583,"train_accuracy":0.8743333333333333,"epoch_time":1.6867473125457764}