{"_wandb":{"runtime":43},"train_accuracy":0.88964,"_runtime":43.168691796,"_step":12,"epoch":10,"_timestamp":1.7409084639183228e+09,"train_loss":0.30343897486042765,"confusion_matrix":{"path":"media/images/confusion_matrix_12_6de7f7449aa607539e36.png","format":"png","width":1000,"height":800,"_type":"image-file","sha256":"6de7f7449aa607539e368530e40210e215c05b2283b3ae1f9118d4a0512c46f1","size":61538},"test_accuracy":0.8669,"val_accuracy":0.8765,"epoch_time":4.046038866043091,"total_training_time":42.023560523986816,"val_loss":0.3405466182788698}