{"Model Run history":{"train_acc":[0.8018333333333333,0.8539444444444444,0.8633888888888889,0.8691481481481481,0.8753703703703704,0.8773148148148148,0.8795185185185185,0.8820555555555556,0.8855555555555555,0.8857777777777778],"val_loss":[0.5141240825739672,0.392880713268903,0.39012926682024796,0.3778697469095951,0.3647834071952736,0.3840974718423491,0.3784659378114962,0.34596733560442333,0.34876216651383646,0.3537528793056162],"val_acc":[0.8085,0.8605,0.8585,0.8663333333333333,0.8655,0.8616666666666667,0.8626666666666667,0.8735,0.881,0.8715],"train_loss":[0.5544331705446172,0.40819570412704526,0.37826813353884664,0.3595666963656892,0.346341126047709,0.3367358757825784,0.32890996792715016,0.32266403305933333,0.31456313176360506,0.31013215385949666]},"train_loss":0.31013215385949666,"_wandb":{"runtime":28},"total_training_time":27.38528060913086,"test_accuracy":0.8677,"confusion_matrix_table":{"nrows":100,"_type":"table-file","sha256":"38a51e994ecb0cc1d050a609e440346983ad4cd03eae1bd3bf66627652cf59be","size":2931,"artifact_path":"wandb-client-artifact://1gxx9miaybui03zuzhvmg09sprxcgdpognzwycpdzuzwt7sx1osmjy709p2sb2ybp77wsx705iecevilhpmjlj2q538yp9r48fx95slijedm1qyo5ctvawggcwala3mb/confusion_matrix_table.table.json","_latest_artifact_path":"wandb-client-artifact://4tcl82cm82sbf4bouuqsilj1mn3kbaf03vv725w68pypn290h3y5ynzsat08odqy53f9s3bma7l30golk1t7dzpuz5qujrrsva5mxs4c6b124afi4c4g0xql9uqvus3v:latest/confusion_matrix_table.table.json","path":"media/table/confusion_matrix_table_13_38a51e994ecb0cc1d050.table.json","ncols":3},"_timestamp":1.7412410478218138e+09,"train_accuracy":0.8857777777777778,"epoch":10,"val_loss":0.3537528793056162,"val_accuracy":0.8715,"epoch_time":3.1170880794525146,"_runtime":28.623664374,"_step":13}