{"test_accuracy":0.9634,"_wandb":{"runtime":12},"val_loss":0.125673981124234,"train_loss":0.07879492441664432,"total_training_time":11.7421395778656,"train_accuracy":0.9768518518518519,"_step":13,"epoch_time":1.0922393798828125,"Model Run history":{"val_acc":[0.932,0.9488333333333333,0.9513333333333334,0.959,0.9603333333333334,0.9623333333333334,0.9615,0.9638333333333333,0.9645,0.9605],"train_loss":[0.38679724111571306,0.19467613994746827,0.15559719967785657,0.13294959215680427,0.11853478697853874,0.10695363539756456,0.09820516887364594,0.0910063893365644,0.08517211749244635,0.07879492441664432],"train_acc":[0.8902592592592593,0.942962962962963,0.9542407407407407,0.9608888888888889,0.9649444444444445,0.968574074074074,0.9718518518518519,0.973462962962963,0.975574074074074,0.9768518518518519],"val_loss":[0.219316361685519,0.17409308981836352,0.1487856988978917,0.13195881812043203,0.12784872905657013,0.1262808555018973,0.12341115181115168,0.11709955412263802,0.11503133839565531,0.125673981124234]},"_timestamp":1.7422142557487798e+09,"_runtime":12.826989981,"confusion_matrix_table":{"artifact_path":"wandb-client-artifact://011dcibi6opa163qm18jzcjpctyzgny21e89x87q38jazruo17jv7vph4n21wgd4o8xdenmi3bz3wnntcy5x7ljc07mu9nkn035ul996nemqcw6wl9y9rpwv6o0gdp9y/confusion_matrix_table.table.json","_latest_artifact_path":"wandb-client-artifact://ijkg61ivphgksett4lmzi4ycm3tf39f200qk53mx0nny3hqh2ijk0tyf1fl7u9p18z1j2zbnt4680e9n0tj73wp9sqfx925hltnyp1eobqlec4rmqzfga78b6lnh3yyw:latest/confusion_matrix_table.table.json","path":"media/table/confusion_matrix_table_13_b44621cffee8ad854558.table.json","ncols":3,"nrows":100,"_type":"table-file","sha256":"b44621cffee8ad8545586eb7c1b0184d8e5909e0d86b59bd1f13246c1972f90f","size":1790},"epoch":10,"val_accuracy":0.9605}