{"epoch_time":4.640114068984985,"test_accuracy":0.8454,"Model Run history":{"train_acc":[0.7928703703703703,0.8348888888888889,0.8427407407407408,0.8442962962962963,0.8442037037037037,0.8485185185185186,0.8442407407407407,0.8449814814814814,0.8487037037037037,0.8469074074074074,0.8471111111111111,0.847574074074074,0.8469629629629629,0.8455925925925926,0.8481296296296297,0.8468518518518519,0.8469814814814814,0.8461666666666666,0.8480925925925926,0.8472222222222222,0.8483888888888889,0.8484444444444444,0.8466481481481481,0.8473333333333334,0.8478148148148148,0.8465925925925926,0.8481481481481481,0.8471851851851852,0.8488703703703704,0.8475370370370371,0.8493518518518518,0.8477962962962963,0.8477962962962963,0.8498333333333333,0.848925925925926,0.8508518518518519,0.8500740740740741,0.849037037037037,0.8494814814814815,0.8480185185185185],"val_loss":[0.46041240361004515,0.42524901517114494,0.4429662801902194,0.43945920401620336,0.39381093181161764,0.47020532336244814,0.469463716372785,0.416057801415536,0.41146449946333036,0.42709318982574007,0.3954094816070592,0.4120172618526853,0.4117251778859029,0.4104603393438917,0.434959331614519,0.4251633056284894,0.4246498941699343,0.4218567852164618,0.4028699852607475,0.39928895286301685,0.44862148717326356,0.44758575716829796,0.48165852161415285,0.47566212430206634,0.4386077111549421,0.4506959933998801,0.43262937593440826,0.39628425511900145,0.4306755632700981,0.3776120693810497,0.38549726856299044,0.4177471634053057,0.40866146156622984,0.4072017065979608,0.3978883672520878,0.3913939579238386,0.45667991733266944,0.3978211839912177,0.43089068080292314,0.3986747840886541],"val_acc":[0.8311666666666667,0.8398333333333333,0.8356666666666667,0.8371666666666666,0.8516666666666667,0.832,0.8255,0.8465,0.8485,0.845,0.858,0.844,0.8478333333333333,0.852,0.8355,0.848,0.8443333333333334,0.8448333333333333,0.8526666666666667,0.8531666666666666,0.8323333333333334,0.8325,0.8266666666666667,0.8218333333333333,0.8398333333333333,0.8343333333333334,0.8373333333333334,0.8536666666666667,0.8398333333333333,0.8623333333333333,0.8563333333333333,0.848,0.8418333333333333,0.8498333333333333,0.8505,0.856,0.8363333333333334,0.8595,0.8333333333333334,0.8515],"train_loss":[0.6125855280902582,0.47049143426663315,0.4466587388118647,0.43909575838593473,0.4364969212594185,0.429415528888105,0.4341770885307051,0.431457332068649,0.42779055592740955,0.42889186219441594,0.42848445522841166,0.42971190826810807,0.428255461649851,0.4298603750234855,0.42364298678509565,0.42691893156028293,0.4262200882879571,0.42802470240331475,0.4266197096984219,0.427601768302916,0.42344687855784086,0.42566034550243287,0.4282170750401012,0.4285484659116922,0.4274501187534876,0.42923927463340983,0.4247670463637808,0.4273060389428797,0.4240259744683489,0.4284364326404156,0.42487994575933624,0.4285501437640321,0.42363835481478995,0.4224482115879344,0.4211093917492577,0.41819633106698473,0.4224254435872265,0.4225561986160868,0.421804519335489,0.4257691665904495]},"epoch":40,"_runtime":177.04029428,"confusion_matrix_table":{"artifact_path":"wandb-client-artifact://wq8h3gmvtbo9x2wpu4xqagxn4w66i5bszcky3kjx4rn7t7bpdkll9lpnkcil58o5xsd3fyncu6r0899kfmejmivfe0md9xflsvn9anc6rd895nm70ad6r8wi7lmy846v/confusion_matrix_table.table.json","_latest_artifact_path":"wandb-client-artifact://9cmhqwhnsgf2vk3cd73iwi8dgoscisb6l2a156utka90gjm4gu5pim9ngg1t1bfv6hirn704qudbv4fwofamfjg9q397tjyqpnrv0kyvp1hm2skd831yi4srin43le78:latest/confusion_matrix_table.table.json","path":"media/table/confusion_matrix_table_43_5ca8ffd460d0c82e7069.table.json","ncols":3,"nrows":100,"_type":"table-file","sha256":"5ca8ffd460d0c82e706999eff384c58006e1218f86ebdae2979d25e710de4bc3","size":2933},"_step":43,"val_accuracy":0.8515,"_timestamp":1.7413412424404051e+09,"total_training_time":175.91125512123108,"train_accuracy":0.8480185185185185,"val_loss":0.3986747840886541,"train_loss":0.4257691665904495,"_wandb":{"runtime":177}}