{"val_accuracy":0.9413333333333334,"total_training_time":19.71798610687256,"epoch":10,"test_accuracy":0.9431,"train_loss":0.16181758537902785,"epoch_time":2.8306872844696045,"_runtime":20.775531617,"confusion_matrix_table":{"nrows":100,"_type":"table-file","sha256":"cd21a41f4f5ce18658073a7c7eb95e280792e7c48c5a4537de3eebf787ff4199","size":1801,"artifact_path":"wandb-client-artifact://nubzpawnltoz65rme9ec0davtjsrien171770zo9vjeht7pe4ipr52bogj3lq4ryzsksthc0zejyqk8b6xn6oaye3ohlwz50ze1mdmkcc3nuruutmf4wlhxy1zr2mznx/confusion_matrix_table.table.json","_latest_artifact_path":"wandb-client-artifact://62qicp5wv9ehzyr9ksrgbwumtwybrn1doiaefyonn5qtss8pdimqv49a3wu5womt2u19dogu3i9yurxi2nf62gq256qnv697kcirhev6bnn9vh2onb6yr5n8uqmx85rt:latest/confusion_matrix_table.table.json","path":"media/table/confusion_matrix_table_13_cd21a41f4f5ce1865807.table.json","ncols":3},"Model Run history":{"train_loss":[0.7439893891016169,0.32637688922050806,0.2743750436446061,0.24417968101382778,0.2227067618128029,0.20596510384663125,0.19200238782425205,0.18041267553591495,0.17049317935671782,0.16181758537902785],"train_acc":[0.7875740740740741,0.9081851851851852,0.9228333333333333,0.9312777777777778,0.9382962962962963,0.9425,0.9458148148148148,0.9493518518518519,0.9524444444444444,0.9543148148148148],"val_loss":[0.3872744124885092,0.31667520865619814,0.26992477588167485,0.24147900197628178,0.23483193726578291,0.22056610858830733,0.20705456200508873,0.19811880321494693,0.1783386847110685,0.1956907614173955],"val_acc":[0.886,0.9053333333333333,0.9183333333333333,0.9273333333333333,0.9283333333333333,0.9343333333333333,0.9385,0.9413333333333334,0.9471666666666667,0.9413333333333334]},"_wandb":{"runtime":20},"train_accuracy":0.9543148148148148,"_step":13,"_timestamp":1.7422138299624338e+09,"val_loss":0.1956907614173955}