{"epoch":10,"Model Run history":{"train_acc":[0.9099074074074074,0.9533333333333334,0.9644444444444444,0.9687407407407408,0.9722962962962963,0.975037037037037,0.978,0.979037037037037,0.980925925925926,0.9820925925925926],"val_loss":[0.16992294947742612,0.14999977958744645,0.13671794991094183,0.11683316893835882,0.12825356402018254,0.10931378194178705,0.12366651341687371,0.11939365259046025,0.12092110474838791,0.1206128393130348],"val_acc":[0.9466666666666667,0.9505,0.9558333333333333,0.964,0.9588333333333333,0.9653333333333334,0.9623333333333334,0.9651666666666666,0.9665,0.968],"train_loss":[0.3075749138832688,0.1552789814484759,0.1204024923599331,0.10272810591089417,0.08874573276881677,0.08020647689902509,0.07124643364149243,0.06580059842987782,0.05928467140454503,0.05469568975853855]},"val_loss":0.1206128393130348,"train_accuracy":0.9820925925925926,"total_training_time":18.44949984550476,"val_accuracy":0.968,"_wandb":{"runtime":19},"_timestamp":1.7422140540137453e+09,"train_loss":0.05469568975853855,"test_accuracy":0.9698,"_step":13,"epoch_time":2.1039552688598633,"_runtime":19.454589634,"confusion_matrix_table":{"ncols":3,"nrows":100,"_type":"table-file","sha256":"e9831d9ca1e35407057ea43bb3c9dbd5e04af44d23d1ddb85fe4237ec1c94d44","size":1789,"artifact_path":"wandb-client-artifact://lwnp41j58wsk3yfn5oycgrcckxcnfh6o31tcwgfvung8y4wjk2urtnb1i4mbgy5wbhh43cp81cuzymdb5bqult325xe2m86jl4ex5wigbkhaz26ycaa2qab49cjsbe8x/confusion_matrix_table.table.json","_latest_artifact_path":"wandb-client-artifact://gr5vj8dsxoep614zz8i4urmjtpa47vnjph9u95aipnrt75bktc3zkzpl6ion34z4o0qh4v4f88aakm9hwnirvf86xw0rzvp0goz2x11xjzzr1qthkren9qtvfao7syco:latest/confusion_matrix_table.table.json","path":"media/table/confusion_matrix_table_13_e9831d9ca1e35407057e.table.json"}}