{"val_loss":0.38667791034463944,"epoch":10,"val_accuracy":0.863,"_timestamp":1.7411944053365488e+09,"confusion_matrix_table":{"path":"media/table/confusion_matrix_table_13_deaa9d81b12077ec3a04.table.json","ncols":3,"nrows":100,"_type":"table-file","sha256":"deaa9d81b12077ec3a041a2764217d3791428cb521420ab261c444b43d81b19b","size":2931,"artifact_path":"wandb-client-artifact://lbepy9xwirdakyx6707vcv2gp7ec9jta4e8huelakxxjdcgfkk4e81e5we09ql4wpaazzeqrfjgzrv2662qy03xiwy28xo93yvpsp786xx43036m9eadb91yve93g53e/confusion_matrix_table.table.json","_latest_artifact_path":"wandb-client-artifact://0qt5sfki3oetr1o21ylxqgzvmzweu1il8jplfv78u1pcfu7d09507c8ecmr1qt7icte58yu10q4wjnt5dwvd5btsle1rzpwto1mllexra4hyv2b6xcjc54qvaringos4:latest/confusion_matrix_table.table.json"},"Model Run history":{"val_loss":[0.4850673865433632,0.42827804160605304,0.4205641485588042,0.47436275076491646,0.4216563110367046,0.39488899626006213,0.4216433711777025,0.4126341845648177,0.41674143754639986,0.38667791034463944],"val_acc":[0.8286666666666667,0.8485,0.8506666666666667,0.8216666666666667,0.8498333333333333,0.8563333333333333,0.8466666666666667,0.8511666666666666,0.8456666666666667,0.863],"train_loss":[0.6048267078505931,0.45541574538852525,0.42933209532350075,0.41137247753372613,0.40501526590145004,0.39214033080124205,0.3896598676033929,0.38144474856086397,0.37668097570263637,0.3752271456279067],"train_acc":[0.7819074074074074,0.8367222222222223,0.8453148148148149,0.853925925925926,0.8551666666666666,0.8593888888888889,0.8587037037037037,0.8611296296296296,0.864037037037037,0.8643148148148149]},"_wandb":{"runtime":17},"epoch_time":1.6542048454284668,"test_accuracy":0.8498,"total_training_time":15.999366998672485,"_runtime":17.016456422,"train_accuracy":0.8643148148148149,"train_loss":0.3752271456279067,"_step":13}