{"epoch":2,"train_accuracy":0.09898148148148148,"_step":4,"val_accuracy":0.09716666666666667,"val_loss":2.3028931699021147,"test_accuracy":0.1,"confusion_matrix":{"width":1000,"height":800,"_type":"image-file","sha256":"47392501462bcd459d8a774a650fad163e4b58b306d7a71d0dc893274f3e97d5","size":47624,"path":"media/images/confusion_matrix_4_47392501462bcd459d8a.png","format":"png"},"_runtime":8.450329784000001,"epoch_time":3.663586378097534,"_wandb":{"runtime":8},"_timestamp":1.7410053726645687e+09,"train_loss":2.30295869154083,"total_training_time":7.288084983825684}