{"epoch":10,"Model Run history":{"train_acc":[0.9083148148148148,0.950037037037037,0.9591851851851851,0.9631666666666666,0.9655185185185186,0.9686111111111111,0.9692777777777778,0.9706481481481481,0.9714259259259259,0.9725185185185186],"val_loss":[0.18187318227856697,0.1536162520250065,0.1404896503575966,0.1308070283896359,0.13920007993233396,0.11144891560285669,0.1307015983041572,0.11504815091294095,0.10701266322386632,0.1076765714907961],"val_acc":[0.9415,0.9521666666666667,0.958,0.9581666666666667,0.9551666666666667,0.9648333333333333,0.9583333333333334,0.9645,0.9655,0.9655],"train_loss":[0.29910953237752674,0.16830016496525685,0.1385939956226067,0.1255387541391334,0.11462400057610833,0.10594605729828173,0.10279661555102161,0.09813272962641507,0.09580436101621648,0.09144616710055169]},"_runtime":20.744087135,"val_accuracy":0.9655,"train_loss":0.09144616710055169,"total_training_time":19.555601358413696,"_wandb":{"runtime":20},"val_loss":0.1076765714907961,"confusion_matrix_table":{"artifact_path":"wandb-client-artifact://2fx11ndm0yk24iq1elbvpkmbh72wjzt3s13q73f5hrxi6kllz79cgo36tkb1d7iuzpud6l4behfl0817k8scljbu75085pfasggqypkk88yo7zqszd8b9mm8mygb99vz/confusion_matrix_table.table.json","_latest_artifact_path":"wandb-client-artifact://h66x9d63uoqv1jt4uw09ybsj9dx1aqbfjx80fdnoytlx1g4q6yy5h3un7hf9utgwnqlelaom4lhvi9hgmzjjcung0bvzxcs77gdmkcdchtg2iyxk08a7tizh8fxhkpdq:latest/confusion_matrix_table.table.json","path":"media/table/confusion_matrix_table_13_40a320b62a8ef8fbb69d.table.json","ncols":3,"nrows":100,"_type":"table-file","sha256":"40a320b62a8ef8fbb69dbc306fc88cff92afd962706f391c2a38087a7f9da107","size":1791},"test_accuracy":0.9655,"_step":13,"_timestamp":1.742213996254548e+09,"train_accuracy":0.9725185185185186,"epoch_time":1.8413186073303223}