{"_timestamp":1.7413592787568097e+09,"train_accuracy":0.9228703703703703,"_step":43,"_runtime":210.245804654,"epoch_time":5.1941978931427,"val_accuracy":0.8891666666666667,"Model Run history":{"val_loss":[0.48136339347608753,0.4236515703779831,0.39431922259944674,0.37652539163655974,0.40146703513623305,0.39766327674666613,0.3538602253535065,0.37829387204057685,0.36602766953930893,0.3316120583368696,0.32839262368609684,0.3226432029444064,0.31585777875599536,0.3380524455967957,0.3130010022398927,0.3190813302787214,0.3088877595769566,0.32067860588796804,0.30487039151791706,0.3140573797049863,0.2974282881684944,0.32835014356948794,0.3013988045180966,0.29790661012323394,0.2974468822027404,0.3102549722747973,0.2947445601575271,0.312993692903999,0.32393605675592796,0.29060785079219564,0.2905931121227084,0.2908751052239198,0.28877264391169627,0.3024273841757629,0.29541806675878063,0.3019917985557225,0.2869859024995811,0.2928168573243907,0.29829798213772846,0.3062809437145721],"val_acc":[0.821,0.842,0.8571666666666666,0.8638333333333333,0.8503333333333334,0.8528333333333333,0.8725,0.8643333333333333,0.86,0.8795,0.881,0.8838333333333334,0.8866666666666667,0.8728333333333333,0.89,0.8835,0.8856666666666667,0.8845,0.8903333333333333,0.8848333333333334,0.8926666666666667,0.8845,0.8901666666666667,0.8883333333333333,0.891,0.8875,0.8938333333333334,0.8896666666666667,0.8776666666666667,0.8965,0.894,0.895,0.894,0.8953333333333333,0.8965,0.8916666666666667,0.8956666666666667,0.8973333333333333,0.8946666666666667,0.8891666666666667],"train_loss":[0.6010284302433077,0.43407603803460154,0.3981518242304659,0.3764738991473338,0.36107662805719615,0.34765485019501297,0.33714345596259404,0.32792049490451614,0.3201387031707238,0.3127991325712858,0.30692557923835617,0.3011331200843308,0.2948840461338224,0.2896907459937252,0.2846364714146496,0.28065034126169597,0.27529715482322026,0.2724704568887715,0.2683028192128315,0.26390145115111846,0.26083687322859095,0.25849026462094815,0.2551824371731738,0.2521859648839253,0.2498404295705328,0.24614077148358093,0.24419157117490378,0.24121255750145362,0.23919331024443816,0.2352654316848417,0.23371801371127088,0.2319550451360021,0.22886214077200717,0.22702398298021437,0.2263534073334536,0.22326958082461834,0.22124010167858923,0.2191657233479079,0.21673439812356052,0.21535713837773796],"train_acc":[0.7946666666666666,0.8477037037037037,0.8596666666666667,0.8682592592592593,0.8728888888888889,0.8783518518518518,0.8812592592592593,0.8843518518518518,0.8872592592592593,0.888962962962963,0.8910185185185185,0.8930925925925925,0.8954814814814814,0.896962962962963,0.8987962962962963,0.8997222222222222,0.9024444444444445,0.9027962962962963,0.904425925925926,0.9065740740740741,0.9069259259259259,0.9076111111111111,0.9090185185185186,0.9104074074074074,0.9105185185185185,0.9126481481481481,0.9136851851851852,0.9137592592592593,0.9137407407407407,0.9153888888888889,0.9168703703703703,0.9173703703703704,0.9180925925925926,0.9197962962962963,0.9201481481481482,0.9212407407407407,0.9218888888888889,0.9227962962962963,0.9231111111111111,0.9228703703703703]},"epoch":40,"train_loss":0.21535713837773796,"_wandb":{"runtime":210},"test_accuracy":0.8779,"val_loss":0.3062809437145721,"total_training_time":208.03895163536072,"confusion_matrix_table":{"_latest_artifact_path":"wandb-client-artifact://majinnuqeg5gm2p1ag4qbezwsqj65ete5p1gins5piuvtr8o8u1qw0sl2iimoz4s7huvsej8nx0cadsfnrg2lse8n7iqnrtp4j5sztgfi1q15cd6vk3a7aea1oy09xua:latest/confusion_matrix_table.table.json","path":"media/table/confusion_matrix_table_43_030bbccf64b77d91c44c.table.json","ncols":3,"nrows":100,"_type":"table-file","sha256":"030bbccf64b77d91c44cbd771d2a90e8d9b7a441991826080abdf04db65e1b98","size":2930,"artifact_path":"wandb-client-artifact://t8yk9u8d9wra1kajso58rqolxztdo20xhavd0z01kspuuh0kgt8z0ytphmmcwfbs34oo5zr4h8m6z8w9z8kd1blq8re23r7iijeycd9z4e6xh8d1mbevmj9ts94m6lpp/confusion_matrix_table.table.json"}}