{"Model Run history":{"train_loss":[0.5555341990806342,0.39873670187487587,0.36142188929190233,0.33910957152227666,0.3230316259579256,0.3085205094335003,0.3006265284148416,0.2924832945152036,0.2804935583368553,0.2728813304395789,0.2705003448514688,0.26541901276686897,0.25613834719640344,0.25540644147869834,0.2487944642814286,0.2475544177754213,0.2392917437850286,0.23754315893191574,0.23483382716712692,0.23219414678909778,0.23092014461795693,0.22490087007999887,0.22249265579147898,0.21756328200695585,0.21708151093056452,0.21857567071221232,0.2170194417099418,0.21379477293881818,0.2097543791725631,0.21092753421840105,0.20983712785956565,0.20518024284849207,0.2050163102314693,0.20226843804579292,0.2009357644905943,0.1994054287785593,0.19237302740547632,0.19844299213170843,0.19531864741807442,0.19308583936300538],"train_acc":[0.8024814814814815,0.8568148148148148,0.8684074074074074,0.8759629629629629,0.8815,0.8852037037037037,0.8888518518518519,0.8913333333333333,0.8961851851851852,0.8988518518518519,0.8980370370370371,0.9020370370370371,0.9042592592592592,0.9042592592592592,0.9080370370370371,0.9078333333333334,0.9103888888888889,0.910425925925926,0.9123888888888889,0.9135740740740741,0.9138518518518518,0.9165555555555556,0.9179259259259259,0.9184814814814815,0.9182407407407407,0.9179444444444445,0.919537037037037,0.9203888888888889,0.9207222222222222,0.9211481481481482,0.9212407407407407,0.9243703703703704,0.9231111111111111,0.9243703703703704,0.9256111111111112,0.9258518518518518,0.9287222222222222,0.9257962962962963,0.9277037037037037,0.927962962962963],"val_loss":[0.4537695864632349,0.46497800681360246,0.40990435704368167,0.37047584945512485,0.3497072809692382,0.32062402322383654,0.3107236664718512,0.3152054468415588,0.3027384207405267,0.3253217743104061,0.3126917694851763,0.33696859593301765,0.29508143722864233,0.2990691145043714,0.30033507225276607,0.32581622437847413,0.3047523507564006,0.274104578902207,0.31837912595765594,0.2976570300597333,0.29191162738119686,0.30538563360008014,0.3065668876055455,0.27788046922678494,0.29518157812911566,0.29187091618123756,0.3174678427005731,0.294202099504063,0.3088209756943782,0.2913015794617296,0.2892997595568269,0.2981710539570626,0.2886400006121253,0.3011287857714161,0.2935061900972353,0.29608357356829446,0.3011456312768898,0.28949426347071144,0.29513585444208107,0.2891003332545832],"val_acc":[0.8325,0.8155,0.8423333333333334,0.8641666666666666,0.8695,0.8813333333333333,0.8886666666666667,0.8843333333333333,0.8868333333333334,0.881,0.8821666666666667,0.8791666666666667,0.8943333333333333,0.8915,0.8861666666666667,0.8786666666666667,0.8896666666666667,0.8983333333333333,0.8861666666666667,0.8868333333333334,0.894,0.8881666666666667,0.8898333333333334,0.9008333333333334,0.894,0.893,0.8891666666666667,0.8963333333333333,0.8933333333333333,0.894,0.8976666666666666,0.8945,0.8983333333333333,0.8933333333333333,0.8973333333333333,0.8953333333333333,0.8968333333333334,0.8958333333333334,0.8983333333333333,0.8933333333333333]},"_step":43,"total_training_time":205.28459358215332,"train_loss":0.19308583936300538,"_timestamp":1.7413521188173344e+09,"_wandb":{"runtime":206},"epoch":40,"val_accuracy":0.8933333333333333,"test_accuracy":0.885,"confusion_matrix_table":{"_type":"table-file","sha256":"169381f5cd51b7917f6844017a4272ff3a3a1a8f8ccc1f8838d9af53c90d971c","size":2929,"artifact_path":"wandb-client-artifact://rivrgg5upwiydss7whgjve9xry17g70qkee0y7hsdsm1lwykfyjimk1gozt8fb65ezjyb5gcx1sx8bspzixmexyfor89k3kp3u4kmpn7pb5bxbpwnf2qgirm3y5x3ryq/confusion_matrix_table.table.json","_latest_artifact_path":"wandb-client-artifact://vkkc1h08uwws23k48a32f409hfll5sqlexmk0974ps4pwbkn0p47n3iat28tgqqz3yke6f4iky1ckoyo576b77m6y1anr2fwhz77h9rvwdx7mbelu0qgbem08q8r8435:latest/confusion_matrix_table.table.json","path":"media/table/confusion_matrix_table_43_169381f5cd51b7917f68.table.json","ncols":3,"nrows":100},"_runtime":206.945917821,"val_loss":0.2891003332545832,"epoch_time":5.040862321853638,"train_accuracy":0.927962962962963}