{"epoch_time":12.301691055297852,"_runtime":58.307277416,"val_loss":0.3320489988997251,"total_training_time":57.11414122581482,"_step":8,"_timestamp":1.74119493087177e+09,"val_accuracy":0.8798333333333334,"_wandb":{"runtime":58},"epoch":5,"train_accuracy":0.8763888888888889,"train_loss":0.34238065680500424,"confusion_matrix_table":{"_latest_artifact_path":"wandb-client-artifact://sjlhh1oou367w27d1mu9t5nwhyrvgvmw28miriwuubx7io4nok0g4j6zmoh79hxurscqm0n8fekillcyvf27a0ccptrdxckviajxkpvmf698kmf47dlpirzqwtmy0t88:latest/confusion_matrix_table.table.json","path":"media/table/confusion_matrix_table_8_7bb9970dba98c1d93cd2.table.json","ncols":3,"nrows":100,"_type":"table-file","sha256":"7bb9970dba98c1d93cd2bb77da2b67e4260b07e02e8626b67818b24a12704ab7","size":2929,"artifact_path":"wandb-client-artifact://3w2yjcj9axg113hbc0rl4qzndq8luz98hrzdtrcd8svquaur07h0b95jlb1ffdl8mg743brq0ahtdbrm236ncp7115sm68obfb5kghbtttagtp4y2m894bwv97qbgwtb/confusion_matrix_table.table.json"},"test_accuracy":0.8689,"Model Run history":{"train_loss":[0.5408631994528151,0.411584502998919,0.37745601545419516,0.3569501684652571,0.34238065680500424],"train_acc":[0.8092962962962963,0.8536481481481482,0.8657222222222222,0.8717777777777778,0.8763888888888889],"val_loss":[0.46377859260554277,0.3705910365541356,0.39066936825631354,0.35840615965943495,0.3320489988997251],"val_acc":[0.8293333333333334,0.867,0.8588333333333333,0.8733333333333333,0.8798333333333334]}}