{"_wandb":{"runtime":79},"_timestamp":1.7409078214691238e+09,"train_accuracy":0.09758,"val_loss":2.3038922679143443,"epoch_time":7.376567125320435,"_runtime":79.115741997,"train_loss":2.3031098802335928,"val_accuracy":0.0955,"confusion_matrix":{"sha256":"d718fd620d48d3de254bd7d6b123b64f2097c537aec1fda468eee27dd764429b","size":48048,"path":"media/images/confusion_matrix_12_d718fd620d48d3de254b.png","format":"png","width":1000,"height":800,"_type":"image-file"},"total_training_time":77.74536609649658,"epoch":10,"_step":12,"test_accuracy":0.1}