{"train_accuracy":0.860537037037037,"val_loss":0.37658313531982357,"_timestamp":1.7410062259742868e+09,"test_accuracy":0.8533,"val_accuracy":0.8626666666666667,"confusion_matrix":{"_type":"image-file","sha256":"461722974f12507b6f2f7c6d3650d7c21c5dc7bdf5aafd1850922546c05cf50a","size":60133,"path":"media/images/confusion_matrix_4_461722974f12507b6f2f.png","format":"png","width":1000,"height":800},"epoch_time":2.259929656982422,"_step":4,"total_training_time":4.492900371551514,"train_loss":0.38294556415337305,"_runtime":5.738899257,"epoch":2,"_wandb":{"runtime":5}}