{"_timestamp":1.741241881377914e+09,"_wandb":{"runtime":19},"confusion_matrix_table":{"path":"media/table/confusion_matrix_table_13_ff562840e7dde522c18f.table.json","ncols":3,"nrows":100,"_type":"table-file","sha256":"ff562840e7dde522c18f9fd11d1d4c381f8ee89b085aea06490914b850d73cf9","size":2932,"artifact_path":"wandb-client-artifact://1c8d2z0xfq9a89xs943lv6qzyh0duimhdorrtu16me3xw9mgsaw27sryauuehlq5x1gl2kf01a2h1rurika96k62yyes075zdpponphi5fyfxxoithiv7k7tb6jobhpu/confusion_matrix_table.table.json","_latest_artifact_path":"wandb-client-artifact://vo7i0tyksu6h3k7ouxx7p1xpfchtp648q71ebjafzkeijql1fpbm66msflsxiha4rn0d9c508cw45srwqxzrd21ko36th97cq1vpcitq82s1qdyylmy7rg6gm10er8mj:latest/confusion_matrix_table.table.json"},"test_accuracy":0.8745,"train_loss":0.26869219101344605,"Model Run history":{"train_acc":[0.8045,0.8570555555555556,0.8693703703703703,0.8788703703703704,0.8846666666666667,0.8882962962962963,0.8932962962962963,0.8959074074074074,0.8975,0.9004629629629629],"val_loss":[0.4431093653467133,0.37830951413490965,0.40847331785667323,0.3889306348398012,0.3691715930525223,0.3769034655673537,0.37756827252559855,0.35406428372583787,0.44280268957612284,0.3534468652255426],"val_acc":[0.8411666666666666,0.8683333333333333,0.8516666666666667,0.8663333333333333,0.8676666666666667,0.8678333333333333,0.876,0.8816666666666667,0.872,0.8826666666666667],"train_loss":[0.5499969436668914,0.3948386444118211,0.3551089719516557,0.3316657657234092,0.3139536424117477,0.3032788347285233,0.29092238414669863,0.28322307938005786,0.27535732754456843,0.26869219101344605]},"val_accuracy":0.8826666666666667,"_runtime":19.852796526,"epoch":10,"epoch_time":2.1120059490203857,"_step":13,"val_loss":0.3534468652255426,"train_accuracy":0.9004629629629629,"total_training_time":18.82610011100769}