{"_step":13,"val_accuracy":0.8791666666666667,"_wandb":{"runtime":17},"train_accuracy":0.9043888888888889,"val_loss":0.342130782364893,"_timestamp":1.7412421225296557e+09,"Model Run history":{"train_loss":[0.5435920277217943,0.38264532294413395,0.34862382424122634,0.3262441463837553,0.309792391721949,0.29758445864399863,0.28647194432522544,0.27713232647154745,0.2714498366021024,0.26307650664100474],"train_acc":[0.8142407407407407,0.863037037037037,0.8752407407407408,0.8822407407407408,0.887462962962963,0.8919814814814815,0.8952962962962963,0.8996666666666666,0.9002592592592593,0.9043888888888889],"val_loss":[0.4258254625322296,0.3858801212454462,0.3638818738283301,0.3631033079937266,0.37140213745680695,0.35132129714074684,0.32976887008326605,0.3432999132655791,0.34272799577078095,0.342130782364893],"val_acc":[0.8463333333333334,0.8661666666666666,0.8741666666666666,0.8703333333333333,0.8703333333333333,0.875,0.8843333333333333,0.8805,0.8786666666666667,0.8791666666666667]},"test_accuracy":0.8627,"epoch_time":2.0759079456329346,"epoch":10,"total_training_time":15.957245826721191,"_runtime":17.018728621,"confusion_matrix_table":{"artifact_path":"wandb-client-artifact://w5q2v23tviav0126o6ssls1lc9ftyn9e9zf6c14etss1aglf6gevc4z5lgo895xtg0313n4efmjucczt1s17f1sludz75pqcs4scv4xvtrot4gwzezu3xdo29ecwnpxx/confusion_matrix_table.table.json","_latest_artifact_path":"wandb-client-artifact://xrvs42uncruts5v5zzgagcee2raupaq4vjk8rrs2j4q5ru51sjifmp2unfhy9d7473d7b0fwrupabdyt17kovzg5o7tyzko8uxdhhuy7ms2l3fhajehfgct8qrwt1bq8:latest/confusion_matrix_table.table.json","path":"media/table/confusion_matrix_table_13_b4c854770a014377e375.table.json","ncols":3,"nrows":100,"_type":"table-file","sha256":"b4c854770a014377e375753ba2d06b07a80214d24bcff8fe957e2e857c4e1994","size":2928},"train_loss":0.26307650664100474}