{"epoch":5,"test_accuracy":0.822,"val_accuracy":0.8351666666666666,"val_loss":0.4637700743324142,"epoch_time":6.310497045516968,"confusion_matrix_table":{"artifact_path":"wandb-client-artifact://zijvwm52x69hgqmv204pqb9m7yizrlfgjxg9tcgoqs3g08mv46722rpzgh4v8pwwgqpv4stsmwje26hdh66izs3tsi35l75e8z08l8kqxtrnvspbs0sl4hrsax0ltef5/confusion_matrix_table.table.json","_latest_artifact_path":"wandb-client-artifact://apuv8anq2497lbg9d4o9hvlkr6rmsye18z8qsnks3fb7mx32yl4g4qzh8gcx9rnbocjm23hfgblvk2tz33mf9xtz6lphuc6oe8axy4syts3m0yatjmzdrnrojmw7ikfi:latest/confusion_matrix_table.table.json","path":"media/table/confusion_matrix_table_8_abff084d4e9a0ddf33a0.table.json","ncols":3,"nrows":100,"_type":"table-file","sha256":"abff084d4e9a0ddf33a0a5989cc66e7381c4052fab817b35ab47d649f228d117","size":2933},"_runtime":31.293219512,"total_training_time":30.191641569137573,"_step":8,"train_accuracy":0.8255185185185185,"_wandb":{"runtime":31},"train_loss":0.4919011906970331,"Model Run history":{"val_loss":[0.5336910396164776,0.5140000243747634,0.4470000743295374,0.47793771429253895,0.4637700743324142],"val_acc":[0.8055,0.7956666666666666,0.8403333333333334,0.815,0.8351666666666666],"train_loss":[0.6142113427825132,0.5067388298568934,0.49454163845192106,0.4904479145346531,0.4919011906970331],"train_acc":[0.7865925925925926,0.8211481481481482,0.8246296296296296,0.8268703703703704,0.8255185185185185]},"_timestamp":1.7412008188643909e+09}