{"_runtime":17.812125229,"total_training_time":16.582051515579224,"_wandb":{"runtime":17},"epoch":5,"val_loss":2.30269362672499,"val_accuracy":0.0955,"confusion_matrix":{"size":48048,"path":"media/images/confusion_matrix_7_d718fd620d48d3de254b.png","format":"png","width":1000,"height":800,"_type":"image-file","sha256":"d718fd620d48d3de254bd7d6b123b64f2097c537aec1fda468eee27dd764429b"},"train_accuracy":0.10008,"test_accuracy":0.1,"_step":7,"train_loss":2.3025889648838787,"_timestamp":1.7409070431994631e+09,"epoch_time":3.420898199081421}