{"_timestamp":1.7411932034202983e+09,"confusion_matrix_table":{"sha256":"1ece3ce01bc2dbc37de05a2ec0f7450a407e7f8f6c5b2a1eb7ebe773b9af81c3","size":2933,"artifact_path":"wandb-client-artifact://b2w05icdajbh7p1xeywt02koqp51m259tlk5ipelfgyamib6za9get29aj306ei8tjtspzqoi6coizlz7j1shv3cnogdo11keu5ypkkxbbd2nau78zs2zj00iqpnnv6k/confusion_matrix_table.table.json","_latest_artifact_path":"wandb-client-artifact://hnmwo6o97wfbu9b4gatfkza1fheo0gd0684wj1qnrxcspcf67jg3tg4yxkgeusiipg8zrvs54nfpys38o0ingvclpr5jdddg86evlnzggl02tqexmwez1p3lmvpa3g99:latest/confusion_matrix_table.table.json","path":"media/table/confusion_matrix_table_8_1ece3ce01bc2dbc37de0.table.json","ncols":3,"nrows":100,"_type":"table-file"},"total_training_time":125.25739431381226,"_runtime":127.265919636,"Model Run history":{"val_acc":[0.8296666666666667,0.8378333333333333,0.8393333333333334,0.853,0.8386666666666667],"train_loss":[0.5652963248114107,0.4806163721223958,0.45961590036506467,0.4486841463802179,0.44158848024015795],"train_acc":[0.8104259259259259,0.8326296296296296,0.839,0.8440555555555556,0.8456111111111111],"val_loss":[0.46754831555685955,0.4496712053893442,0.4507816054446624,0.4227630021524103,0.45027536557443615]},"epoch_time":21.479098320007324,"_step":8,"_wandb":{"runtime":127},"train_loss":0.44158848024015795,"val_loss":0.45027536557443615,"train_accuracy":0.8456111111111111,"test_accuracy":0.829,"val_accuracy":0.8386666666666667,"epoch":5}