{"epoch":5,"total_training_time":9.309742212295532,"epoch_time":1.441094160079956,"_wandb":{"runtime":10},"val_accuracy":0.9441666666666667,"val_loss":0.19326556000110978,"train_loss":0.19629596402174088,"train_accuracy":0.9467962962962962,"_step":8,"_timestamp":1.742213904591465e+09,"Model Run history":{"val_acc":[0.9273333333333333,0.935,0.9415,0.9396666666666667,0.9441666666666667],"train_loss":[0.37244835966585976,0.23376722802166242,0.21467487838310986,0.20229494746897156,0.19629596402174088],"train_acc":[0.8928333333333334,0.9365925925925926,0.9404259259259259,0.9445740740740741,0.9467962962962962],"val_loss":[0.25320810468918975,0.22356946612124837,0.20164369308166813,0.20803073443115205,0.19326556000110978]},"confusion_matrix_table":{"size":1802,"artifact_path":"wandb-client-artifact://dnuz1e10fkzhbx0uwcbzw98uir6z6ikua19pad2vve5xxfqoalhju38p5msru5zbcg52180f2qx3ygh3kclu0qp4ysvdn2affx979udkq5rc66h4m71e4a09cpvl8blf/confusion_matrix_table.table.json","_latest_artifact_path":"wandb-client-artifact://h6kyc02i2i926m0n970m6k6zrub66dd5tc64lfhqdbovgt4vb8qa0hzhncspq6rhbgw8f3mhg0ou8nsp0xfcpadho828x6rmogkxdqsfdohw5hxlzvzh0htgu0ifqxpt:latest/confusion_matrix_table.table.json","path":"media/table/confusion_matrix_table_8_b687261f0ce2bf0d9bf2.table.json","ncols":3,"nrows":100,"_type":"table-file","sha256":"b687261f0ce2bf0d9bf21fcc4cfc1c18333ae3cc1787e6b74f92f54095de0512"},"_runtime":10.345701857,"test_accuracy":0.9492}