{"epoch_time":10.207894325256348,"epoch":40,"val_accuracy":0.8961666666666667,"confusion_matrix_table":{"nrows":100,"_type":"table-file","sha256":"b432141e5b92632e55e0b836459081d71cd71ceea7df88737cf14ebef14164af","size":2926,"artifact_path":"wandb-client-artifact://t60ctqfa16g81lt5hp8mtvkssko40ydsz45u7g86vfayzy0xi9bjjbbcf9vcsksa0hfyvfuuva92wbayjpp4tg56fnps1cevqx8uej0o54ljljo7ouqgaj84cx3wbx7p/confusion_matrix_table.table.json","_latest_artifact_path":"wandb-client-artifact://h50kvp3hz4sg9w1wipooxcab171n7xl7osuz0ewziusn53zwciwioxcezuwifq44t95neny31ua08r2vwbdhrug9zowew4s65dkmnm6vvf15nr8x0xrinpodbl1g3e52:latest/confusion_matrix_table.table.json","path":"media/table/confusion_matrix_table_43_b432141e5b92632e55e0.table.json","ncols":3},"total_training_time":389.66184878349304,"_wandb":{"runtime":390},"_step":43,"_runtime":390.983253382,"train_accuracy":0.9179259259259259,"test_accuracy":0.8888,"val_loss":0.2908348403215204,"_timestamp":1.7413474465369291e+09,"Model Run history":{"train_loss":[0.5310019154453297,0.3960500875745671,0.3662547979311306,0.3414790847579466,0.3227386565947885,0.31171502825392383,0.3032749354301401,0.2935695162821392,0.2871432168758881,0.2821055686242435,0.27341690584503,0.2657660937620653,0.2701066589998622,0.26354237769478195,0.2589957001808386,0.25577610693140934,0.2534110299955095,0.24959844291995736,0.2509715570549195,0.24553896953919738,0.24259913837106803,0.24356193219716177,0.2398326675261484,0.24043028504202568,0.23803629025687587,0.2346814131212091,0.23155469735508696,0.23186385479042435,0.22978672461403205,0.23063344202640557,0.22524289344661066,0.22845145598177632,0.2271317115486912,0.22877002118055398,0.22287969452099962,0.2221811427173994,0.22289248098655182,0.22270102072956965,0.22020884182611886,0.21807760120074093],"train_acc":[0.8147407407407408,0.86,0.8698703703703704,0.8760740740740741,0.8829259259259259,0.8868518518518519,0.8905555555555555,0.8924444444444445,0.8948148148148148,0.8969259259259259,0.898425925925926,0.900962962962963,0.8993703703703704,0.9025185185185185,0.9036481481481482,0.905425925925926,0.9053333333333333,0.9078148148148149,0.9065185185185185,0.9100555555555555,0.910074074074074,0.9089444444444444,0.9115555555555556,0.9112777777777777,0.9111296296296296,0.9133333333333333,0.9145185185185185,0.9133148148148148,0.9154444444444444,0.9142962962962963,0.9163148148148148,0.9149814814814815,0.9146666666666666,0.9140370370370371,0.9173703703703704,0.9168518518518518,0.9175925925925926,0.9171666666666667,0.9183333333333333,0.9179259259259259],"val_loss":[0.4205350166187486,0.3910608466080752,0.3846704113665144,0.342156084553307,0.31732738390200343,0.3251113230970581,0.3552838922255852,0.32662985110852444,0.3145700073004145,0.3184418906194276,0.29151788134223705,0.30612982303271863,0.29841351177185255,0.30579316211439844,0.31305038850466244,0.32420672724462885,0.31460258476971,0.2914332853635403,0.29380280675255305,0.30002112282979315,0.3011201419317777,0.2921800197381791,0.30805191459661313,0.2946889520548832,0.28382965547623756,0.27938051104698863,0.2927011699400565,0.2927760904270871,0.32312123873864224,0.3213021804381582,0.3090869843010922,0.2848791862266424,0.29212943554084586,0.2849797147616496,0.3435076413663449,0.329172231074761,0.3100413950046882,0.32366733935053577,0.3027728284066777,0.2908348403215204],"val_acc":[0.8433333333333334,0.852,0.8545,0.8676666666666667,0.8845,0.8776666666666667,0.8658333333333333,0.8771666666666667,0.886,0.8836666666666667,0.8918333333333334,0.8841666666666667,0.8906666666666667,0.8856666666666667,0.8848333333333334,0.886,0.8863333333333333,0.894,0.8903333333333333,0.8946666666666667,0.8925,0.8916666666666667,0.8886666666666667,0.8905,0.8973333333333333,0.898,0.895,0.8903333333333333,0.8835,0.8791666666666667,0.8893333333333333,0.8933333333333333,0.8938333333333334,0.8931666666666667,0.8721666666666666,0.8785,0.888,0.8846666666666667,0.891,0.8961666666666667]},"train_loss":0.21807760120074093}