{"_runtime":117.333387129,"epoch_time":7.452650547027588,"train_loss":0.22646275215833672,"_step":18,"test_accuracy":0.8863,"_wandb":{"runtime":117},"_timestamp":1.7413415363756175e+09,"val_accuracy":0.896,"confusion_matrix_table":{"artifact_path":"wandb-client-artifact://m3aid4y2hmw642w8r8ivfb8cv3jl4g0ixfnjts1261dubb9sz762wjxc9lb95ankotwk8djbcxlxthit4b8ue9if9u4pe4e4mi0i9i6i56q2xixyfxa19mlyjcqro5tw/confusion_matrix_table.table.json","_latest_artifact_path":"wandb-client-artifact://b14n1koabca0arm8knw9z5tcbu3dnox04xbdq12zgi98b9d9gib23dtggxhzrpdg2bu4ejnn9dwt26noz7cahzeu8jczu3iv03kcxb76qnsutolavjhhzeih6cb3411s:latest/confusion_matrix_table.table.json","path":"media/table/confusion_matrix_table_18_e668a63e33bf27fecece.table.json","ncols":3,"nrows":100,"_type":"table-file","sha256":"e668a63e33bf27fecece27de0d4bc5bb82eca423979a3848a0db94291c3dde6b","size":2930},"total_training_time":116.01031112670898,"Model Run history":{"train_loss":[0.5138511760802147,0.3787074806441737,0.34382886545938685,0.31916391976751074,0.3052372113615034,0.2894127314915544,0.2786412043891634,0.26804992400197064,0.2604940775649892,0.2524913725662047,0.2468895761438701,0.23775856788606725,0.23671992512069054,0.23065040881634158,0.22646275215833672],"train_acc":[0.8187962962962962,0.865037037037037,0.8752592592592593,0.8848888888888888,0.8896666666666667,0.8943148148148148,0.8986296296296297,0.9019444444444444,0.9047962962962963,0.9073148148148148,0.9089444444444444,0.9127962962962963,0.9129814814814815,0.9154444444444444,0.9162777777777777],"val_loss":[0.42003248518925435,0.36895879101518664,0.34955509456893386,0.33127528424536157,0.31840724916992147,0.363763689490242,0.29700076086224536,0.2975126629091534,0.3014140366212272,0.30171111517436744,0.28661211633780015,0.3087311114631478,0.306364915920737,0.281190958429826,0.2894451798075963],"val_acc":[0.8431666666666666,0.8668333333333333,0.8715,0.8795,0.882,0.8633333333333333,0.8918333333333334,0.8896666666666667,0.8896666666666667,0.8881666666666667,0.8941666666666667,0.884,0.8841666666666667,0.8985,0.896]},"train_accuracy":0.9162777777777777,"val_loss":0.2894451798075963,"epoch":15}