{"confusion_matrix":{"size":60706,"path":"media/images/confusion_matrix_4_59dafd295b067562234d.png","format":"png","width":1000,"height":800,"_type":"image-file","sha256":"59dafd295b067562234dc404bbb1e33d31630a26ff348a152fc978703576ec10"},"_wandb":{"runtime":22},"train_accuracy":0.8575555555555555,"_runtime":22.971234236,"_step":4,"epoch_time":10.08453917503357,"val_loss":0.4235261673822362,"test_accuracy":0.8275,"val_accuracy":0.8363333333333334,"total_training_time":21.143313884735107,"epoch":2,"train_loss":0.38976338406184297,"_timestamp":1.7410062545399814e+09}