{"val_loss":0.31028514937891,"_timestamp":1.7413440397361531e+09,"confusion_matrix_table":{"path":"media/table/confusion_matrix_table_43_0b8e974c621820179937.table.json","ncols":3,"nrows":100,"_type":"table-file","sha256":"0b8e974c6218201799374ce945a40f5b33afa71c60eede9616fe86d33f06fc5d","size":2932,"artifact_path":"wandb-client-artifact://p5vi4qteno1694jvht9bafg5qxtlo33bwp85ca8n5j9ixt7391tz7jc543fshxqk9rtccxz9dlzlx7je0ph9ezam32czp9j72m9uw3blej7c50kafu3mqvoinspkc420/confusion_matrix_table.table.json","_latest_artifact_path":"wandb-client-artifact://am7gyume306rh5bs0vrepj4tksc9m5noar5pipxfrr896h61zb0uxeee8y9d3ipz6it14cu7lob2l0nbpzifs78h5gz4yoybow2tql2fqr0d056532zr43sffj7htab3:latest/confusion_matrix_table.table.json"},"_step":43,"_runtime":99.322613809,"test_accuracy":0.883,"epoch":40,"train_loss":0.18118437664490963,"_wandb":{"runtime":99},"val_accuracy":0.8945,"train_accuracy":0.9321296296296296,"epoch_time":2.2497949600219727,"Model Run history":{"val_acc":[0.847,0.8645,0.8733333333333333,0.8746666666666667,0.8576666666666667,0.883,0.8846666666666667,0.8868333333333334,0.8863333333333333,0.8903333333333333,0.8903333333333333,0.8831666666666667,0.8835,0.8863333333333333,0.8881666666666667,0.8968333333333334,0.8693333333333333,0.8973333333333333,0.8855,0.8913333333333333,0.893,0.893,0.8916666666666667,0.893,0.8966666666666666,0.8873333333333333,0.8948333333333334,0.8916666666666667,0.8983333333333333,0.8958333333333334,0.8816666666666667,0.8865,0.8856666666666667,0.8941666666666667,0.8915,0.8983333333333333,0.8923333333333333,0.8933333333333333,0.8985,0.8945],"train_loss":[0.5326165210914496,0.3862775633501731,0.3527387529430972,0.3293894893842367,0.31029439704682943,0.29926681358522506,0.2890365270769269,0.27969914225155507,0.2735668399922662,0.26578874312153533,0.2591199177751243,0.25282515536427397,0.24930626796337724,0.24334136949713112,0.2382398949573785,0.23540118643022356,0.2313931123313558,0.22866891271577616,0.22521507223883233,0.22136144110366918,0.21795186442509631,0.2170956893761608,0.2109623777750419,0.21093378005793262,0.20736802369011573,0.2065233056825302,0.20376372742257404,0.20136052747524655,0.1999376612468223,0.19642547986796907,0.1943542492906538,0.19489255043144996,0.19115029245074835,0.1887161880987285,0.1880049200859193,0.18713810969718697,0.18466045530658623,0.18543211057512185,0.18212863661959683,0.18118437664490963],"train_acc":[0.8123148148148148,0.8602037037037037,0.8705185185185185,0.8803333333333333,0.8868888888888888,0.8908148148148148,0.8932962962962963,0.8966851851851851,0.8987037037037037,0.9004074074074074,0.9042222222222223,0.9063518518518519,0.9075925925925926,0.9089444444444444,0.911425925925926,0.9126851851851852,0.9140185185185186,0.9163703703703704,0.9154444444444444,0.9164629629629629,0.9182962962962963,0.9198333333333333,0.9215185185185185,0.9214444444444444,0.9232962962962963,0.922537037037037,0.9252962962962963,0.9249444444444445,0.9251296296296296,0.9265555555555556,0.9275740740740741,0.9272777777777778,0.9285,0.9292777777777778,0.9295,0.9303888888888889,0.9309444444444445,0.9303703703703704,0.9327037037037037,0.9321296296296296],"val_loss":[0.4275991576931658,0.3687063595377388,0.3426627368605908,0.3373395129611726,0.3723136458898073,0.3150659805468227,0.3130465436961855,0.3121779952358036,0.304859384543735,0.30850138999409266,0.30966324633347336,0.3267977728509851,0.3234774424673662,0.3176852329622036,0.3139219197850153,0.29487150904240955,0.34150146503975254,0.2907589594284396,0.30870949058008773,0.30985468245654424,0.31636907492235783,0.3119030200352729,0.30491099107857617,0.29813531874321403,0.2929745079737094,0.3193257345309216,0.30357158469755946,0.3040208176384993,0.2960478911852105,0.30327078684564585,0.33593268789332453,0.3156339038398747,0.3419408961392038,0.3126502176915129,0.30843576268128986,0.3171770287397092,0.31745696968878817,0.3076399227669964,0.30759389330923864,0.31028514937891]},"total_training_time":98.20677614212036}