{"_wandb":{"runtime":11},"val_accuracy":0.9626666666666667,"train_accuracy":0.9695925925925926,"_timestamp":1.7422147070396824e+09,"epoch_time":1.8244726657867432,"confusion_matrix_table":{"sha256":"ad656eef642bd1fb44c655ced492ce1dea662fc57974181930e88744832506dd","size":1792,"artifact_path":"wandb-client-artifact://hwstfmf43k67urkphq37ravtqeidewwu70zazszrovqfwfnboz1jlmlzr97kgg2f4vssowiy23wxb0bh7joeexbudglb5pv32pxuhbi8nnb9fao2eiv5ol57e76n5kx9/confusion_matrix_table.table.json","_latest_artifact_path":"wandb-client-artifact://nzotd9qvzuaaqskd22t8oq6yhju1f9o9xviojh4tiio0cjfaymeh554sykxnbvisf7k48y1ar53sj091885yrkqmy9kvnkjk6u3e6i42muwhskoyzbk3dv2sxuyrod8f:latest/confusion_matrix_table.table.json","path":"media/table/confusion_matrix_table_8_ad656eef642bd1fb44c6.table.json","ncols":3,"nrows":100,"_type":"table-file"},"test_accuracy":0.9586,"train_loss":0.10010565495445252,"val_loss":0.12451364829790057,"total_training_time":10.439212560653687,"_step":8,"epoch":5,"_runtime":11.528680068,"Model Run history":{"val_loss":[0.20943261162350604,0.16480368987339714,0.14311978820119162,0.1260966779126064,0.12451364829790057],"val_acc":[0.9368333333333333,0.9486666666666667,0.9555,0.9613333333333334,0.9626666666666667],"train_loss":[0.3500746103526399,0.17240796610406842,0.13437022145112434,0.11528494085454564,0.10010565495445252],"train_acc":[0.9005185185185185,0.9496666666666667,0.9600555555555556,0.9651666666666666,0.9695925925925926]}}