{"val_loss":0.15788363475852701,"_runtime":25.26906387,"_step":13,"val_accuracy":0.959,"epoch":10,"test_accuracy":0.9635,"_timestamp":1.742214509718845e+09,"total_training_time":24.18948459625244,"train_accuracy":0.9774814814814815,"Model Run history":{"val_acc":[0.9303333333333333,0.9478333333333333,0.9583333333333334,0.9593333333333334,0.9603333333333334,0.9623333333333334,0.9596666666666667,0.9615,0.9585,0.959],"train_loss":[0.346750458751949,0.1771248213540962,0.1420468187444794,0.12211360443783091,0.11062394056041813,0.10060109942864166,0.09445802433068,0.08777276221350055,0.08289036291323303,0.0780104909878558],"train_acc":[0.9008333333333334,0.9483888888888888,0.9587222222222223,0.9647037037037037,0.9677222222222223,0.9706851851851852,0.9727777777777777,0.9741666666666666,0.9759074074074074,0.9774814814814815],"val_loss":[0.23108319782919234,0.1623672991718783,0.1340160557484767,0.1301967373627106,0.12107674919786368,0.12477904374538451,0.13406033454862823,0.1383819753917614,0.14054472385384173,0.15788363475852701]},"epoch_time":2.06170916557312,"_wandb":{"runtime":25},"train_loss":0.0780104909878558,"confusion_matrix_table":{"_latest_artifact_path":"wandb-client-artifact://muh4yh0u0ndln5r0qss654ohf5qugf4c4hds0kbo19xce1p6riybcklvz1mtgbq2t680tyhk5jl3iraln3bsjuffawwq5yp3rw193igizuang6qzbj3vq0pt1poucnv3:latest/confusion_matrix_table.table.json","path":"media/table/confusion_matrix_table_13_4411fdc9388cc53c6b13.table.json","ncols":3,"nrows":100,"_type":"table-file","sha256":"4411fdc9388cc53c6b13e1471a5bb6f31e5b427b0fdb0f93561144abf476a09f","size":1794,"artifact_path":"wandb-client-artifact://2wxr1ilhtqs4lmlu8gt4btigz5kwvd8zge4yq90mfp1sjjyjsul2wrfcd7omsokdjgw9hl6i169piygclycn8dph2qm8t0kvmms72cvobn4t86efn1t30true9rz49eq/confusion_matrix_table.table.json"}}