{"test_accuracy":0.8495,"_wandb":{"runtime":7},"_runtime":7.783208286,"val_accuracy":0.8555,"confusion_matrix":{"format":"png","width":1000,"height":800,"_type":"image-file","sha256":"5fe20c3796598a2d666c7b5b75f16204629a41634d9fdab1f5547b3963da0c93","size":60017,"path":"media/images/confusion_matrix_4_5fe20c3796598a2d666c.png"},"val_loss":0.40387650988737434,"epoch_time":3.5489463806152344,"_timestamp":1.7410054527623749e+09,"_step":4,"train_accuracy":0.8612037037037037,"epoch":2,"train_loss":0.3846682283798718,"total_training_time":6.637447118759155}