{"confusion_matrix":{"path":"media/images/confusion_matrix_7_5e0a9a68ca28b4778b6a.png","format":"png","width":1000,"height":800,"_type":"image-file","sha256":"5e0a9a68ca28b4778b6a5b5956e42148ae08cede4bc063df0f80384833c64b8b","size":61879},"train_loss":0.4792727460666437,"val_loss":0.46924727300570096,"epoch":5,"_wandb":{"runtime":55},"_runtime":55.719809416,"test_accuracy":0.8271,"epoch_time":11.556248188018799,"total_training_time":54.45048522949219,"train_accuracy":0.83032,"val_accuracy":0.8336,"_timestamp":1.740911743185192e+09,"_step":7}