{"epoch":5,"train_loss":0.29479793171210666,"_step":8,"_wandb":{"runtime":25},"val_accuracy":0.8801666666666667,"epoch_time":5.0638909339904785,"total_training_time":23.94832682609558,"Model Run history":{"val_acc":[0.8593333333333333,0.8751666666666666,0.8753333333333333,0.878,0.8801666666666667],"train_loss":[0.48120839436690316,0.36667617003555697,0.3327943000105045,0.307983924136047,0.29479793171210666],"train_acc":[0.8253518518518519,0.8651111111111112,0.8767777777777778,0.8842962962962962,0.891425925925926],"val_loss":[0.38019046091561376,0.33818874913738595,0.3434932097202502,0.3380549979526667,0.3267351602624896]},"confusion_matrix_table":{"path":"media/table/confusion_matrix_table_8_88a390b441e7848c9804.table.json","ncols":3,"nrows":100,"_type":"table-file","sha256":"88a390b441e7848c98044f17dc21931aae1cc5ff2bab33b83d03d5b38eac0f5d","size":2930,"artifact_path":"wandb-client-artifact://4jj6tynr533qgcbohoh1bytmqprmbiyzwm21kxsl7s4d5wqf9n0jygbtmipke3osvw78taa15s6n8g835z5ow6sttw5w55mz7m7zqbnqeuelg9trgp7hqfu90u4vkg57/confusion_matrix_table.table.json","_latest_artifact_path":"wandb-client-artifact://krzaztziv5nvgmamdqz1sbbq2dz9j5stfe0oqmlq23minc266ja5m0ln1hj2usevt3t93pii2k4vvkvsjh9wvjawqu3pogwxbhjr33qd0a93xm2v20js08v4ggr12cqq:latest/confusion_matrix_table.table.json"},"test_accuracy":0.8721,"_timestamp":1.7412010708938107e+09,"val_loss":0.3267351602624896,"train_accuracy":0.891425925925926,"_runtime":25.026666002}