{"Model Run history":{"val_acc":[0.8486666666666667,0.8638333333333333,0.8696666666666667,0.8685,0.8735,0.8756666666666667,0.8808333333333334,0.8876666666666667,0.885,0.8891666666666667],"train_loss":[0.5218566306075542,0.3881162964526961,0.3576756538223256,0.3368929763990747,0.3238987258191815,0.311234570684765,0.3040277107568864,0.298172080132882,0.2910122135858511,0.2871035163497601],"train_acc":[0.8172962962962963,0.8607777777777778,0.8717962962962963,0.878537037037037,0.8818888888888889,0.8866111111111111,0.8900740740740741,0.8904444444444445,0.8933333333333333,0.8949259259259259],"val_loss":[0.40741829003770763,0.3834188409916587,0.3575644282652549,0.3616941376376002,0.3424233075894666,0.3430577263918224,0.33240468278123286,0.31990341064276206,0.32602346974867447,0.311978253346647]},"confusion_matrix_table":{"artifact_path":"wandb-client-artifact://p6m5el3mzho4e00ywbr6blly2iych15jojr4t72ulc032eumlp7yox57ycow4axv8cd4zs6u3am8xdx0v4v1m03u8nab5weib3szwcgwnrqf7kfwcpd23zjfz01s8r05/confusion_matrix_table.table.json","_latest_artifact_path":"wandb-client-artifact://fgmfbi00v49xggl3ukvs3fk9r60w3unsxhyawn3tp3gzqiaau5dywk224y8lmm4thq3hatu9x6nf6lwz5pcen6ngvwso7fqcyuuyos6v11b4pf7jjh7qzccfqw7uddbn:latest/confusion_matrix_table.table.json","path":"media/table/confusion_matrix_table_13_0f2d27326f17921f7dd7.table.json","ncols":3,"nrows":100,"_type":"table-file","sha256":"0f2d27326f17921f7dd753e551010ea665f0e4c48b822de26c56592b4562f180","size":2930},"epoch":10,"train_accuracy":0.8949259259259259,"_timestamp":1.741205122867313e+09,"total_training_time":26.713810682296753,"val_accuracy":0.8891666666666667,"val_loss":0.311978253346647,"test_accuracy":0.8768,"_runtime":27.743530151,"_step":13,"_wandb":{"runtime":27},"epoch_time":3.0829880237579346,"train_loss":0.2871035163497601}