{"train_accuracy":0.8231666666666667,"val_loss":0.45599060839627903,"_wandb":{"runtime":23},"val_accuracy":0.8436666666666667,"_timestamp":1.7410048727270796e+09,"epoch":2,"train_loss":0.50752936587971,"epoch_time":11.10938549041748,"total_training_time":22.353708505630493,"confusion_matrix":{"height":800,"_type":"image-file","sha256":"eef420aa9b6ec7fe3991c431f11679d5d352ad68d52fb3156e06dd834b3de23d","size":61156,"path":"media/images/confusion_matrix_4_eef420aa9b6ec7fe3991.png","format":"png","width":1000},"_runtime":23.950398039,"test_accuracy":0.8306,"_step":4}