{"epoch":10,"epoch_time":3.782592535018921,"val_loss":0.2953021964349805,"test_accuracy":0.8806,"_runtime":44.898712263,"train_accuracy":0.9125555555555556,"confusion_matrix_table":{"size":2927,"artifact_path":"wandb-client-artifact://wfrm2llvbw5y9m3uvwq7brdtfkdqzdzdhojpu43zt6buql5v9oqrytc3i4j87x36r6jpviv1qqe9v8tg1iu0126o4epwcfpbkjcxihry0p0dw666x3gaev3bgvxjuzz0/confusion_matrix_table.table.json","_latest_artifact_path":"wandb-client-artifact://uv6g6xzgq3q8z3e0jo9441hc61ee077x1pknul3v0erzdzuus2aru5kkojs2qbkxgkuzqh1mp4t3x9gjce5zdd57nyc978f4hycuiwb9oe3n5ebd2a57cimyiwol9mpu:latest/confusion_matrix_table.table.json","path":"media/table/confusion_matrix_table_13_902531bac63b8e800b47.table.json","ncols":3,"nrows":100,"_type":"table-file","sha256":"902531bac63b8e800b47431ecdef1374eb19b89f0011f697bcde60ca17bda763"},"train_loss":0.23219724669100664,"val_accuracy":0.8925,"_timestamp":1.741203272159171e+09,"_step":13,"Model Run history":{"val_acc":[0.8531666666666666,0.8701666666666666,0.8716666666666667,0.8816666666666667,0.8765,0.8903333333333333,0.8898333333333334,0.8833333333333333,0.8925,0.8925],"train_loss":[0.475266155599631,0.3627425213715282,0.3304867929830123,0.3070560531177856,0.28981347689493264,0.2766017392683179,0.26426396051233636,0.252800110471863,0.2413803583283222,0.23219724669100664],"train_acc":[0.8316666666666667,0.8684814814814815,0.8802037037037037,0.8867037037037037,0.8911666666666667,0.8971851851851852,0.9017037037037037,0.9044814814814814,0.9094444444444445,0.9125555555555556],"val_loss":[0.39499444291389674,0.3640692055819768,0.34960662129395753,0.314581821608173,0.3446853598585722,0.3034658597246262,0.3100301174991495,0.3115315908314541,0.3015330662734287,0.2953021964349805]},"total_training_time":43.812068462371826,"_wandb":{"runtime":44}}