{"val_accuracy":0.865,"_runtime":12.108829018,"_step":4,"_wandb":{"runtime":12},"val_loss":0.36477251210047856,"epoch_time":5.596456050872803,"test_accuracy":0.8593,"train_loss":0.3614073216811193,"epoch":2,"_timestamp":1.7410058445638134e+09,"train_accuracy":0.867037037037037,"total_training_time":10.81202507019043,"confusion_matrix":{"_type":"image-file","sha256":"23da9de6aba4dc87c632b90daeb4c0348d4cb6f60c1f80b2eb0bda0ccd793937","size":59254,"path":"media/images/confusion_matrix_4_23da9de6aba4dc87c632.png","format":"png","width":1000,"height":800}}