{"epoch_time":4.583587646484375,"_runtime":24.054180101,"epoch":5,"_wandb":{"runtime":24},"total_training_time":22.873205184936523,"_timestamp":1.740912328340434e+09,"_step":7,"train_accuracy":0.8882,"val_accuracy":0.8781,"train_loss":0.306824611641068,"test_accuracy":0.8712,"confusion_matrix":{"path":"media/images/confusion_matrix_7_b7aa4fa077f14eda6efd.png","format":"png","width":1000,"height":800,"_type":"image-file","sha256":"b7aa4fa077f14eda6efd6eedfe77ffcd445ef0c86a9a82e57cfe9feb7cedf612","size":61291},"val_loss":0.3356906706254333}