{"val_loss":1.2260236165142955,"train_accuracy":0.6389,"test_accuracy":0.6328,"_timestamp":1.7409080450726233e+09,"train_loss":1.267923150331479,"_wandb":{"runtime":48},"confusion_matrix":{"_type":"image-file","sha256":"8b02dbc27afe035efba5996f55f89877ffaf43c8c5bf01c0451c149f785528f8","size":64935,"path":"media/images/confusion_matrix_12_8b02dbc27afe035efba5.png","format":"png","width":1000,"height":800},"epoch_time":4.664988040924072,"epoch":10,"val_accuracy":0.6409,"_runtime":48.57261253,"_step":12,"total_training_time":47.350406646728516}