{"_runtime":26.882221167,"_step":13,"test_accuracy":0.857,"epoch":10,"Model Run history":{"val_acc":[0.8248333333333333,0.854,0.8631666666666666,0.8543333333333333,0.8676666666666667,0.8553333333333333,0.872,0.8771666666666667,0.876,0.866],"train_loss":[0.567744631402019,0.40975517326701927,0.3770779216686442,0.3590680096724128,0.3439449745357892,0.3333421524880436,0.32607320482542174,0.3208564372034771,0.3130572455910904,0.30950002603070365],"train_acc":[0.8050185185185185,0.8523518518518518,0.8621481481481481,0.8706666666666667,0.8751481481481481,0.8792777777777778,0.8821111111111111,0.8826851851851852,0.8874444444444445,0.8863148148148148],"val_loss":[0.46839932012350105,0.40789620406929905,0.38477462098869747,0.3922029182153425,0.3771782986117355,0.3920123563851781,0.36596559285996333,0.3541434649599134,0.3480095218904017,0.37794531690582156]},"epoch_time":2.2575249671936035,"val_accuracy":0.866,"confusion_matrix_table":{"nrows":100,"_type":"table-file","sha256":"3b4bc2d997c643317f52a226a547498f3798cf6ed2145fab96a86fd408dc8cfb","size":2934,"artifact_path":"wandb-client-artifact://vsep8hajr0cx0yh7cs6diznihmwog4x1mxh5vjw7mzsvlqhoexh6bggyfr25huuj4fofyugijo3vpbr3z4zu6a87i703zsm360ovhd5bgdrfysejw49z82087xepgyol/confusion_matrix_table.table.json","_latest_artifact_path":"wandb-client-artifact://5mfoanliebo4bkabeoa00c2mrj03u5rv2edrdfplr6f2wgqmg009rt7xfk5tm8zakcecw3bdrtcgn7uy18n97muse7jw1kp10wy5ktuwnfhqu339qjnii9d7n0ik0tl2:latest/confusion_matrix_table.table.json","path":"media/table/confusion_matrix_table_13_3b4bc2d997c643317f52.table.json","ncols":3},"_wandb":{"runtime":26},"train_loss":0.30950002603070365,"train_accuracy":0.8863148148148148,"_timestamp":1.7412412028404024e+09,"total_training_time":25.547930002212524,"val_loss":0.37794531690582156}