{"confusion_matrix_table":{"sha256":"42b1f99483f26e11039b7eaab58306827bf8549e972f8b3dd60a77246511a820","size":2929,"artifact_path":"wandb-client-artifact://d8vdts91uefw0yxayyosufq0jhh6flktsvqfnubczfeabxbhnn7k58xil0hhib0hz33gmena002f5z5q5mmu9t804q91pbd85xrfp6wc18ae439sc0fsu40y8ogu9h2e/confusion_matrix_table.table.json","_latest_artifact_path":"wandb-client-artifact://19nd4r9v8hlyj41mfwhd302ahl0icuglluj4pji6meq4sdzjt0pqdj5wdjccv27fe1zeilnzy7cs98lvjwlorxp8k42zqep2rlyq979bny1j3y0x9ewryrioc40gi34t:latest/confusion_matrix_table.table.json","path":"media/table/confusion_matrix_table_43_42b1f99483f26e11039b.table.json","ncols":3,"nrows":100,"_type":"table-file"},"epoch":40,"_wandb":{"runtime":217},"_timestamp":1.7413491487522836e+09,"epoch_time":5.1826746463775635,"_step":43,"val_loss":0.28632046561321667,"_runtime":217.529988637,"Model Run history":{"train_acc":[0.8089074074074074,0.8580740740740741,0.8715925925925926,0.8800370370370371,0.8841666666666667,0.8874444444444445,0.8931481481481481,0.895,0.8971481481481481,0.9013888888888889,0.9025925925925926,0.9048333333333334,0.9071111111111111,0.9094629629629629,0.9109259259259259,0.9117037037037037,0.9147777777777778,0.9137592592592593,0.9148518518518518,0.9154814814814815,0.9173518518518519,0.9186666666666666,0.9192037037037037,0.9214444444444444,0.9208148148148149,0.922,0.9235555555555556,0.9245740740740741,0.925,0.927037037037037,0.9258703703703703,0.927074074074074,0.9278703703703703,0.9273333333333333,0.9296111111111112,0.9275555555555556,0.929037037037037,0.9311111111111111,0.9314074074074075,0.9320925925925926],"val_loss":[0.4084359942021174,0.3719692017355561,0.3452292245357451,0.35038553167851494,0.33434273665756,0.33183474192673734,0.3284917186954911,0.3101933983495507,0.29726858184505134,0.3356297261124572,0.2932664714497153,0.30902181628585573,0.31473919498137176,0.29902559134479817,0.2940689059234202,0.30155880798242185,0.2902138798204128,0.31210625044492135,0.2926437131131529,0.29401067104543044,0.3044971474525152,0.2866461149448759,0.30149077542683594,0.2948663027764353,0.297527407270325,0.28868731642744105,0.2875999835483041,0.30477849302110305,0.31547330961696246,0.29931167212826926,0.3112146692061111,0.28449676465280244,0.27895881992365246,0.29324184130085784,0.2826908701627304,0.3038760564502003,0.3114687008069384,0.32938171767123564,0.30910650403407497,0.28632046561321667],"val_acc":[0.8506666666666667,0.8598333333333333,0.8728333333333333,0.8673333333333333,0.8796666666666667,0.874,0.8803333333333333,0.8855,0.893,0.8766666666666667,0.8938333333333334,0.8881666666666667,0.8878333333333334,0.8965,0.8921666666666667,0.8911666666666667,0.8988333333333334,0.889,0.8983333333333333,0.8898333333333334,0.8908333333333334,0.8985,0.8898333333333334,0.8908333333333334,0.8955,0.8968333333333334,0.8973333333333333,0.8915,0.8851666666666667,0.893,0.8878333333333334,0.899,0.9008333333333334,0.9001666666666667,0.8975,0.8988333333333334,0.8971666666666667,0.8885,0.8906666666666667,0.9008333333333334],"train_loss":[0.5410033771970242,0.3926256417031424,0.355205650030204,0.3308527134122828,0.3152859984617504,0.3023924967514173,0.29290471217596176,0.2828885960731501,0.2745309181600888,0.2662120780169038,0.261120937953073,0.2571303058014525,0.25084358442958393,0.24411302110328062,0.2392124779769813,0.23662071025916498,0.23172865779806337,0.22959597072798768,0.22774327252821558,0.22409993789547974,0.21850962957982603,0.2166458598446989,0.21604777969280953,0.21104974521011732,0.21006230750241375,0.20779761288484283,0.2036516567313515,0.20156976601481752,0.2016344998703423,0.1967583194486505,0.1998809772709648,0.1945861510038738,0.1933234177568816,0.19280154356682905,0.19145548612702762,0.19238383142045398,0.1887728699981087,0.18460258960861228,0.1845713835800665,0.1822011130035801]},"total_training_time":215.14244890213013,"train_accuracy":0.9320925925925926,"val_accuracy":0.9008333333333334,"test_accuracy":0.8901,"train_loss":0.1822011130035801}