{"confusion_matrix_table":{"_latest_artifact_path":"wandb-client-artifact://2taqa6gurlyhey5f5zzurrk3k8ouog9mkbxkysa0aihoafdejvzlj9wuy0fxjjms8v67o7d77y2tjqwqxj3nqiy25nknqhhuxo15azt7wm287u3ygdwg9ot67ycdgt8v:latest/confusion_matrix_table.table.json","path":"media/table/confusion_matrix_table_8_39b0872fe8020dd92ba3.table.json","ncols":3,"nrows":100,"_type":"table-file","sha256":"39b0872fe8020dd92ba38313a0e3e5c11143db494ac636ae0f5b87329353530a","size":2933,"artifact_path":"wandb-client-artifact://mo90me9407ica0dy1871j0nufj2e93iclln7uqpwn0w6hxm1ksyr72odklv64swynmhnucqfgcujr6usvlcbrmc9twn6bgt76xox285p0qwt3a8ioun9sht9ldcem1jw/confusion_matrix_table.table.json"},"epoch_time":1.7937510013580322,"train_accuracy":0.8440555555555556,"_timestamp":1.7411958157643442e+09,"_wandb":{"runtime":10},"val_loss":0.41201589867416755,"test_accuracy":0.8452,"train_loss":0.43860574501043115,"epoch":5,"total_training_time":9.169111967086792,"_step":8,"Model Run history":{"val_acc":[0.8071666666666667,0.8516666666666667,0.8431666666666666,0.8446666666666667,0.8523333333333334],"train_loss":[0.5879832415945094,0.47474504327205014,0.4521806458844929,0.44648858687787596,0.43860574501043115],"train_acc":[0.7955,0.8303888888888888,0.8407777777777777,0.8413148148148148,0.8440555555555556],"val_loss":[0.5161754453257097,0.43667318405583966,0.43891419527916586,0.43451182548399125,0.41201589867416755]},"val_accuracy":0.8523333333333334,"_runtime":10.193438152}