{"_step":7,"val_accuracy":0.8488,"_timestamp":1.7409124955807383e+09,"train_loss":0.35059952941666517,"_runtime":30.354476659,"train_accuracy":0.87524,"val_loss":0.4199567658686071,"total_training_time":29.228474140167236,"epoch":5,"epoch_time":5.681114912033081,"confusion_matrix":{"size":60305,"path":"media/images/confusion_matrix_7_70ad6188ee75d0ee5137.png","format":"png","width":1000,"height":800,"_type":"image-file","sha256":"70ad6188ee75d0ee5137cc4fe12b5087d270fcb77a7e7ba8df0c979342a99918"},"test_accuracy":0.8367,"_wandb":{"runtime":30}}