{"Model Run history":{"train_acc":[0.795425925925926,0.8505925925925926,0.8635,0.8721111111111111,0.8772407407407408,0.8818518518518519,0.8856111111111111,0.8903888888888889,0.8931296296296296,0.8958703703703703,0.8986481481481482,0.9007037037037037,0.9032592592592592,0.9049444444444444,0.9075185185185185,0.9088148148148149,0.910962962962963,0.912,0.9137407407407407,0.9144814814814815,0.9168333333333333,0.917,0.9195185185185185,0.920037037037037,0.9211296296296296,0.9229444444444445,0.9244259259259259,0.9257222222222222,0.9251481481481482,0.9273888888888889,0.9287777777777778,0.9293888888888889,0.9291296296296296,0.9307777777777778,0.9324629629629629,0.9327407407407408,0.9342037037037038,0.9343148148148148,0.9349074074074074,0.9364814814814815],"val_loss":[0.46512450442926495,0.37871363489073384,0.41509542729364884,0.3585021190397732,0.3562150948775978,0.344008249662699,0.3226089914324666,0.34787021098482407,0.3202304444705118,0.32084798116773894,0.30984039042681594,0.302639556483982,0.3100511238703279,0.3055041355020066,0.3365631120494573,0.31023559685182145,0.2881504497550216,0.3065912599272414,0.3050158202682428,0.32096053578593625,0.3070573911069,0.31138406871263535,0.3073647432752914,0.2907330657544048,0.3024529941362052,0.294905750900338,0.28014668698449574,0.28309754507817475,0.29247943538961463,0.2878285358862635,0.2938926802356228,0.33373161042487576,0.29181866571288206,0.29629345837356935,0.29262919919108105,0.3139846094106862,0.29854833520764074,0.2894264421273534,0.2858557227340424,0.34429223031473566],"val_acc":[0.83,0.8585,0.847,0.8698333333333333,0.8651666666666666,0.8731666666666666,0.881,0.8708333333333333,0.8846666666666667,0.8796666666666667,0.8878333333333334,0.8911666666666667,0.8881666666666667,0.8871666666666667,0.8743333333333333,0.8883333333333333,0.8926666666666667,0.8898333333333334,0.8855,0.8845,0.8875,0.89,0.8928333333333334,0.8951666666666667,0.8921666666666667,0.8935,0.8968333333333334,0.8985,0.8971666666666667,0.9,0.8933333333333333,0.8828333333333334,0.8985,0.8943333333333333,0.8963333333333333,0.8918333333333334,0.8988333333333334,0.8976666666666666,0.9,0.882],"train_loss":[0.597121628162011,0.42935196244341506,0.38879218083596584,0.3644343945522817,0.3475898187871196,0.33258434608893955,0.32042487995836083,0.30949627566880206,0.30146417524621144,0.2921604402930551,0.28616647397377076,0.2777915829778362,0.27151963736886675,0.2656020319146808,0.2606363836120336,0.25574600990071245,0.25019056375435367,0.24495707011783482,0.24135722197668835,0.23731078417381754,0.23347908810704296,0.2303241281336576,0.22526451354600907,0.22305211729658705,0.2200448535939173,0.2156328386678629,0.21386105921360218,0.20865390782992424,0.20598797931328738,0.20304730046682234,0.20096275733247354,0.19900911187539358,0.19610742843236376,0.19297186128273933,0.18924713697014,0.18764844085480598,0.1863934780842735,0.18538775741791047,0.18232261947490863,0.1783746170114035]},"val_accuracy":0.882,"_runtime":255.704087937,"epoch":40,"total_training_time":254.52426147460938,"_timestamp":1.7413556203683517e+09,"train_loss":0.1783746170114035,"_step":43,"val_loss":0.34429223031473566,"_wandb":{"runtime":255},"test_accuracy":0.867,"train_accuracy":0.9364814814814815,"confusion_matrix_table":{"path":"media/table/confusion_matrix_table_43_f18a1357044b53b6bf88.table.json","ncols":3,"nrows":100,"_type":"table-file","sha256":"f18a1357044b53b6bf881d1ab0ef4e4615ae274cf57a173a088c7ab67f372735","size":2928,"artifact_path":"wandb-client-artifact://r4uzhraqcmtyf4w1dzxkaxoz4lekd0bnbh4xwhlw24i0ivaatay5hfuq7kqvlz3tm5x8hesfm3z3z5dj16db094w4dexq4n5qhhq6xptsq0evs464r7xzjxr55se25il/confusion_matrix_table.table.json","_latest_artifact_path":"wandb-client-artifact://4y4yad1gvmbd44qsyo6b3uah1nf6aj3vo7wjiitj5garss7rjunhzpsl1fj6i3l7mr5u0ueolufmz8uhzoz665u2gn2kloutj2urji0e6v7hidues7fg71ozad2slkiy:latest/confusion_matrix_table.table.json"},"epoch_time":7.219709873199463}