{"epoch":5,"total_training_time":28.827263832092285,"test_accuracy":0.8573,"confusion_matrix":{"format":"png","width":1000,"height":800,"_type":"image-file","sha256":"f876f93bc5d47f91d5a761e6151aad55a863a5b0047f0ba64fa87ce1c85ddb62","size":60594,"path":"media/images/confusion_matrix_7_f876f93bc5d47f91d5a7.png"},"val_loss":0.3856868127323547,"train_accuracy":0.87714,"_wandb":{"runtime":29},"_step":7,"epoch_time":6.331833124160767,"_runtime":29.992480548,"val_accuracy":0.8563,"train_loss":0.3363528247889003,"_timestamp":1.7409121960464952e+09}