{"train_accuracy":0.9628333333333333,"total_training_time":12.36278772354126,"_timestamp":1.742213646594364e+09,"Model Run history":{"val_loss":[0.20354755512837988,0.16628680819398667,0.15542260510331427,0.1455606358878512,0.13936835317633045],"val_acc":[0.939,0.9505,0.9536666666666667,0.9565,0.9586666666666667],"train_loss":[0.33169032761683204,0.18653099701384376,0.154760244081419,0.1387154309844609,0.12979409914994772],"train_acc":[0.9059814814814815,0.945925925925926,0.9551851851851851,0.9597592592592593,0.9628333333333333]},"_wandb":{"runtime":13},"epoch_time":2.56229567527771,"_step":8,"val_accuracy":0.9586666666666667,"train_loss":0.12979409914994772,"epoch":5,"_runtime":13.370264695,"confusion_matrix_table":{"artifact_path":"wandb-client-artifact://esuw90b2s8o45npynamsl694jjfzcaq89mb8b3n8xaylcg77zz2pn7z6ysh30hok4yg3r9fvftk071nipjl26pg9ovonh53mmu037799t6bpska4zfa0q4rujrdkyy2q/confusion_matrix_table.table.json","_latest_artifact_path":"wandb-client-artifact://zihp3g5eet0v9xui659ien9azw5x2zjpgk8dtq0o0rz9lhg1q29wwnyzmnymwwvj4o2tj8but3c9txun9o5e2diut4b2hdmpyyqnn6y2o3b7m9g9yyb8x2t2rgpevald:latest/confusion_matrix_table.table.json","path":"media/table/confusion_matrix_table_8_62f888e436e3254614f2.table.json","ncols":3,"nrows":100,"_type":"table-file","sha256":"62f888e436e3254614f21a46efca2bf3c43efd222ea52b7a4c0751279ba24989","size":1798},"val_loss":0.13936835317633045,"test_accuracy":0.9615}