{"_step":4,"test_accuracy":0.8501,"val_accuracy":0.8553333333333333,"epoch_time":3.792630195617676,"train_accuracy":0.8475925925925926,"_runtime":9.062880424,"_timestamp":1.741005437992218e+09,"train_loss":0.42674055652439224,"total_training_time":7.854571580886841,"_wandb":{"runtime":9},"epoch":2,"confusion_matrix":{"format":"png","width":1000,"height":800,"_type":"image-file","sha256":"54026e63e64d0ffd6360d0dff40e5bdfe00dcda9261e8954aefc74f7988ec203","size":60469,"path":"media/images/confusion_matrix_4_54026e63e64d0ffd6360.png"},"val_loss":0.39940970203387544}