{"val_accuracy":0.8756666666666667,"total_training_time":55.67662000656128,"val_loss":0.3669037789331777,"epoch":5,"train_loss":0.3139247760363718,"Model Run history":{"train_loss":[0.5010100523340278,0.38016411268523254,0.34721149048197725,0.3291736589877452,0.3139247760363718],"train_acc":[0.8157962962962962,0.8605925925925926,0.8727592592592592,0.8808888888888889,0.8854074074074074],"val_loss":[0.4819401081880807,0.37524353213455774,0.34777110266151234,0.37271315855033255,0.3669037789331777],"val_acc":[0.8318333333333333,0.8711666666666666,0.8795,0.8678333333333333,0.8756666666666667]},"train_accuracy":0.8854074074074074,"_timestamp":1.7411949938479679e+09,"epoch_time":11.13590931892395,"_step":8,"_wandb":{"runtime":57},"confusion_matrix_table":{"path":"media/table/confusion_matrix_table_8_526b295070903f74bb8c.table.json","ncols":3,"nrows":100,"_type":"table-file","sha256":"526b295070903f74bb8cb26087b978cea5228ee4d75a58d9fe0483a44c74e949","size":2929,"artifact_path":"wandb-client-artifact://lroxwygjf9i80047ffyks5n1fikippf2vh7rzurk1ipwmydo9tyb9eaefnjel27fv99cwub9u4omlcn6eydfz2jcg2vjpx527m98wgxjleicugaj06xtixhc1s4y15g3/confusion_matrix_table.table.json","_latest_artifact_path":"wandb-client-artifact://y17qbk072654yfmuwxv76hc9kfudzvqwpl992k113l2ivuo3ylawbuf9fpn1tg2q5k2j249ur52rjpeaniy2arj6b6bs3ffonhmsq0hmo6a8c7b0uaebqtr5jlmzvn1o:latest/confusion_matrix_table.table.json"},"test_accuracy":0.8599,"_runtime":57.110507116}