{"_runtime":52.677713099,"_wandb":{"runtime":52},"train_loss":0.2760800635011941,"train_accuracy":0.8999259259259259,"epoch_time":4.078959226608276,"_timestamp":1.7413442147233694e+09,"confusion_matrix_table":{"_latest_artifact_path":"wandb-client-artifact://bbl2rrgvkiawwkwkxn57hu00a8kxlcy0kjyvkn03ud51xg575f0b7i4fxln7fhwe4kiqs2m42qv16doydi8xmx24fvj007adiindo4n8jfnbi4870x64oxsow2gelcp7:latest/confusion_matrix_table.table.json","path":"media/table/confusion_matrix_table_18_1b8f333960b7e2701cc2.table.json","ncols":3,"nrows":100,"_type":"table-file","sha256":"1b8f333960b7e2701cc2b0c58721b5a80a7e400a99dbbc3f55d0aff5a92e43b8","size":2927,"artifact_path":"wandb-client-artifact://qpod3nnyorqa0njb33m2t9zro1t7yn3zxrfl4dv8q9qx1a0ujd81qrsvwwvzgwp81bxe631czvmldfi0qc67onub4p9wzotkewdtupls05mmwj50ua1d9f5n9b3lxlhq/confusion_matrix_table.table.json"},"epoch":15,"_step":18,"Model Run history":{"val_acc":[0.8095,0.8416666666666667,0.8476666666666667,0.8533333333333334,0.8541666666666666,0.86,0.8611666666666666,0.875,0.8543333333333333,0.8756666666666667,0.8776666666666667,0.881,0.884,0.8805,0.8865],"train_loss":[0.687382313511501,0.4639922213592492,0.4158164876346033,0.3875295029226299,0.3675998658177791,0.35059699202225947,0.33944385745190325,0.32910445816352735,0.3191439151769953,0.31054010540763227,0.30250961810139376,0.29433997205285184,0.2894351001527216,0.28277489448086407,0.2760800635011941],"train_acc":[0.7648518518518519,0.8371481481481482,0.853574074074074,0.8634814814814815,0.8695185185185185,0.8748888888888889,0.879,0.8821111111111111,0.8859814814814815,0.8888888888888888,0.8913888888888889,0.8942407407407408,0.8962222222222223,0.8980555555555556,0.8999259259259259],"val_loss":[0.5212459685065719,0.43123035149590344,0.42634797629186383,0.39760736184838563,0.3939963071320348,0.3780553079807949,0.38046202708563853,0.3480688398912298,0.3782298099917285,0.3393737101156965,0.32685843066041437,0.3241670204725159,0.3180404061390009,0.32606467230634895,0.3189165470893617]},"total_training_time":51.589431285858154,"test_accuracy":0.874,"val_accuracy":0.8865,"val_loss":0.3189165470893617}