{"test_accuracy":0.859,"val_loss":0.37080597028464557,"train_loss":0.38082858993159574,"train_accuracy":0.8601666666666666,"epoch":2,"_runtime":19.989487128,"_wandb":{"runtime":19},"val_accuracy":0.8675,"confusion_matrix":{"_type":"image-file","sha256":"9780d9db34063d6c545bcd3a01379a0d822ea7e3281f907bbdfa1eeafe0ca8a6","size":61218,"path":"media/images/confusion_matrix_4_9780d9db34063d6c545b.png","format":"png","width":1000,"height":800},"epoch_time":9.110483169555664,"_step":4,"total_training_time":18.687480688095093,"_timestamp":1.7410062133433971e+09}