{"_step":13,"_runtime":21.524251643,"val_loss":0.17755948496262408,"test_accuracy":0.9534,"total_training_time":20.179186820983887,"confusion_matrix_table":{"sha256":"6d1912498b498d26cafd96b18271f4dff4448354caec38adbedb4cc652d96d10","size":1802,"artifact_path":"wandb-client-artifact://dacqmmxqmeqfr5rkv3oz0lnrfftgpygm6wbfq0xfihran5k6n56razc4f40sbmsqhwxal1q96yvqop7rofvt2umvu5u5lpc2z7kfzkycyr0in5pqbd5xh96t5w3kj0c0/confusion_matrix_table.table.json","_latest_artifact_path":"wandb-client-artifact://fetg5xv1rftvltliwjvjwd4fdp933hzethgzfwvq7ec621eyz0njeepwams0qeqz3kxpg884zoyk3ti6w1itovlmv1ksau8ozn4w8qjdxs8qy1tbnjg0ipyvo5alg6jt:latest/confusion_matrix_table.table.json","path":"media/table/confusion_matrix_table_13_6d1912498b498d26cafd.table.json","ncols":3,"nrows":100,"_type":"table-file"},"epoch":10,"val_accuracy":0.9475,"epoch_time":1.8665688037872314,"_timestamp":1.7422136064778059e+09,"Model Run history":{"val_loss":[0.2795506400115686,0.2040378100084756,0.20288566631165636,0.19844205210175306,0.18483758119908905,0.1800353363105241,0.1865254948791396,0.20839110040155115,0.17551584193257358,0.17755948496262408],"val_acc":[0.9115,0.9413333333333334,0.9445,0.9456666666666667,0.9463333333333334,0.9493333333333334,0.9481666666666667,0.9361666666666667,0.9483333333333334,0.9475],"train_loss":[0.35546263859667826,0.24107272083516912,0.22485865875153155,0.21792690241831755,0.20982941852329814,0.20553739840238022,0.19914033903706382,0.19694217396547484,0.19479059846228375,0.19365004954764398],"train_acc":[0.8977777777777778,0.9329259259259259,0.9392962962962963,0.9410555555555555,0.9442777777777778,0.946037037037037,0.9472407407407407,0.9485555555555556,0.9482592592592592,0.949462962962963]},"train_loss":0.19365004954764398,"train_accuracy":0.949462962962963,"_wandb":{"runtime":21}}