{"val_loss":0.3547902988129564,"_timestamp":1.7409090342906246e+09,"_wandb":{"runtime":16},"val_accuracy":0.8743,"train_loss":0.2910186441778557,"_step":12,"confusion_matrix":{"path":"media/images/confusion_matrix_12_31d26005e2dfe7129c9c.png","format":"png","width":1000,"height":800,"_type":"image-file","sha256":"31d26005e2dfe7129c9c60fbed4c30506c7f36eee86bd4d9d1d577bf31ca008b","size":60851},"train_accuracy":0.8931,"test_accuracy":0.8688,"epoch_time":1.479823112487793,"_runtime":16.231777335,"total_training_time":15.111110925674438,"epoch":10}