{"epoch":2,"confusion_matrix":{"path":"media/images/confusion_matrix_4_81a3aa18985e9fc87aae.png","format":"png","width":1000,"height":800,"_type":"image-file","sha256":"81a3aa18985e9fc87aae32479ca19dbb962695540314a0c06b1cd89a8f2c6600","size":60368},"_wandb":{"runtime":10},"train_loss":0.3636053014091159,"val_loss":0.3560969127198221,"epoch_time":4.303164482116699,"val_accuracy":0.8698333333333333,"test_accuracy":0.862,"_timestamp":1.7410063062914994e+09,"_step":4,"_runtime":10.083357392,"train_accuracy":0.8667962962962963,"total_training_time":8.858733177185059}