{"confusion_matrix_table":{"_latest_artifact_path":"wandb-client-artifact://eafshsw4hu6megvjlynguv5ldet4skwg167bmg8z99aspuiietpuxr4825rg6dxj151u9i7hmavrmbjqew5j76n0169y2h806z8v4qkd2o6slotcmjhcjxnc8oq1mb7r:latest/confusion_matrix_table.table.json","path":"media/table/confusion_matrix_table_13_5c2da46d076458db5ba8.table.json","ncols":3,"nrows":100,"_type":"table-file","sha256":"5c2da46d076458db5ba8660bd0cb949924b44700a55cdba35fc04e51738bc525","size":2935,"artifact_path":"wandb-client-artifact://ba2e0730a6hpps7qyl6ns7a5wchkqy8it58pjjmv6nyzlav3fr9467vi0f5nnbjk246k4c5alqzta728mgx8din9ydst0q30co4ybash2qqxut2pj1kc69scm0qe5440/confusion_matrix_table.table.json"},"_wandb":{"runtime":40},"Model Run history":{"train_loss":[1.1923548258446839,0.7727962235648582,0.5733842829003417,0.47764439270355735,0.42871989144340256,0.4011008769499596,0.37683378246464905,0.36920245378782707,0.35654022555801995,0.34498777353646026],"train_acc":[0.4907037037037037,0.7112037037037037,0.7856851851851852,0.8216851851851852,0.8463518518518518,0.8552962962962963,0.8650740740740741,0.867537037037037,0.8713333333333333,0.8748333333333334],"val_loss":[0.8254961534786152,0.7049291260538207,0.50359312630541,0.4364023963075285,0.4515169247402563,0.3883953304576355,0.3778738157824412,0.36464904371259826,0.34725017822965154,0.37058637103550124],"val_acc":[0.679,0.7511666666666666,0.8025,0.8413333333333334,0.8301666666666667,0.858,0.861,0.8663333333333333,0.878,0.867]},"epoch":10,"train_loss":0.34498777353646026,"_step":13,"total_training_time":39.1452202796936,"_timestamp":1.7412010224060843e+09,"train_accuracy":0.8748333333333334,"val_accuracy":0.867,"val_loss":0.37058637103550124,"_runtime":40.388568145,"epoch_time":3.737440347671509,"test_accuracy":0.8535}