{"test_accuracy":0.8429,"val_accuracy":0.8555,"_timestamp":1.7412028369717498e+09,"epoch_time":1.8286738395690918,"confusion_matrix_table":{"_latest_artifact_path":"wandb-client-artifact://um7amyry38ar2rinwsfszak50js4chk4ah089ga0xhebfctvgd4cj6lpxgw26cqgz88q9lxfut8uhfhthd3zsi4u7qa6zo4rh0t1kevrr5k3nn9i3ee6gdt6dg8z9trq:latest/confusion_matrix_table.table.json","path":"media/table/confusion_matrix_table_8_dd4238a1d05b02b8f807.table.json","ncols":3,"nrows":100,"_type":"table-file","sha256":"dd4238a1d05b02b8f807ede4810429b3d9a81ccd393f160dd2782b9bb905a7ab","size":2937,"artifact_path":"wandb-client-artifact://5z4xsxlsen0v39vz4qfmzqe7b7hqqlipg1e7or6kiyvzh4vhpb9llbcllaykauqq1kplnfdpngulmhf8vep5laxitjws3jogai092q9ygdiu9p1ecaea06rj2m6ht8o9/confusion_matrix_table.table.json"},"total_training_time":9.530059099197388,"Model Run history":{"val_loss":[0.5499716104545379,0.49208554739362065,0.4629831690807708,0.42346136428032755,0.40779391257406006],"val_acc":[0.8033333333333333,0.8268333333333333,0.8353333333333334,0.8451666666666666,0.8555],"train_loss":[0.7390857622627307,0.5118357913884859,0.4560576305980035,0.4195714528346894,0.3930300397992412],"train_acc":[0.7256296296296296,0.8195925925925925,0.8391111111111111,0.8498888888888889,0.8591296296296296]},"_wandb":{"runtime":10},"train_loss":0.3930300397992412,"_runtime":10.548380662,"train_accuracy":0.8591296296296296,"epoch":5,"_step":8,"val_loss":0.40779391257406006}