{"_step":8,"total_training_time":113.28998279571533,"Model Run history":{"train_loss":[0.4881109786755822,0.3786445017012444,0.3464292909122469,0.3234280666762328,0.30809998675629946],"train_acc":[0.8245555555555556,0.8637037037037038,0.8747037037037036,0.8811666666666667,0.8871111111111111],"val_loss":[0.400340655088416,0.39403333103187865,0.38304098189638264,0.31996407016457273,0.33496697557635663],"val_acc":[0.8568333333333333,0.8581666666666666,0.8641666666666666,0.8823333333333333,0.879]},"_wandb":{"runtime":114},"train_accuracy":0.8871111111111111,"test_accuracy":0.8698,"confusion_matrix_table":{"_type":"table-file","sha256":"e259308ecb07d9835b2432393887e1e977d435906917666e1aacb0e5e200661d","size":2928,"artifact_path":"wandb-client-artifact://7erfdg44v286xafn6ch0ivo3sw9hxywamqys9j6z4nuhrgpe9z9q1znss3dr8nibcriok7y6f54jy6jn4fp1o0mp2q5jhv0p1vu9lfnok61gj7tfcs1shabd46xu4anw/confusion_matrix_table.table.json","_latest_artifact_path":"wandb-client-artifact://kxbt97t8wgkadbsay8n4rxa71x6f7kpmk93wy0rzkswh1idnu62reg41x2cisup7utmmtn7dddxqofipc5a5vlvwfixsfps2cuowcqzxlioq4sh1e5l8vtice2usgd5h:latest/confusion_matrix_table.table.json","path":"media/table/confusion_matrix_table_8_e259308ecb07d9835b24.table.json","ncols":3,"nrows":100},"epoch":5,"val_loss":0.33496697557635663,"val_accuracy":0.879,"train_loss":0.30809998675629946,"_runtime":114.618513597,"epoch_time":23.644096612930298,"_timestamp":1.741202384669984e+09}