{"epoch_time":5.255352735519409,"epoch":10,"train_accuracy":0.8988888888888888,"_runtime":58.231952374,"_timestamp":1.7412020625720246e+09,"confusion_matrix_table":{"sha256":"65a2e8cd35a9b59f14d2c054b659c22e7c4fb771957b5ed97f44893dfaac4313","size":2929,"artifact_path":"wandb-client-artifact://hbglzc1h74hav1ykodhh9fz8ur5rcux44cpgt9wm9etxgblwkuz0zthefpvn6ev0o4paw5orfubo1mjlwz1amn1l6a4yn59a8qr0bkdn7935yyx2ob18kqz22yra6g9x/confusion_matrix_table.table.json","_latest_artifact_path":"wandb-client-artifact://0ajenpu4f395bh34a8ro6i7x0dslfm037u60k3ustyr06i4qdvhf57yy1452m9p0jrtgdooymo03b3i28p143de1hze9oklkic7fo2f1ei8gpydo4ycph0di74ih1wqw:latest/confusion_matrix_table.table.json","path":"media/table/confusion_matrix_table_13_65a2e8cd35a9b59f14d2.table.json","ncols":3,"nrows":100,"_type":"table-file"},"val_accuracy":0.8893333333333333,"_step":13,"test_accuracy":0.879,"val_loss":0.29535910382929553,"train_loss":0.2739424831830556,"Model Run history":{"train_loss":[0.4716051173964656,0.36666006975258264,0.33930419273472695,0.32093071636894316,0.3091426820398156,0.2995099194430745,0.2888048698842665,0.28512443616292105,0.2782167347025155,0.2739424831830556],"train_acc":[0.8321851851851851,0.8687592592592592,0.8762777777777778,0.8836851851851852,0.8863518518518518,0.8893888888888889,0.8935925925925926,0.8957592592592593,0.8975555555555556,0.8988888888888888],"val_loss":[0.3631355670330089,0.36102055169756125,0.3359567086877289,0.3291173327063598,0.32011537392177014,0.32707527972661515,0.3143910365779154,0.3317102167871024,0.29855976199097645,0.29535910382929553],"val_acc":[0.864,0.863,0.8758333333333334,0.877,0.8816666666666667,0.8783333333333333,0.886,0.8783333333333333,0.8911666666666667,0.8893333333333333]},"total_training_time":56.93774604797363,"_wandb":{"runtime":58}}