{"_timestamp":1.7413489244327548e+09,"val_loss":0.29235976985006346,"train_loss":0.22804403515569913,"total_training_time":207.68026423454285,"confusion_matrix_table":{"nrows":100,"_type":"table-file","sha256":"3d1263b34420c48b1bc2ceab7174875c18b59d5b63e0689b71d551d0c21d66af","size":2929,"artifact_path":"wandb-client-artifact://6pzc5axxxijbxjir004vtsk942s4yopogqsoydt0i93jxn5naslbsvp3odm44zygyas6n9y115581isoi83g6a074lagqocdjgz6uk4bsbecl6iqhx4nkecwkozjqc1p/confusion_matrix_table.table.json","_latest_artifact_path":"wandb-client-artifact://ivvddszxb3ovdy4px3jayyf46a7p8cgvpv4ytp9crc1fjx2czzj37gdowhoptetjil6awvj606vkpqeou68a63r87b1ghmcakw8yhomgn4sdsxnxrrkz8e09j48tespg:latest/confusion_matrix_table.table.json","path":"media/table/confusion_matrix_table_43_3d1263b34420c48b1bc2.table.json","ncols":3},"train_accuracy":0.9153518518518519,"epoch_time":6.372634410858154,"_wandb":{"runtime":208},"val_accuracy":0.8931666666666667,"test_accuracy":0.8846,"epoch":40,"Model Run history":{"val_acc":[0.8476666666666667,0.8538333333333333,0.8548333333333333,0.8515,0.8786666666666667,0.8766666666666667,0.8775,0.8845,0.8878333333333334,0.8901666666666667,0.8818333333333334,0.8806666666666667,0.8825,0.8898333333333334,0.8946666666666667,0.8836666666666667,0.896,0.8871666666666667,0.8883333333333333,0.889,0.8911666666666667,0.8856666666666667,0.889,0.8815,0.8843333333333333,0.8905,0.8898333333333334,0.8908333333333334,0.8866666666666667,0.8906666666666667,0.889,0.8968333333333334,0.892,0.8843333333333333,0.8915,0.8841666666666667,0.8891666666666667,0.9003333333333333,0.892,0.8931666666666667],"train_loss":[0.5180505879220779,0.39273676756595394,0.3572341578534219,0.3371987586155246,0.3230114121350297,0.31097332224233076,0.30190496585567,0.2930112144025121,0.28794488840854476,0.28224615472014497,0.2753832436049089,0.2735926332858907,0.2669222305995469,0.26689229005474174,0.26181012987573327,0.25963829158929436,0.2567522053733323,0.2541554929010801,0.25272327721269966,0.2520593646314522,0.24905066461170308,0.24665090985826918,0.24342153229990418,0.24302712695766368,0.24255744599650994,0.2390400187394354,0.24168121362917386,0.23877842867201424,0.2380395921586265,0.23606245739848883,0.23333926494032817,0.23149191847259165,0.2338245490654629,0.22870520458206206,0.23308186782143658,0.2314286593853823,0.2286283242445637,0.2264110466180356,0.22488932898756736,0.22804403515569913],"train_acc":[0.8170185185185185,0.8585185185185186,0.8707592592592592,0.8775740740740741,0.8826851851851852,0.8858518518518519,0.8901111111111111,0.8925185185185185,0.8932962962962963,0.8948888888888888,0.8977407407407407,0.8973518518518518,0.9013148148148148,0.9011481481481481,0.9026111111111111,0.9027222222222222,0.9041481481481481,0.9050370370370371,0.905537037037037,0.9066666666666666,0.9066666666666666,0.9085555555555556,0.9103888888888889,0.9100925925925926,0.9091296296296296,0.9113333333333333,0.9085,0.9116481481481481,0.9109444444444444,0.9117222222222222,0.9126666666666666,0.9136111111111112,0.9133148148148148,0.9145925925925926,0.912962962962963,0.9146296296296297,0.9144814814814815,0.9158703703703703,0.9159074074074074,0.9153518518518519],"val_loss":[0.4036765956068595,0.3886290498052299,0.3921296185913033,0.4110454531209627,0.3360012065099095,0.3249190427973131,0.3275737760677158,0.31776214854379586,0.3045079513316933,0.30480961217538366,0.3069352426768808,0.3284641055358107,0.32203191144845045,0.3008552967061016,0.2960404319033885,0.3094835310662445,0.2914431470055908,0.3124509349972066,0.307888515335475,0.2970004535882759,0.3079103227609289,0.31658016056528315,0.29957546862222223,0.3178487848491837,0.3126017999958646,0.3146605934095935,0.2959496333936771,0.299504844029534,0.31939107070013806,0.2983859951172782,0.3032384005343863,0.2888109644638907,0.303735046317788,0.32177217134107533,0.29801056933246683,0.3126750699796571,0.3153753268940416,0.29019871599804525,0.30216743475254426,0.29235976985006346]},"_step":43,"_runtime":208.815056388}