{"total_training_time":258.4905195236206,"_wandb":{"runtime":259},"_runtime":259.840668705,"train_loss":0.1808940652817493,"train_accuracy":0.9364814814814815,"_step":43,"epoch_time":6.560745000839233,"val_loss":0.3064943404353093,"confusion_matrix_table":{"_latest_artifact_path":"wandb-client-artifact://kw0vf0vsrn1i4nvp9vhf6sj2j1oj9zfp3wdluec9jrn3h7bwr7njsmrgr7bp166ze3zdiwd61rke0dmi8h7wvttfak3y7nzc17vi0zn7hiui8ajdbibhi6zomsufybpf:latest/confusion_matrix_table.table.json","path":"media/table/confusion_matrix_table_43_ed5984cecf08fab87c13.table.json","ncols":3,"nrows":100,"_type":"table-file","sha256":"ed5984cecf08fab87c13498f02abd09eea21b7aa9a454da5f94c911eee402a85","size":2930,"artifact_path":"wandb-client-artifact://cm25u2vv5tur6ivf4fcjcsjfb2trqxildiw65iegu0an1wwct2the7m1fw2zyllba5xixf6grdzsfe3dhjmr82k536m8wp6p5jlhjxmpkwbuqnk7fa6rtxe3ytl45ep7/confusion_matrix_table.table.json"},"_timestamp":1.7413584147632575e+09,"val_accuracy":0.8951666666666667,"epoch":40,"Model Run history":{"val_loss":[0.4705051348627667,0.4185138024617919,0.3674837841907689,0.3415478047412476,0.3372963534750554,0.35041447716899515,0.32573324950073324,0.32276070679313196,0.31400681386196544,0.3443625726216438,0.3107149590719714,0.3065420696522686,0.2967328289955693,0.31134015478732513,0.29846400755407293,0.3033683815480421,0.29722015326973483,0.30030398952544013,0.294754980899195,0.2915069057637644,0.28333167233729845,0.29092283995700235,0.2812198198417361,0.28609234084257656,0.2924495987620864,0.31019960194219776,0.285230165242096,0.29314126614986036,0.32889039500120076,0.2833455949790406,0.31481110633960996,0.2945730171052231,0.29481296208234425,0.29840043377743736,0.2881638744548489,0.29155428526718025,0.3013613803736296,0.2955093058601004,0.33351641083341704,0.3064943404353093],"val_acc":[0.8286666666666667,0.8486666666666667,0.8663333333333333,0.8756666666666667,0.8746666666666667,0.869,0.8818333333333334,0.8823333333333333,0.884,0.8735,0.8855,0.8881666666666667,0.89,0.8845,0.8883333333333333,0.8915,0.89,0.8898333333333334,0.8898333333333334,0.8951666666666667,0.8928333333333334,0.8946666666666667,0.8976666666666666,0.895,0.893,0.8901666666666667,0.897,0.8943333333333333,0.8875,0.8968333333333334,0.8876666666666667,0.8908333333333334,0.8895,0.8908333333333334,0.895,0.8945,0.8911666666666667,0.8966666666666666,0.8855,0.8951666666666667],"train_loss":[0.6184178895964663,0.43743918250853664,0.39469752087620913,0.36845234898229307,0.3507503985911515,0.33499831042396727,0.3212592787810388,0.3115959500662084,0.3020866954877376,0.29320697906594706,0.28504153723697295,0.2783913083522306,0.2724463658239435,0.26702105437188284,0.2611710058696757,0.2554645431837658,0.2505056745777697,0.24620740477458175,0.2400856717266865,0.23776676895503746,0.2329647941350279,0.2301386689903807,0.22557118474024213,0.22277548991655793,0.21869327595830973,0.21796581580447458,0.21280943074777045,0.21073692344347947,0.20709767142481317,0.20428900490822446,0.2011525812897996,0.1992346107778771,0.19398552411925873,0.1928821548900216,0.1911345146013876,0.1874024247713069,0.18592473285643954,0.18427890951404388,0.18224758655888124,0.1808940652817493],"train_acc":[0.7867222222222222,0.8485,0.8623888888888889,0.8712037037037037,0.8776296296296296,0.8812592592592593,0.8867592592592592,0.8908148148148148,0.8921296296296296,0.8955,0.8984629629629629,0.9015925925925926,0.9030555555555555,0.9050555555555555,0.9068703703703703,0.9086296296296297,0.9098148148148149,0.9121666666666667,0.9143148148148148,0.9157222222222222,0.9156666666666666,0.9162037037037037,0.9198888888888889,0.9210925925925926,0.9219074074074074,0.9232222222222223,0.9242222222222222,0.9246111111111112,0.9258703703703703,0.9269259259259259,0.9283518518518519,0.9292222222222222,0.9319074074074074,0.9309444444444445,0.9319259259259259,0.9330555555555555,0.9338703703703704,0.9347037037037037,0.9354814814814815,0.9364814814814815]},"test_accuracy":0.8778}