{"train_accuracy":0.8552962962962963,"confusion_matrix_table":{"artifact_path":"wandb-client-artifact://ygozk9b1mx4vafexbch774e84lc944yeiveritj15cuy5se68uxcb5lfe23eu5hohns3ihqupav2j2668jk982ybunud17anm135pe638i64kcewubuylr5chjloxc2i/confusion_matrix_table.table.json","_latest_artifact_path":"wandb-client-artifact://bu0u3fzlsttjaaatazo2hupc4sw204c2lfkq6gpmnzkv89hkbrkgpq0ore46a7w4keiqxxs1zbv8dskslz0gxz7eu0ueu8tk454liluciw2cp425g32kwnox29q85uj9:latest/confusion_matrix_table.table.json","path":"media/table/confusion_matrix_table_13_b9fda3bcd803e6a96edd.table.json","ncols":3,"nrows":100,"_type":"table-file","sha256":"b9fda3bcd803e6a96eddf877f800fcfe9ffec6506afdc930998e3b8593b85f79","size":2935},"_timestamp":1.7412401480080256e+09,"_runtime":17.957464746,"val_loss":0.43998042056312947,"epoch_time":2.7713425159454346,"_step":13,"train_loss":0.4111402522090371,"_wandb":{"runtime":17},"Model Run history":{"val_loss":[0.47997523753565435,0.48808450810693527,0.43340906545821406,0.4552567284880953,0.4375369754368402,0.4423766434764987,0.41392072355161297,0.41582990400302605,0.4078147279481207,0.43998042056312947],"val_acc":[0.8311666666666667,0.8258333333333333,0.8485,0.8408333333333333,0.8396666666666667,0.8425,0.8548333333333333,0.852,0.8591666666666666,0.8453333333333334],"train_loss":[0.6404768983852143,0.4724686472876851,0.4516722704041439,0.4415427691110216,0.42789424420201133,0.42585130014871686,0.42226356206009824,0.4192467093810155,0.41469788303377175,0.4111402522090371],"train_acc":[0.7758148148148148,0.8340555555555556,0.8415925925925926,0.847,0.8504259259259259,0.8512222222222222,0.8516666666666667,0.8527407407407407,0.8535,0.8552962962962963]},"epoch":10,"total_training_time":16.601616144180298,"val_accuracy":0.8453333333333334,"test_accuracy":0.8314}