{"_wandb":{"runtime":17},"_runtime":17.964307578,"_step":13,"Model Run history":{"val_loss":[0.58592710247473,0.48062370893498957,0.5121845113447445,0.4383581701618301,0.42757785256141856,0.40950977798316457,0.4472415211722344,0.4122392728545987,0.4019778893161195,0.4001031243155203],"val_acc":[0.7893333333333333,0.8295,0.8245,0.8453333333333334,0.8535,0.8595,0.8381666666666666,0.8588333333333333,0.8605,0.8618333333333333],"train_loss":[0.7852621175557859,0.5164655997432007,0.46732344082517097,0.44013681307010605,0.4213538144633741,0.40708488903244366,0.3953890203841084,0.38466324424146714,0.37724655293443987,0.36975328828892634],"train_acc":[0.7419259259259259,0.8195,0.8363703703703703,0.8459814814814814,0.8534074074074074,0.8567777777777777,0.8601481481481481,0.8652592592592593,0.8663333333333333,0.869574074074074]},"_timestamp":1.74124020334202e+09,"epoch":10,"val_loss":0.4001031243155203,"test_accuracy":0.8485,"total_training_time":16.791042804718018,"epoch_time":1.7147200107574463,"confusion_matrix_table":{"artifact_path":"wandb-client-artifact://3pn097k85gibxdk4khr2di4z065h6l79hh33p0b2k4ff4nxusio5teu2rmi5zztcw88ensqkbb67vr30ey03qebex98ghsmc5gjk5rbbm2da0n2hsjt2d1pcp0p7nych/confusion_matrix_table.table.json","_latest_artifact_path":"wandb-client-artifact://22257d9mf97l1od318x5k27fzmsezvlya0cahahih36hsedvgfzwwa67jiot6eavz2kxnj2f96jo663pahd1paifeocdqpk9fnu18rhxcnvwntf5g1gpsm3209tieqql:latest/confusion_matrix_table.table.json","path":"media/table/confusion_matrix_table_13_87bec272b7fd0d48a555.table.json","ncols":3,"nrows":100,"_type":"table-file","sha256":"87bec272b7fd0d48a55593fb8621278742ce3ffa16c8dfa36a35cd9c0a449451","size":2937},"train_loss":0.36975328828892634,"val_accuracy":0.8618333333333333,"train_accuracy":0.869574074074074}