{"_timestamp":1.7412030484801364e+09,"val_loss":0.369607879576703,"test_accuracy":0.8543,"_wandb":{"runtime":64},"_step":8,"total_training_time":63.6888427734375,"val_accuracy":0.8638333333333333,"_runtime":64.93645938,"train_loss":0.3291809057402747,"Model Run history":{"train_loss":[0.481809601677492,0.3818881704700942,0.3575320336516413,0.3426039597728676,0.3291809057402747],"train_acc":[0.8277407407407408,0.8632777777777778,0.8701296296296296,0.8747222222222222,0.8821851851851852],"val_loss":[0.38854147421162394,0.3776965793576083,0.37351103382903,0.3544997186071733,0.369607879576703],"val_acc":[0.8571666666666666,0.8548333333333333,0.8635,0.8695,0.8638333333333333]},"train_accuracy":0.8821851851851852,"confusion_matrix_table":{"size":2929,"artifact_path":"wandb-client-artifact://mc48xushgvxoubdrwda0ff4f4pzd813avllr37xu6c6x787vzfl42034l16osz5pgam08ec6lzw92raezkwfda2jurehp5198dptr9f3wl2kk53cce9bwp8d85l7cli6/confusion_matrix_table.table.json","_latest_artifact_path":"wandb-client-artifact://tz46w4tp6z975x6npgaozc84ys9i253oo277c77fl3u6t875byb7rh9ufl2u08p4qzmsx3gw2t2xpql7er29vmfnoifp0ge0n75j7feaphi3zi4p014qfyco98lqpfqx:latest/confusion_matrix_table.table.json","path":"media/table/confusion_matrix_table_8_ee03027fbab18d75d3d0.table.json","ncols":3,"nrows":100,"_type":"table-file","sha256":"ee03027fbab18d75d3d0d5f87501abddaa9b12b29e9b17014954dbb81e83eb44"},"epoch":5,"epoch_time":12.713479042053223}