{"epoch":5,"epoch_time":18.38730812072754,"_wandb":{"runtime":100},"val_accuracy":0.8326666666666667,"confusion_matrix_table":{"nrows":100,"_type":"table-file","sha256":"f56786bfc7c60dad4a157946efc764cca02b9b372042447fdc49275c7d5acb86","size":2933,"artifact_path":"wandb-client-artifact://wmaki9koefw4xjjo9maketkenu7360162d038z4wcqewnropq3csmwxmact9di3hjhxq6os830fupjzbldv78h8mg120g3jxn9l3g5e1ep3t85h88zxxx06vfs4d0ijt/confusion_matrix_table.table.json","_latest_artifact_path":"wandb-client-artifact://qk270is2jynzrvhvbofchjjcbarhfmbsauf2tziqqlozpyhu48s8hrn1yxy22mmfh8cs32spy4sj5r63uo6t9ojakq9hq45u4hbc8ps0oe5gmb4kjko5ibqa0q36pncf:latest/confusion_matrix_table.table.json","path":"media/table/confusion_matrix_table_8_f56786bfc7c60dad4a15.table.json","ncols":3},"test_accuracy":0.8198,"train_loss":0.5167997646123268,"total_training_time":96.50527596473694,"_runtime":100.004391277,"_step":8,"val_loss":0.4809585583882079,"train_accuracy":0.8212037037037037,"Model Run history":{"train_loss":[0.7005875515604426,0.5621987260526307,0.536022380917025,0.5257483031420148,0.5167997646123268],"train_acc":[0.7611111111111111,0.8046851851851852,0.8149444444444445,0.8192777777777778,0.8212037037037037],"val_loss":[0.5132559813226849,0.4813854934696179,0.4890687107388433,0.5872452419251804,0.4809585583882079],"val_acc":[0.8205,0.835,0.829,0.7951666666666667,0.8326666666666667]},"_timestamp":1.7411935905941145e+09}