{"_step":7,"_runtime":12.57807573,"train_accuracy":0.39408,"total_training_time":10.472784519195557,"test_accuracy":0.4214,"train_loss":1.7180887570253274,"epoch":5,"epoch_time":2.187854766845703,"_wandb":{"runtime":12},"_timestamp":1.7409070117993317e+09,"val_accuracy":0.4202,"confusion_matrix":{"format":"png","width":1000,"height":800,"_type":"image-file","sha256":"dc1e90dc66f9699ae893fccfdf2173f70003577ab0631497c614ec52ee42a891","size":65035,"path":"media/images/confusion_matrix_7_dc1e90dc66f9699ae893.png"},"val_loss":1.664545616544484}