{"total_training_time":166.32109236717224,"_timestamp":1.742212224191846e+09,"train_accuracy":0.9654814814814815,"val_accuracy":0.9618333333333333,"_wandb":{"runtime":168},"epoch_time":32.946216344833374,"train_loss":0.1398151811480004,"_step":5,"val_loss":0.12295031270803382,"epoch":5,"_runtime":167.115699695}