{"_step":4,"confusion_matrix":{"size":47694,"path":"media/images/confusion_matrix_4_eeb0506a246ffcc9797f.png","format":"png","width":1000,"height":800,"_type":"image-file","sha256":"eeb0506a246ffcc9797f7505551ea890587a4a0c691739bbc1671b2cdcb3120a"},"val_accuracy":0.09833333333333333,"total_training_time":13.4373459815979,"_wandb":{"runtime":15},"_timestamp":1.7410051782275927e+09,"train_loss":2.3030309825610535,"epoch_time":6.978159666061401,"epoch":2,"train_accuracy":0.10135185185185185,"_runtime":15.946641923,"test_accuracy":0.1,"val_loss":2.30314415550374}