{"confusion_matrix_table":{"size":2928,"artifact_path":"wandb-client-artifact://6dgu5ao3jcwxsw0l7b59tknjaa4tsciusdn8cshgme187un7oqjibchv001i5zma178mvmn8tx71oj26udx8hmjadkoldduudiey0sujjl46gog1xo3t3h4glnwkgo7f/confusion_matrix_table.table.json","_latest_artifact_path":"wandb-client-artifact://8g6pw0kg75km1vcg3kzi731scdnd52i74gagokdanx8iexcf0ntr2evanzvq0miianiveb6daf7mwrnmlnux3q8rnl525njlj5apc40zfrajnxkdqusnrdwxlbtdp3m9:latest/confusion_matrix_table.table.json","path":"media/table/confusion_matrix_table_43_934df5576fd856ebed31.table.json","ncols":3,"nrows":100,"_type":"table-file","sha256":"934df5576fd856ebed31a09dab0fb9a7df47f30e75d3bf35f655564f8b4edddd"},"val_loss":0.30414576262942095,"train_accuracy":0.9112407407407408,"epoch_time":6.853391647338867,"_runtime":286.681090658,"val_accuracy":0.8871666666666667,"_step":43,"_timestamp":1.7413597984037576e+09,"_wandb":{"runtime":286},"total_training_time":285.40574383735657,"Model Run history":{"val_loss":[0.41044425476059015,0.40979321065937474,0.34698749749585406,0.3600059767722287,0.3253851957505388,0.3355495044581861,0.3440838410932627,0.33234193973608617,0.3331010130723907,0.374253463632425,0.35548323749143956,0.32401106185837164,0.31806165909961076,0.3071784131432993,0.30965300067107976,0.33325903491518544,0.311018579781446,0.31851151138954786,0.3137516319973768,0.305839393449086,0.3176780949071793,0.3381607928052882,0.30805909407218174,0.31663243335659347,0.32237020979963216,0.3097855358204359,0.3230950753439705,0.32836360150098104,0.30359086726685874,0.30675009451707047,0.29984064248430814,0.2954014035360799,0.30951945300143036,0.3245300741695215,0.2962821367287991,0.336610909601379,0.32314848907187416,0.3014916398197141,0.3018302457221978,0.30414576262942095],"val_acc":[0.8471666666666666,0.8483333333333334,0.872,0.8733333333333333,0.8826666666666667,0.8743333333333333,0.8695,0.8841666666666667,0.8786666666666667,0.8611666666666666,0.8645,0.8766666666666667,0.8841666666666667,0.8868333333333334,0.8893333333333333,0.8795,0.8856666666666667,0.8868333333333334,0.8868333333333334,0.8895,0.8796666666666667,0.8836666666666667,0.8866666666666667,0.8838333333333334,0.8841666666666667,0.888,0.882,0.8765,0.8906666666666667,0.8931666666666667,0.8923333333333333,0.8945,0.8898333333333334,0.8823333333333333,0.8961666666666667,0.8795,0.885,0.8923333333333333,0.8891666666666667,0.8871666666666667],"train_loss":[0.49077445837281786,0.38186538291997124,0.3550466263453336,0.33811011934322954,0.32464678881913805,0.3167006022282976,0.30940024160115387,0.30322796599644875,0.2965647359187949,0.2924204132858909,0.2886287020872484,0.2868202595259093,0.2823041946444397,0.2780396127081094,0.2778717179609999,0.27256842480079907,0.27195932229471437,0.2692361974652057,0.2655728723688744,0.26494608882993165,0.26139075842390475,0.2628598819882182,0.2593404304227818,0.25981692301694975,0.25814286423931815,0.25657314582542734,0.25500263833037545,0.2546587753756229,0.2520349603775582,0.250704274260209,0.2500182338360717,0.25004882644739657,0.24845326158698378,0.24945687773664452,0.2472966138384274,0.2456208044720022,0.2454128522790702,0.24394977128993564,0.24395205849628596,0.24032848342312005],"train_acc":[0.8253333333333334,0.8621666666666666,0.8728703703703704,0.8767222222222222,0.8814074074074074,0.8845185185185185,0.8855555555555555,0.8898518518518519,0.8902777777777777,0.8917777777777778,0.8936111111111111,0.8954814814814814,0.8955925925925926,0.8978888888888888,0.8985555555555556,0.8990555555555556,0.8995740740740741,0.9007407407407407,0.9020370370370371,0.9015925925925926,0.9033518518518519,0.9028703703703703,0.9039444444444444,0.9034814814814814,0.9048703703703703,0.9051851851851852,0.904537037037037,0.9058333333333334,0.9075185185185185,0.9068888888888889,0.9081481481481481,0.907,0.907425925925926,0.9071111111111111,0.9080370370370371,0.9088703703703703,0.9085925925925926,0.9087962962962963,0.9097407407407407,0.9112407407407408]},"epoch":40,"train_loss":0.24032848342312005,"test_accuracy":0.8787}