{"Model Run history":{"val_acc":[0.9398333333333333,0.9538333333333333,0.9565,0.9573333333333334,0.9563333333333334,0.9618333333333333,0.957,0.9605,0.965,0.961],"train_loss":[0.29112326476074285,0.16114414143451178,0.13355087960868117,0.11383509496302702,0.09857669705394571,0.09385892161965753,0.08194751935416443,0.08000667628104237,0.07479701185289185,0.07181518128762039],"train_acc":[0.9111296296296296,0.9527407407407408,0.9591851851851851,0.9648518518518518,0.969925925925926,0.9710555555555556,0.9743518518518518,0.9751851851851852,0.9765185185185186,0.9771851851851852],"val_loss":[0.18635206795252304,0.15382954973967783,0.13464652013662845,0.14274152694078635,0.13928449250948535,0.13108846224684376,0.13705160323129192,0.13377155009143998,0.12727826416440566,0.14547917987347556]},"train_loss":0.07181518128762039,"_step":13,"epoch":10,"test_accuracy":0.9613,"confusion_matrix_table":{"sha256":"6deb6d22c99d11918a21b4783f9ab8856109d308d31c06921eb18699a5f17d85","size":1794,"artifact_path":"wandb-client-artifact://dl6inxb43oveh2r3zqyct2vva0cmuta42tihdakq5zeiigcsodwx5kra161tc47i47eolj1ut5bj7mbqv78ypw347tguc4n3t3879i6eq7g6xtu1ieclrrasvpggpl0w/confusion_matrix_table.table.json","_latest_artifact_path":"wandb-client-artifact://yutzdlzij1ivj0kontt6pkcg5de075pgx1c63d3e5l8lh7ttkg6j1j0rmeg1kmr601t9ljlsnzww6hxtfv1w6b49m7zykavb8hys0yjc5ugleqikql0li85ied3kubgm:latest/confusion_matrix_table.table.json","path":"media/table/confusion_matrix_table_13_6deb6d22c99d11918a21.table.json","ncols":3,"nrows":100,"_type":"table-file"},"_runtime":17.60881567,"total_training_time":16.56966996192932,"_wandb":{"runtime":17},"epoch_time":1.4916231632232666,"val_accuracy":0.961,"val_loss":0.14547917987347556,"train_accuracy":0.9771851851851852,"_timestamp":1.7422143943909028e+09}