{"total_training_time":23.582255363464355,"test_accuracy":0.882,"epoch":10,"confusion_matrix_table":{"_type":"table-file","sha256":"1176cd67a775381071449e35a86f651d2a8ea16f9b04f002c8693a050c386854","size":2928,"artifact_path":"wandb-client-artifact://215mtjbhl7v4py4flxegfao1fg36j4zammgtgvb6vzj04wd76613cbgyozojhsjzipw7m7pczfsacoda8eu90cw2u7ptg7rjlkkz8iyx4zo77mr4iyc9fs1kxwftd6k9/confusion_matrix_table.table.json","_latest_artifact_path":"wandb-client-artifact://y402wnme0fwwsl255wjm9oc6n1uqp7nuwvm57k49dgsz4mlgwyd5h04vetiadmzarncwa06t24nzdvvphrsq82di30pzbzf6vversof4bz1a9j6rxxnuybp0emc7xizs:latest/confusion_matrix_table.table.json","path":"media/table/confusion_matrix_table_13_1176cd67a77538107144.table.json","ncols":3,"nrows":100},"epoch_time":2.3832974433898926,"Model Run history":{"train_loss":[0.5346323178491442,0.3825244012788112,0.3548577300713968,0.33138443142754115,0.31298105846516633,0.3003936994428171,0.29143534641676677,0.27823752080314146,0.2709376884459442,0.263001989059038],"train_acc":[0.8058703703703703,0.8602777777777778,0.8706666666666667,0.8771666666666667,0.8836851851851852,0.8879444444444444,0.890962962962963,0.8957407407407407,0.8986111111111111,0.900425925925926],"val_loss":[0.41076709385910926,0.36548999227049284,0.3604040909483074,0.33290210234982603,0.34346686986214575,0.3280683817583672,0.33117960700083254,0.31867174305468365,0.31219155995544395,0.3034754974730198],"val_acc":[0.8483333333333334,0.8646666666666667,0.8683333333333333,0.8751666666666666,0.8756666666666667,0.8803333333333333,0.8805,0.8853333333333333,0.892,0.8886666666666667]},"train_loss":0.263001989059038,"_timestamp":1.741204874058636e+09,"val_loss":0.3034754974730198,"_wandb":{"runtime":24},"_step":13,"_runtime":24.799123456,"train_accuracy":0.900425925925926,"val_accuracy":0.8886666666666667}