{"_wandb":{"runtime":728},"_timestamp":1.7413528620280726e+09,"Model Run history":{"train_loss":[0.7129738283995497,0.4933291846380346,0.4456034220238812,0.41402783003156174,0.3921343444987897,0.375818615025701,0.36320684570682277,0.35032511754339585,0.34139012094328547,0.3319027870784037,0.32391935628814045,0.3160649856667204,0.3095586171692807,0.3032195641142638,0.297781755855095,0.2914668025737431,0.2851746609118195,0.28115738516086974,0.27712979398596194,0.27070310854442164,0.2675396382377173,0.2629819587661682,0.2585922987609628,0.25489656086163515,0.250827413973556,0.2462443229438987,0.24315359564964675,0.24071896870977794,0.2366296372635562,0.2323422985209226,0.22912998869041754,0.22578761679031656,0.2225331039045576,0.21938184653135687,0.2176300496847021,0.21409250121156048,0.2103594404237796,0.20796497503405886,0.20451958248752927,0.20151387253537273],"train_acc":[0.7632037037037037,0.8301481481481482,0.8439074074074074,0.8557407407407407,0.8645185185185185,0.8686296296296296,0.8718518518518519,0.8773148148148148,0.8793888888888889,0.8840185185185185,0.8859259259259259,0.8892222222222222,0.8901481481481481,0.8932592592592593,0.8942777777777777,0.8966481481481482,0.8987962962962963,0.8994074074074074,0.9013703703703704,0.9048888888888889,0.9047407407407407,0.9068148148148149,0.908537037037037,0.9092592592592592,0.9118333333333334,0.9126296296296297,0.9145185185185185,0.9144444444444444,0.9150555555555555,0.9182962962962963,0.9191111111111111,0.9208333333333333,0.9217962962962963,0.9232037037037037,0.9236666666666666,0.9244259259259259,0.9261296296296296,0.9259814814814815,0.9279074074074074,0.9294259259259259],"val_loss":[0.5092088944047329,0.4472049271296462,0.4887785419991117,0.41703316257734935,0.41549640874039295,0.3808190762393576,0.3726834601135302,0.3622250049191667,0.3484993535475969,0.375279271075445,0.337899523771516,0.3439728632209752,0.34020323433442873,0.3257973069060546,0.32122466846045195,0.3177745342758513,0.3102305659740085,0.3093033060453012,0.310932520668976,0.3114146358422785,0.3160947910716636,0.32336431260222637,0.3103980914256575,0.32080016008919393,0.316843812635138,0.3021057117335756,0.30644608520786554,0.3013409764784788,0.3643752766180457,0.30869730174837917,0.2978620526629936,0.3378106643756215,0.29335080986530004,0.299965357327226,0.3002182146803251,0.2961311850669424,0.310010952581116,0.29015973188611155,0.28661811925433184,0.29976895797485686],"val_acc":[0.8195,0.8388333333333333,0.8103333333333333,0.8481666666666666,0.849,0.859,0.8635,0.866,0.8696666666666667,0.864,0.8773333333333333,0.8755,0.8768333333333334,0.8848333333333334,0.8835,0.8858333333333334,0.8871666666666667,0.8858333333333334,0.8871666666666667,0.885,0.8868333333333334,0.8831666666666667,0.8843333333333333,0.8831666666666667,0.887,0.8926666666666667,0.8873333333333333,0.8898333333333334,0.8685,0.888,0.8956666666666667,0.8788333333333334,0.8938333333333334,0.8938333333333334,0.8921666666666667,0.892,0.8873333333333333,0.8971666666666667,0.897,0.8926666666666667]},"train_accuracy":0.9294259259259259,"test_accuracy":0.8835,"epoch":40,"val_accuracy":0.8926666666666667,"_step":43,"val_loss":0.29976895797485686,"total_training_time":726.0824465751648,"train_loss":0.20151387253537273,"confusion_matrix_table":{"artifact_path":"wandb-client-artifact://gouzqwbwqoz0diemldxqn9r93fclegsbmrmp9ic35bsl62r9arcwddtipy74q7lqkvh6gpvv4cyeskjqvrday6u1uvdsq4k1szaqxolmsuqpijgwd2uvf2pov206ba1b/confusion_matrix_table.table.json","_latest_artifact_path":"wandb-client-artifact://weh033p5adnaidqzszpxdlgg06vbgh0x72uezux15bqydum0q1d6v7seilnnolwj5h8o65emqvlxnxlbio946ute5yk1fhxrdszcv69fp93jqpjf5ks38u75jiqnt3ji:latest/confusion_matrix_table.table.json","path":"media/table/confusion_matrix_table_43_f87782d114cf2e827d0c.table.json","ncols":3,"nrows":100,"_type":"table-file","sha256":"f87782d114cf2e827d0ce07fa60b2ec6438868371c8158f398de055ff60a5f8e","size":2929},"epoch_time":18.438233375549316,"_runtime":728.476027793}