{"val_loss":0.2926210350138233,"epoch":40,"epoch_time":7.08851957321167,"confusion_matrix_table":{"ncols":3,"nrows":100,"_type":"table-file","sha256":"094225604df6d7f64e5b2f7f491b268d1889d0c6a0b62b37f1c4073bcfc47ecc","size":2928,"artifact_path":"wandb-client-artifact://j1onme8w34kuiofci7namhqdv2tfkj29c3n2qevljo4njsfef28fk11d23dwrebt9c15wg0mfuuesy0kv2e8ywez9ek558w9pus0tze3txqsjsqhlwfnyf5ukmp4yrdk/confusion_matrix_table.table.json","_latest_artifact_path":"wandb-client-artifact://6eya2yq88ih88i73kzfw01sfhouiqhy0ghthfxtctb5z499qgvyrknx2ywrgjmee04jxq1yl5ov5mb5sifidq4rl5bnjf937lcvmqnwio0ggmg8524iql00co27uayzw:latest/confusion_matrix_table.table.json","path":"media/table/confusion_matrix_table_43_094225604df6d7f64e5b.table.json"},"train_accuracy":0.9353888888888889,"val_accuracy":0.8971666666666667,"_runtime":270.140883565,"_step":43,"_timestamp":1.7413620525235653e+09,"Model Run history":{"val_acc":[0.8336666666666667,0.8613333333333333,0.8653333333333333,0.8675,0.8666666666666667,0.8771666666666667,0.874,0.8786666666666667,0.866,0.8821666666666667,0.8843333333333333,0.883,0.8813333333333333,0.8866666666666667,0.874,0.8901666666666667,0.878,0.8881666666666667,0.8913333333333333,0.8896666666666667,0.8915,0.8936666666666667,0.895,0.895,0.8896666666666667,0.8881666666666667,0.891,0.8896666666666667,0.891,0.8946666666666667,0.896,0.897,0.8976666666666666,0.8858333333333334,0.8956666666666667,0.8876666666666667,0.88,0.8885,0.8941666666666667,0.8971666666666667],"train_loss":[0.6135503986660682,0.4381709661557173,0.3939722525961661,0.3692853841357133,0.3492227266697925,0.33568005563998615,0.3232975914121332,0.3132568846413621,0.30551457660320763,0.2951045340111412,0.287464095550548,0.2811926586812789,0.27546296972777656,0.26785995444048716,0.26351191959977216,0.2581050471770745,0.25282455147885063,0.24685436439429947,0.24404541226457685,0.23942750783332392,0.2368312981111472,0.2320363526587903,0.22809860422991912,0.2245026418443261,0.22160551291798508,0.2172915702737365,0.2149479389457472,0.21184387001606725,0.20843485157698144,0.20721003363323076,0.20266007338434608,0.20061028765224018,0.1986951304590042,0.19616400115781088,0.1933295629676637,0.19112288409477693,0.188699243523871,0.18672281080345207,0.18543771571849216,0.18204671389946742],"train_acc":[0.7875185185185185,0.8461851851851852,0.8617962962962963,0.870462962962963,0.8763333333333333,0.8825925925925926,0.8861296296296296,0.8883518518518518,0.8918703703703704,0.8952222222222223,0.8987407407407407,0.9011666666666667,0.9025185185185185,0.9043518518518519,0.9069814814814815,0.9083518518518519,0.9102037037037037,0.9121111111111111,0.9131111111111111,0.9142222222222223,0.9149814814814815,0.9169444444444445,0.9189074074074074,0.9209074074074074,0.920962962962963,0.923537037037037,0.9227962962962963,0.9233333333333333,0.9260185185185185,0.9262037037037038,0.9272592592592592,0.9291851851851852,0.9288333333333333,0.9303888888888889,0.9315555555555556,0.9324074074074075,0.9336666666666666,0.9338518518518518,0.9337222222222222,0.9353888888888889],"val_loss":[0.4489503770091715,0.3844859751514091,0.36368787686616355,0.35106485798924647,0.35309907959643383,0.33592663437647957,0.3384393775923857,0.33334799418092487,0.35068743519985335,0.31304751078538573,0.30903578595516124,0.317596866120674,0.31959648764119497,0.3070491845283563,0.3288959776035793,0.3043773953813513,0.32338062981671933,0.2949426386549591,0.3043972568941884,0.3053890003741574,0.29941746362441735,0.29616133363453023,0.29518783952691646,0.28678421548103833,0.3017524915480294,0.31780967207445054,0.299439279212927,0.3048731397254224,0.29960498066413876,0.2939641885303234,0.29912250210320895,0.29053395785778346,0.29021861196554793,0.32316526701787834,0.3027445910827769,0.3093222484589323,0.34623070135756473,0.33236667151364846,0.3111500818953419,0.2926210350138233]},"_wandb":{"runtime":270},"train_loss":0.18204671389946742,"total_training_time":268.92320346832275,"test_accuracy":0.8876}