{"epoch":5,"_step":7,"_wandb":{"runtime":16},"epoch_time":2.128108024597168,"confusion_matrix":{"height":800,"_type":"image-file","sha256":"5f3b4f0199cc39e4c0bbd90269aab388e8c692e9e54c4ed56aa007eb963b0d37","size":60073,"path":"media/images/confusion_matrix_7_5f3b4f0199cc39e4c0bb.png","format":"png","width":1000},"train_loss":0.3350544673623749,"val_accuracy":0.8711,"_timestamp":1.7409125193611171e+09,"val_loss":0.3575037880538991,"train_accuracy":0.87776,"_runtime":16.856822934,"total_training_time":15.779021978378296,"test_accuracy":0.864}