{"total_training_time":55.168848752975464,"test_accuracy":0.8694,"confusion_matrix_table":{"artifact_path":"wandb-client-artifact://zggawmyw4u71g43jxqd5e4sqq0o1vv1sv7a38f3usdg1y9kxx58z4cpr5zj55g8jxbpkq8s6b5d5ps5pek3juqtx5k0x1lhtxkfeycygsdb5y9jjdwdudxrc0afoftx6/confusion_matrix_table.table.json","_latest_artifact_path":"wandb-client-artifact://hmbrwpbr5pvlh3l0ae8luiv72wkynlxwlp3qqouex3lrmguj3u4zktdx4emfokctcm32il88lxyvw347bv99u763df2r3drjpblo74asynxvgf96zl630239lsgstb3m:latest/confusion_matrix_table.table.json","path":"media/table/confusion_matrix_table_13_4ed7f64fc9165f355137.table.json","ncols":3,"nrows":100,"_type":"table-file","sha256":"4ed7f64fc9165f355137e8012edc3c1fb9f8cca3da6f937cc08a39274b44d6a6","size":2929},"_wandb":{"runtime":56},"train_accuracy":0.8929444444444444,"_runtime":56.282188068,"val_loss":0.3180627609076165,"train_loss":0.29092788506952094,"_timestamp":1.7412004845982695e+09,"val_accuracy":0.8801666666666667,"epoch":10,"_step":13,"Model Run history":{"train_loss":[0.49368625206884764,0.3787734675244854,0.35219770748389906,0.3383414522565343,0.32500600539076085,0.3171082596554833,0.30779989375724026,0.3020637046211527,0.29546619765203797,0.29092788506952094],"train_acc":[0.822,0.8631111111111112,0.871462962962963,0.8757962962962963,0.8817222222222222,0.8835,0.8869259259259259,0.889462962962963,0.8897962962962963,0.8929444444444444],"val_loss":[0.39006515817278814,0.3973571318486607,0.34042282251232464,0.35861366100687186,0.33429730687212683,0.3344522762769814,0.3510869047953793,0.3259346406873802,0.32738339956784157,0.3180627609076165],"val_acc":[0.8583333333333333,0.8556666666666667,0.8711666666666666,0.862,0.8758333333333334,0.8748333333333334,0.8708333333333333,0.8778333333333334,0.878,0.8801666666666667]},"epoch_time":6.148674488067627}