{"_runtime":8.157508203,"val_loss":0.19990280010999303,"train_loss":0.20456998399186974,"_step":8,"val_accuracy":0.9428333333333333,"train_accuracy":0.9457037037037037,"total_training_time":6.985293865203857,"test_accuracy":0.9473,"epoch_time":1.3021175861358643,"confusion_matrix_table":{"_latest_artifact_path":"wandb-client-artifact://8oiesivzfk1q3ad40wo35vqp7u9up8tad3yg93o3uulrkias3ub59ndbccrcyvnavposhyj2oir6ubywedgghuzjgxiewab3pzb4yfoo2o4f3lj92qpcsfmhzf18qpve:latest/confusion_matrix_table.table.json","path":"media/table/confusion_matrix_table_8_919afb4fe296986b5fed.table.json","ncols":3,"nrows":100,"_type":"table-file","sha256":"919afb4fe296986b5feddb1327ba55f32e9e7c043c24fd6863265e59d181aad1","size":1797,"artifact_path":"wandb-client-artifact://k9sp0924v0x5cdjme6d92aoa9fsuzv8dk6cbhdt2t5kok3gcuicnbvj6fnl9lrbdh13zw5g0m2ffmvjrh0vssglmr521hro35vtvvuge47ocstn2707t64oeubtg6hld/confusion_matrix_table.table.json"},"_wandb":{"runtime":8},"_timestamp":1.7422137725010986e+09,"epoch":5,"Model Run history":{"train_acc":[0.904425925925926,0.9352222222222222,0.9413333333333334,0.9439814814814815,0.9457037037037037],"val_loss":[0.23628125779833833,0.22001956310936013,0.2066168245904256,0.19004835191104408,0.19990280010999303],"val_acc":[0.9278333333333333,0.9356666666666666,0.9386666666666666,0.9453333333333334,0.9428333333333333],"train_loss":[0.3366180533410367,0.23407151882715613,0.21644661344863705,0.20840325381956495,0.20456998399186974]}}