{"_timestamp":1.742214027667484e+09,"val_accuracy":0.945,"test_accuracy":0.9482,"_wandb":{"runtime":9},"total_training_time":8.376397132873535,"train_loss":0.2272603647926537,"train_accuracy":0.943037037037037,"epoch":5,"Model Run history":{"train_loss":[0.34759636598492605,0.2531958910079232,0.23889667667977615,0.23345815200898776,0.2272603647926537],"train_acc":[0.9072777777777777,0.9346111111111111,0.9385,0.9407407407407408,0.943037037037037],"val_loss":[0.2605558125744953,0.22284527117183126,0.21626410696697823,0.2156393583716944,0.21028616441510092],"val_acc":[0.9301666666666667,0.9445,0.9421666666666667,0.9445,0.945]},"epoch_time":1.6102533340454102,"val_loss":0.21028616441510092,"confusion_matrix_table":{"size":1801,"artifact_path":"wandb-client-artifact://i1u0nxoe4iwg1jjgoxhz7r2slkzbd60k1lbam3qrvqx5lkpc28y420jukkbwi8z2h374shn8afyl4qr7b7gcfbp0p3z4mi5lm99ievjkbyo0k0ukdq1d6voeeudgyjhb/confusion_matrix_table.table.json","_latest_artifact_path":"wandb-client-artifact://ntbrdserx1k6jg8ik1e8asoc9ohfpyyxre66ouk66gc9jrsxnzz9uemkc792emhlkhqbelp7xbu701ufjm9jc5scqlbwuswjsvg2kc89cby5obbicxn98zf7jpmp83ll:latest/confusion_matrix_table.table.json","path":"media/table/confusion_matrix_table_8_0bc6bc7f14de0e3f12dd.table.json","ncols":3,"nrows":100,"_type":"table-file","sha256":"0bc6bc7f14de0e3f12dd53f3fcf4cfa79dda4b26e15a873c1da6a173b4d37526"},"_step":8,"_runtime":9.40485437}