{"confusion_matrix_table":{"sha256":"546a91c50227d6b520997e0058428587f078d00fd61b9c5b6055be71629775b0","size":2930,"artifact_path":"wandb-client-artifact://77je9ia0j1wa03q95fd2prijqu3ry9qlueoxdn1fddxkb7pc5axk1yxtdy6t4k9a4avrob0y64xfuy3on4jcyji43kawlxyx3mdt882a4b8z02fwepr90ubpehnxyjhr/confusion_matrix_table.table.json","_latest_artifact_path":"wandb-client-artifact://chz2nyldb6uuua5f4zks38p1kltqui1i8r6hhkallqk7wqid2wscxqxcwoh1q6roykmvqk4gnztmfa1urfgko7x8yp84xb0jmdhnbjn8z0o527r86rlwj2qy06mrecz4:latest/confusion_matrix_table.table.json","path":"media/table/confusion_matrix_table_13_546a91c50227d6b52099.table.json","ncols":3,"nrows":100,"_type":"table-file"},"train_accuracy":0.8920370370370371,"val_accuracy":0.8813333333333333,"total_training_time":19.886971950531006,"epoch":10,"_wandb":{"runtime":21},"_timestamp":1.7412051586513093e+09,"val_loss":0.33053399344536827,"_step":13,"test_accuracy":0.8712,"_runtime":21.114498477,"train_loss":0.2962445500273599,"Model Run history":{"train_loss":[0.54513815083328,0.4032410809863809,0.3733999592537905,0.35307485768731955,0.33771388994694773,0.3274044932957376,0.316668295639202,0.30918759883755587,0.30047301127824494,0.2962445500273599],"train_acc":[0.8131296296296296,0.8578148148148148,0.8672037037037037,0.8732037037037037,0.8778333333333334,0.8808333333333334,0.8842962962962962,0.8865925925925926,0.8911296296296296,0.8920370370370371],"val_loss":[0.41783395966112075,0.3848969860030078,0.3578128418648671,0.35109069977184515,0.36157246060434756,0.32957628785356863,0.3539288576573628,0.32335900893368197,0.34099716656687235,0.33053399344536827],"val_acc":[0.847,0.8581666666666666,0.8731666666666666,0.8723333333333333,0.8656666666666667,0.877,0.867,0.8815,0.8765,0.8813333333333333]},"epoch_time":2.460021495819092}