{"Model Run history":{"train_acc":[0.8008703703703703,0.8492037037037037,0.8581666666666666,0.8643333333333333,0.8721111111111111,0.8738703703703704,0.8775740740740741,0.8776851851851852,0.8802222222222222,0.8807777777777778,0.8820370370370371,0.8814444444444445,0.8849814814814815,0.8830740740740741,0.8843333333333333,0.8848333333333334,0.8860555555555556,0.8861851851851852,0.8883703703703704,0.8866666666666667,0.8882592592592593,0.8878148148148148,0.8889814814814815,0.8893888888888889,0.889537037037037,0.8890740740740741,0.8890740740740741,0.8884814814814814,0.8904074074074074,0.8892777777777777,0.8906481481481482,0.8901296296296296,0.8897777777777778,0.8913888888888889,0.8923148148148148,0.8915555555555555,0.8918518518518519,0.8928333333333334,0.8907407407407407,0.8915],"val_loss":[0.4229662299437539,0.3982414091489027,0.3567160775409941,0.40471007599889247,0.3586202969343543,0.3981965277300641,0.3442126188192352,0.3528958888734675,0.34590836407066017,0.31718283513862705,0.3717910114763668,0.352677884776008,0.31518563838740765,0.3465483064361675,0.34085201960304495,0.38048310813772207,0.3297533071416026,0.3930464642835706,0.33647571928289166,0.3784852010239469,0.344388620258467,0.34846555315612854,0.3086011675209489,0.3437407594089679,0.3610306377566757,0.3171042410750444,0.3555745308047932,0.324403898210815,0.3433249580148876,0.31470717723386205,0.32354040265008976,0.321247750780856,0.3141996093740446,0.3450502950540956,0.3294875867085033,0.32036645791069845,0.31326006589135635,0.34482352970665703,0.31203831690846284,0.31993338221664813],"val_acc":[0.8443333333333334,0.8468333333333333,0.871,0.8568333333333333,0.8651666666666666,0.8386666666666667,0.8745,0.8718333333333333,0.877,0.8816666666666667,0.8621666666666666,0.8708333333333333,0.884,0.8691666666666666,0.8733333333333333,0.8568333333333333,0.8791666666666667,0.851,0.8768333333333334,0.866,0.871,0.8763333333333333,0.8886666666666667,0.8781666666666667,0.8771666666666667,0.8811666666666667,0.8688333333333333,0.8763333333333333,0.8783333333333333,0.8826666666666667,0.8796666666666667,0.882,0.884,0.872,0.8768333333333334,0.8831666666666667,0.8875,0.8738333333333334,0.8866666666666667,0.8798333333333334],"train_loss":[0.5647821609912198,0.4259603338036418,0.39233179755858316,0.37537779130707855,0.35843425727075273,0.3507220558050023,0.34465704305349615,0.33744261653299645,0.33104511212234056,0.32798595522458435,0.32450745479085513,0.32266601492662833,0.31879745039349733,0.31992217597361466,0.3171471440697279,0.3130845034018262,0.3126973193140141,0.31240932268387145,0.30767055658537207,0.3082976165402033,0.3077260078255312,0.30801367271673097,0.3082364578895274,0.3066277124266654,0.30346822317677563,0.3032348168156924,0.30351471714733363,0.30186764457710197,0.29917448397334656,0.3014053467838019,0.3000220238492867,0.2994690229844632,0.3012903218848837,0.2982208756266542,0.297377094818082,0.2955552864574897,0.2965799719357142,0.29616914324859467,0.2961447218129239,0.2970300629108502]},"val_loss":0.31993338221664813,"test_accuracy":0.8719,"epoch":40,"confusion_matrix_table":{"path":"media/table/confusion_matrix_table_43_72dcd173a2bcce6a557f.table.json","ncols":3,"nrows":100,"_type":"table-file","sha256":"72dcd173a2bcce6a557f550f2cbcacea476aac640fa8a391ad84a618531a7f4a","size":2930,"artifact_path":"wandb-client-artifact://nb5pchsqiy53r5rweqd232ndhx6cl8sl0pueut6uqxcpcgmxdkhoomss8mvijmyp8xlvj7il5vsocvespjugcnfvep7mrin4smlfafnjdf3p80o9r82ywcr6ztdlotsi/confusion_matrix_table.table.json","_latest_artifact_path":"wandb-client-artifact://shjqb3qoqmkq2avhy0776tx2jwyrc60hxpjvy8qkfwki37fexon7fotbaugthrxj1vmb5alh99fa01d8draxellkd5eogqbsjljuu6yld566kj7o269hezua2sg1bx8a:latest/confusion_matrix_table.table.json"},"total_training_time":218.7594084739685,"_wandb":{"runtime":220},"epoch_time":5.673166275024414,"_timestamp":1.741344440727192e+09,"val_accuracy":0.8798333333333334,"_runtime":220.087727812,"train_accuracy":0.8915,"train_loss":0.2970300629108502,"_step":43}