{"_step":13,"Model Run history":{"val_acc":[0.8275,0.8208333333333333,0.8368333333333333,0.853,0.8385,0.8485,0.8493333333333334,0.8445,0.8528333333333333,0.864],"train_loss":[0.5378564511686441,0.458375350321036,0.4436733421578506,0.43283377984556365,0.4271181836074249,0.4196340626335198,0.4166133001932062,0.4118870261015216,0.41106557280247735,0.40820096029152486],"train_acc":[0.8154259259259259,0.8403333333333334,0.8462777777777778,0.8491111111111111,0.8506111111111111,0.854037037037037,0.8549814814814815,0.8568518518518519,0.8570185185185185,0.8580740740740741],"val_loss":[0.4861752854219524,0.49009292083158845,0.44159515628409945,0.41664187552145876,0.43659115035960533,0.43584049389312485,0.41359005610313104,0.42035594135296195,0.4065399684476098,0.39624512176551163]},"val_accuracy":0.864,"test_accuracy":0.8536,"epoch_time":5.520545244216919,"_runtime":55.181133791,"_wandb":{"runtime":55},"val_loss":0.39624512176551163,"_timestamp":1.7412005742367094e+09,"confusion_matrix_table":{"sha256":"b0a71ad78ce0ad93bd2569ab01d531524eedd8b5c646c9a1a369e30512152512","size":2934,"artifact_path":"wandb-client-artifact://lhyhwsj6zjh4ucdk87hvwyrskla7p8b3fi3dk3gov6jaazq5dgmjcqd43kokwafhqymbwxsw5u9qeuo75n90bgjzx9v7gwbne95o8f03h98d30msrcayuopx1nzyna7y/confusion_matrix_table.table.json","_latest_artifact_path":"wandb-client-artifact://cnfg49tk8npq8ctduq748847yh6xff4qinvvvije3lxnacd4n6wfcsmq97m78rjw5ri7914dznttxp4xquep3pnwazt8y5922hf9ip7z8t3hfo813wfhuk2a4gc8njhz:latest/confusion_matrix_table.table.json","path":"media/table/confusion_matrix_table_13_b0a71ad78ce0ad93bd25.table.json","ncols":3,"nrows":100,"_type":"table-file"},"train_loss":0.40820096029152486,"total_training_time":54.08045530319214,"train_accuracy":0.8580740740740741,"epoch":10}