{"val_accuracy":0.8753333333333333,"train_loss":0.350201285264636,"epoch_time":13.488513708114624,"_step":8,"_runtime":69.262669961,"_timestamp":1.7411940321842046e+09,"test_accuracy":0.8648,"val_loss":0.3383803574614147,"Model Run history":{"train_loss":[0.5632379699531944,0.42222352308543043,0.38445979072218367,0.3648975109438343,0.350201285264636],"train_acc":[0.8058888888888889,0.8523518518518518,0.8638333333333333,0.8706851851851852,0.8748148148148148],"val_loss":[0.43661464053911714,0.3675203878032148,0.34664238265401714,0.3405777285220224,0.3383803574614147],"val_acc":[0.8413333333333334,0.863,0.8741666666666666,0.8756666666666667,0.8753333333333333]},"_wandb":{"runtime":69},"train_accuracy":0.8748148148148148,"total_training_time":68.03645634651184,"confusion_matrix_table":{"_type":"table-file","sha256":"184dbe133b06dc833dcb84274282355d439b636bb1caef3791819a1f661d34b1","size":2928,"artifact_path":"wandb-client-artifact://20c59z0p56o5ex3pxmq15m3biwp4xrrgccch9in4a5m2mfvkkd5rirfraymlpfmpumbjjbcaq0dwoyalh1vhoq6eukl4nmq6fnayl75h2mpn8i4mqt1d7dcplwxhjzhq/confusion_matrix_table.table.json","_latest_artifact_path":"wandb-client-artifact://y4t7xrwct6ojdmcdbxrwy9vahoyms1lbtw0thveixbjmh4zsxk07swc7gxtbb5jc4f9a7w2jts3c227h5wg9yltxobq4bvyvseuqxgkvul2soezpt2p33iqa8rv4gyyd:latest/confusion_matrix_table.table.json","path":"media/table/confusion_matrix_table_8_184dbe133b06dc833dcb.table.json","ncols":3,"nrows":100},"epoch":5}