{"total_training_time":360.1362462043762,"train_loss":0.20074460451626516,"_runtime":361.718854959,"val_accuracy":0.8978333333333334,"Model Run history":{"val_loss":[0.5386731612561104,0.44822894125974877,0.44038830388611194,0.41472248411552337,0.3921848482561714,0.3831617290454697,0.39045996609641437,0.3533265601949732,0.35361257757356546,0.3680993058699002,0.34109087949209077,0.3346608979041574,0.3365935057943317,0.325033930159106,0.32801573578865934,0.32542498636156686,0.32985004687601427,0.30846523373019613,0.30320187854605357,0.3071181156689487,0.3227963228242726,0.31085113173188733,0.3142990255419063,0.34721989750764876,0.30012034138787064,0.31845166323869945,0.3053037263323094,0.29664070012108557,0.3522902549170851,0.3041182977253526,0.29372163661481565,0.2986928010132597,0.2943423314469662,0.34750829995301485,0.2879893847546799,0.29247167502492855,0.28950955610041973,0.2935631496652815,0.3526342419595686,0.29035283107350446],"val_acc":[0.8108333333333333,0.837,0.8441666666666666,0.8545,0.8595,0.8641666666666666,0.8566666666666667,0.8693333333333333,0.8738333333333334,0.8668333333333333,0.8773333333333333,0.8786666666666667,0.878,0.8833333333333333,0.8815,0.8855,0.879,0.8901666666666667,0.8921666666666667,0.8898333333333334,0.886,0.8875,0.8878333333333334,0.8716666666666667,0.8921666666666667,0.8808333333333334,0.8908333333333334,0.895,0.8738333333333334,0.8905,0.8931666666666667,0.8941666666666667,0.892,0.875,0.8953333333333333,0.894,0.8946666666666667,0.893,0.8796666666666667,0.8978333333333334],"train_loss":[0.7304200739354728,0.4935024377664062,0.4417777546954597,0.41392826827058027,0.39114173954719517,0.3758637470473971,0.3618845967914556,0.3512443083097128,0.3405743309294613,0.33108462185678095,0.3219960034998572,0.315236215873551,0.3084946394368614,0.3022923783361209,0.29672987617981367,0.29099148498624,0.28438610830992495,0.27871379333004614,0.2758996120228527,0.27031634032674345,0.26535044239439304,0.2605309617283412,0.25701971831320214,0.25379430014626847,0.24934298646526348,0.24507106506652537,0.240707141392546,0.23941535555496057,0.23433310103321325,0.2302686136165798,0.22784458655208512,0.2253009093050052,0.22107904245284382,0.21927948806265743,0.2142509524253392,0.21169200136675828,0.2094329360570457,0.2064620438812146,0.20249547272753288,0.20074460451626516],"train_acc":[0.7600740740740741,0.8310925925925926,0.8472407407407407,0.8557962962962963,0.8623703703703703,0.8692962962962963,0.8730740740740741,0.8759629629629629,0.8808148148148148,0.8828518518518519,0.8870370370370371,0.8891481481481481,0.8921666666666667,0.8937592592592593,0.8951111111111111,0.8971111111111111,0.899425925925926,0.9003703703703704,0.9024814814814814,0.9033333333333333,0.9059814814814815,0.9074629629629629,0.908962962962963,0.9099814814814815,0.9111666666666667,0.913537037037037,0.9145925925925926,0.9151111111111111,0.9165740740740741,0.9186851851851852,0.9198888888888889,0.9211851851851852,0.9219074074074074,0.9235925925925926,0.9241666666666667,0.9261481481481482,0.9256111111111112,0.9275740740740741,0.9292037037037038,0.9294629629629629]},"_timestamp":1.741342688866217e+09,"train_accuracy":0.9294629629629629,"_step":43,"val_loss":0.29035283107350446,"_wandb":{"runtime":361},"confusion_matrix_table":{"nrows":100,"_type":"table-file","sha256":"6962a197293e6427e8c3560d60b9c60a6e431d0f92a22949ceabcc530899a1b5","size":2930,"artifact_path":"wandb-client-artifact://bwabs5y6t5ewddasdq81w4bqqvqtdncruiyv50p3vbn9m8o7y2g5hxx2w8cvfhldvh6a6arwr9o0l9trimalvz0o3oj3u9cgisoqxptz3vor4xluawao2q1ruts0u1hd/confusion_matrix_table.table.json","_latest_artifact_path":"wandb-client-artifact://yrpvqda25k4bvgnt33lmfqwcdt3b1yf3clycw193kwljo6x2xps133indnw5tybap61oihei0608l2dy7nf37t2lvlx757lboy9bk64osprau084eo5c9bqmg9k9irdp:latest/confusion_matrix_table.table.json","path":"media/table/confusion_matrix_table_43_6962a197293e6427e8c3.table.json","ncols":3},"epoch_time":8.614139318466187,"epoch":40,"test_accuracy":0.8858}