{"train_accuracy":0.5927037037037037,"_runtime":34.563300268,"epoch_time":10.12564992904663,"_timestamp":1.741111656205304e+09,"_wandb":{"runtime":34},"val_accuracy":0.6636666666666666,"Model Run history":{"val_acc":[0.4548333333333333,0.6636666666666666],"train_loss":[1.5666605960195288,1.0168791128563108],"train_acc":[0.33496296296296296,0.5927037037037037],"val_loss":[1.2087371742421462,0.8429555068930831]},"train_loss":1.0168791128563108,"total_training_time":27.67833399772644,"epoch":2,"_step":5,"confusion_matrix_table":{"path":"media/table/confusion_matrix_table_5_33af8eb922830cbd2b53.table.json","ncols":3,"nrows":100,"_type":"table-file","sha256":"33af8eb922830cbd2b53b3720d42b29fe0342a325f3b1b5b8cb6473df0fc32f1","size":2934,"artifact_path":"wandb-client-artifact://wub4f4tzh982ko95pcex83xail2nsenatuitnmoqiqe1cpgogbwsciysd1ed657ok7ygydtk3khjlntcx81gawvrd1qyd4wm5wxks704f76corsnddfkeqhc0ctwk8gg/confusion_matrix_table.table.json","_latest_artifact_path":"wandb-client-artifact://qljfcyyab0zms8b00fu16tsqze8cho3wni521g2i2kkv12w2ve3sq1e5pwu0l8ootnt0mgppwxifkygxa7ocgs14zehbzk890pcoctq2fyiwyu2njh7l6i8p39yf19o5:latest/confusion_matrix_table.table.json"},"test_accuracy":0.6445,"val_loss":0.8429555068930831}