{"val_loss":0.311768311288701,"epoch_time":19.648706197738647,"epoch":40,"test_accuracy":0.8948,"_step":43,"val_accuracy":0.896,"_runtime":750.279626486,"_timestamp":1.7413563795829947e+09,"total_training_time":748.9253630638123,"train_accuracy":0.9486296296296296,"train_loss":0.15301410668097334,"Model Run history":{"train_loss":[0.5988877732328629,0.43396240692777177,0.3912888339380186,0.3653942287792843,0.34595889087382065,0.3288986067268038,0.3150848779451128,0.30523928424222513,0.29516362549307285,0.2844593133996522,0.2757608881402859,0.26800236270509936,0.2611437952808788,0.25365840709772464,0.2491885631421488,0.24305621394337412,0.23669274803726884,0.23058805416179912,0.22602004250364766,0.22202321368539285,0.2180852597617715,0.2121561437031273,0.2089157641658014,0.2041179665523054,0.2000079537965472,0.19656526894725562,0.19270769456486636,0.1883375818889585,0.18535647876241804,0.18224895967403862,0.17886769446788112,0.17489964881423242,0.17206077236291212,0.17007408962099907,0.16883418774423806,0.1646767705716918,0.16211904387476675,0.15855850108457728,0.15765623207891985,0.15301410668097334],"train_acc":[0.8010185185185185,0.8542222222222222,0.8690925925925926,0.8765555555555555,0.8832037037037037,0.8882962962962963,0.8927407407407407,0.8961851851851852,0.8996666666666666,0.9023888888888889,0.9072962962962963,0.9090185185185186,0.9127037037037037,0.9145740740740741,0.9151111111111111,0.9180185185185186,0.9191111111111111,0.922037037037037,0.9235555555555556,0.9241296296296296,0.9262222222222222,0.9273888888888889,0.9297037037037037,0.9309259259259259,0.9317962962962963,0.9331851851851852,0.9342777777777778,0.9372222222222222,0.9378703703703704,0.9383148148148148,0.9402592592592592,0.9411111111111111,0.9421296296296297,0.942,0.9430925925925926,0.9444259259259259,0.9460740740740741,0.9465925925925925,0.9476851851851852,0.9486296296296296],"val_loss":[0.4861988797110592,0.38416753766517453,0.35543740279163516,0.3564401078927486,0.32614238576195603,0.35848763359760877,0.32002945916895364,0.3077219497658451,0.3062072280428109,0.2985144057664824,0.3114280410653169,0.34112314563932244,0.2884021415949776,0.329557944104833,0.2958683126400961,0.2862163061652037,0.2978807521362988,0.3220060211322252,0.3258632413107431,0.2939075499497257,0.3044314715927926,0.2898622038781586,0.3169743586481021,0.2878980321397092,0.2862077072485061,0.30445757082271163,0.28088679099281516,0.2868045724786245,0.3068034033430469,0.2863703182808809,0.29815071388552516,0.3050084044249459,0.28360959307355293,0.29353014860469867,0.3286089739528724,0.291865295034533,0.3013023580869949,0.33392180722799847,0.3063386689120596,0.311768311288701],"val_acc":[0.8188333333333333,0.861,0.87,0.8646666666666667,0.8795,0.8681666666666666,0.8798333333333334,0.8858333333333334,0.887,0.8958333333333334,0.8853333333333333,0.8763333333333333,0.8923333333333333,0.8856666666666667,0.8938333333333334,0.8945,0.8866666666666667,0.8793333333333333,0.884,0.8926666666666667,0.8871666666666667,0.8958333333333334,0.8901666666666667,0.898,0.8968333333333334,0.8916666666666667,0.9003333333333333,0.898,0.8918333333333334,0.9008333333333334,0.897,0.8965,0.9008333333333334,0.898,0.8843333333333333,0.9018333333333334,0.9011666666666667,0.8863333333333333,0.8998333333333334,0.896]},"confusion_matrix_table":{"size":2926,"artifact_path":"wandb-client-artifact://s13g09l17e6u3qx3tw2pf58ra6zo1wepfbn5ytsiivx027v6w5opw29szj9kk5ftva96e8qkw4ypldfg5fy89qx30944v0yx13oq0rwpknubjevhocnor7zn0hqrat6l/confusion_matrix_table.table.json","_latest_artifact_path":"wandb-client-artifact://slhv5zd46pg4w12vwzug6vz5bkys029xd5wjco5nr6hzw5k5hwftjqf9rd17cuwkly2pkwgw57s8h8fj7go95lt8zx349fpfnsmjbgr10hwy8ysbrjmjhwbw0d5f1h9b:latest/confusion_matrix_table.table.json","path":"media/table/confusion_matrix_table_43_b65bdae9c06555e45957.table.json","ncols":3,"nrows":100,"_type":"table-file","sha256":"b65bdae9c06555e4595765a45ea401e282b3629b6d356c2befb75708cdfcf5ab"},"_wandb":{"runtime":750}}