{"epoch_time":2.938694715499878,"train_loss":0.37169321295193575,"confusion_matrix_table":{"_latest_artifact_path":"wandb-client-artifact://nty5ghgn8xcjo95rgv179pud92ray0sfjlk25ifcbk2op2dcc1ga477ucql3f8t3mkwfeivo43s56ieku0sf7xjsoxm9nhgchlb2u9tn53oqrt5d7sqf2nemlk5i0o33:latest/confusion_matrix_table.table.json","path":"media/table/confusion_matrix_table_13_65c14fde7f2ab1d37553.table.json","ncols":3,"nrows":100,"_type":"table-file","sha256":"65c14fde7f2ab1d37553e8aa2378a810ec4f39b79c5e8a76c46c07241deeeffe","size":2932,"artifact_path":"wandb-client-artifact://3mnwje5fpsirjm668qxng405toloancxwlk3n0tbkq57l1kqrf553ksbzczruy01ph3acjddvxy0jgbb4mrb1sbz29dfxg44dtd4o38a04nkjbvfkkdakylai0069bv3/confusion_matrix_table.table.json"},"_runtime":32.430212414,"_step":13,"total_training_time":31.277634620666504,"val_accuracy":0.8661666666666666,"epoch":10,"test_accuracy":0.8565,"_timestamp":1.7412007308005273e+09,"_wandb":{"runtime":32},"Model Run history":{"train_acc":[0.8092592592592592,0.8511296296296297,0.8592222222222222,0.8617592592592592,0.8625925925925926,0.8624259259259259,0.8663703703703703,0.8664259259259259,0.8672592592592593,0.8687407407407407],"val_loss":[0.4297665498646909,0.426717439304871,0.39832349204282613,0.40773773161163274,0.3811238490957991,0.40131926441648913,0.39979778132564453,0.4450026112517207,0.39005932714003566,0.3730731151626807],"val_acc":[0.8448333333333333,0.8441666666666666,0.8615,0.8511666666666666,0.8631666666666666,0.85,0.8506666666666667,0.8403333333333334,0.8611666666666666,0.8661666666666666],"train_loss":[0.5720732413071636,0.43327291037084825,0.4097355180079814,0.39564405946068243,0.3897128677407298,0.3858357504524492,0.3806668641096195,0.37772106988034554,0.3746339735793848,0.37169321295193575]},"val_loss":0.3730731151626807,"train_accuracy":0.8687407407407407}