{"train_accuracy":0.8437037037037037,"val_accuracy":0.847,"_wandb":{"runtime":59},"_step":8,"_timestamp":1.741203657863172e+09,"Model Run history":{"val_acc":[0.6821666666666667,0.8033333333333333,0.8243333333333334,0.84,0.847],"train_loss":[0.8380650959315826,0.5639610761831468,0.49984952168793495,0.46775036705232764,0.44698571637978396],"train_acc":[0.670425925925926,0.7983333333333333,0.8245555555555556,0.8334444444444444,0.8437037037037037],"val_loss":[0.8174526455094281,0.5354256242418517,0.48781416317426624,0.4345135815748494,0.43674470715202335]},"total_training_time":58.496176958084106,"epoch_time":11.40255093574524,"test_accuracy":0.8347,"train_loss":0.44698571637978396,"val_loss":0.43674470715202335,"_runtime":59.804632098,"confusion_matrix_table":{"ncols":3,"nrows":100,"_type":"table-file","sha256":"6e278db724899b7493ea26ff79671d9fca86c5732bc97e29dfe0cefbc3c57945","size":2938,"artifact_path":"wandb-client-artifact://xloozuqipo724dou7m4ei5s05qudk6j6coyrhyo8b8y0jf20hchry5gxi8pseo98nva610vgb4xidvitr6mal75xq81ujvh3nw1ec47ljauy1m4esieh0n93nv81i73k/confusion_matrix_table.table.json","_latest_artifact_path":"wandb-client-artifact://1xh47vl4as6pq18eho5fqj1985iiofpcqzkh3451tl4fvwgox2m8j6uv2otqwtacspp36si8dg2j9xdtay1xxtci8v3vt3tiw2uzm5hybk8bx7566gukwz95eob6fpfr:latest/confusion_matrix_table.table.json","path":"media/table/confusion_matrix_table_8_6e278db724899b7493ea.table.json"},"epoch":5}