{"val_loss":0.4141681133022848,"train_accuracy":0.8571851851851852,"_runtime":22.222165569,"total_training_time":20.814842462539673,"test_accuracy":0.8447,"confusion_matrix":{"height":800,"_type":"image-file","sha256":"29e353b18105ee133cdb22eaf52c15c19b2a9e49a76f914f7e7b89342d3f8070","size":61306,"path":"media/images/confusion_matrix_4_29e353b18105ee133cdb.png","format":"png","width":1000},"val_accuracy":0.8468333333333333,"_step":4,"epoch_time":10.130893468856812,"_timestamp":1.7410060215010357e+09,"epoch":2,"_wandb":{"runtime":22},"train_loss":0.38956425829843694}