{"epoch_time":3.9923017024993896,"_runtime":8.959917643,"val_accuracy":0.839,"total_training_time":7.796158790588379,"val_loss":0.4445435879990768,"train_accuracy":0.8476851851851852,"train_loss":0.4163243508436972,"confusion_matrix":{"sha256":"534c4689107b2f0103fa820ffea17d45a6bc17607b15459a455150c8e5af8bca","size":59863,"path":"media/images/confusion_matrix_4_534c4689107b2f0103fa.png","format":"png","width":1000,"height":800,"_type":"image-file"},"epoch":2,"test_accuracy":0.8332,"_wandb":{"runtime":8},"_step":4,"_timestamp":1.741005513218709e+09}