{"train_accuracy":0.85816,"_runtime":11.312825489,"_step":7,"train_loss":0.40855672224887835,"val_loss":0.43358734428648515,"total_training_time":9.942142248153687,"test_accuracy":0.835,"val_accuracy":0.847,"confusion_matrix":{"path":"media/images/confusion_matrix_7_96513325efd86081e2f1.png","format":"png","width":1000,"height":800,"_type":"image-file","sha256":"96513325efd86081e2f14546eb2eed803318232ede2b90eb8211ac1b2d194070","size":61271},"epoch_time":2.3412582874298096,"epoch":5,"_timestamp":1.7409123840038366e+09,"_wandb":{"runtime":11}}