{"train_loss":0.08798100467325966,"test_accuracy":0.9642,"_wandb":{"runtime":14},"val_accuracy":0.9623333333333334,"Model Run history":{"train_acc":[0.9071666666666667,0.9543888888888888,0.9634444444444444,0.9696481481481481,0.9736111111111111],"val_loss":[0.20353811477018852,0.14763318924232915,0.12272692502644882,0.11787452693955401,0.11987854335350143],"val_acc":[0.9376666666666666,0.9538333333333333,0.96,0.9638333333333333,0.9623333333333334],"train_loss":[0.3215851506868556,0.1551807522001335,0.12107810868010357,0.09986912982664034,0.08798100467325966]},"_step":8,"epoch":5,"val_loss":0.11987854335350143,"epoch_time":2.082761764526367,"train_accuracy":0.9736111111111111,"_runtime":14.01117608,"confusion_matrix_table":{"_type":"table-file","sha256":"b2d4edcddea259e3387552d89f959871f7ecc79a876e38a93ed3ea73edf12a0f","size":1793,"artifact_path":"wandb-client-artifact://5t4vuffb2yxiziqqr1mkk8ps7r7168pjh7rzweih9v36nf46ak3lg7x8vt893fpz4r81wl3koalyf4sq5evpxxwoppvf8fhsv0e0t489bw7s9zm1c00ry80es55blwx4/confusion_matrix_table.table.json","_latest_artifact_path":"wandb-client-artifact://f5q0j27w8s8tkx5lmzx1et5cl5eo7fa3bpjhrlj0rofdx0wt98o0u8n5i0ixa3tziyol7acfe2n5rbamijgca3f5yaqqoqe5f2zrv8bhxzi0l943pyvk67ai0qvouwem:latest/confusion_matrix_table.table.json","path":"media/table/confusion_matrix_table_8_b2d4edcddea259e33875.table.json","ncols":3,"nrows":100},"total_training_time":12.92836308479309,"_timestamp":1.742214562978966e+09}