{"val_accuracy":0.7546,"_timestamp":1.7409119471367044e+09,"confusion_matrix":{"height":800,"_type":"image-file","sha256":"b643545d03834754a393692da58e466d8371838bea6761bb3c9b51a990b930fe","size":62457,"path":"media/images/confusion_matrix_7_b643545d03834754a393.png","format":"png","width":1000},"epoch_time":5.9021079540252686,"_step":7,"_wandb":{"runtime":31},"val_loss":0.7090335078113611,"epoch":5,"train_loss":0.7428786862351194,"test_accuracy":0.7481,"_runtime":31.124235826,"train_accuracy":0.7463,"total_training_time":29.854714393615723}