{"train_accuracy":0.8910185185185185,"val_accuracy":0.8761666666666666,"epoch_time":1.7010598182678223,"train_loss":0.3000369234390389,"_step":13,"epoch":10,"total_training_time":13.91971468925476,"Model Run history":{"train_loss":[0.5884223430617354,0.41757788434213017,0.38265862880552687,0.3621829521927993,0.3468881855283766,0.33396790679280186,0.324283442406565,0.3148664888221356,0.30700578544210055,0.3000369234390389],"train_acc":[0.802962962962963,0.8522777777777778,0.8647592592592592,0.8693333333333333,0.8748148148148148,0.8799444444444444,0.8827777777777778,0.8850925925925925,0.8882592592592593,0.8910185185185185],"val_loss":[0.45287734263361645,0.4050094266167499,0.4110131536043354,0.37516032532482996,0.36883703455723554,0.37741802778509737,0.3592613701003469,0.36844750566299844,0.361432425566334,0.3469188350544576],"val_acc":[0.8428333333333333,0.8593333333333333,0.8531666666666666,0.8691666666666666,0.8701666666666666,0.8651666666666666,0.8743333333333333,0.868,0.8746666666666667,0.8761666666666666]},"val_loss":0.3469188350544576,"confusion_matrix_table":{"ncols":3,"nrows":100,"_type":"table-file","sha256":"2ff49c03692d4e2ba3490fa28d4d4ab3e898c98c1e8df8cfbebd56eb091c8296","size":2933,"artifact_path":"wandb-client-artifact://4tzyr9wmjs93n4vg9idefo7shep3f3xw1jnsgynn7frnuu3yr8bfg0sblwf6a30bgebulptvjpklkt38b1yx4713em2v4p1uq0tcw6owqmo7tgk46xnml6od1d9103pg/confusion_matrix_table.table.json","_latest_artifact_path":"wandb-client-artifact://o2o1yzybgojuh79yp8sqi0eo1b63i4tddtheuh47n4j76sshugr2oo62lbpj4xhe6appm5ine70d8v4wxrvudvmr58owy8082pe2k3n775v8v7ciuvmxiwrl6dxzhddv:latest/confusion_matrix_table.table.json","path":"media/table/confusion_matrix_table_13_2ff49c03692d4e2ba349.table.json"},"_wandb":{"runtime":15},"_runtime":14.999636719,"_timestamp":1.741240292602069e+09,"test_accuracy":0.8687}