{"_runtime":249.862770872,"epoch_time":6.272685766220093,"total_training_time":248.744802236557,"train_accuracy":0.9375185185185185,"val_accuracy":0.8956666666666667,"confusion_matrix_table":{"sha256":"dcbd7efdb7b1648d57d6e140dba263bcfee69425cd5ce68e41477b583e6d07ab","size":2932,"artifact_path":"wandb-client-artifact://qu821oolmfnuvz9e0591x4xsw2nehczxetkb48xuj78acyq0rdnhy1uey50liwn1ektpx3tygaxbs5xusxy3uqw2kd3d6r2g5a7yk1k9a1qmgqofmdwe67o2x78rsm4d/confusion_matrix_table.table.json","_latest_artifact_path":"wandb-client-artifact://qmv28g547em42thq9hhwj2vzkzzlv93rb3jh6dwqt9fsbifhg1zswrfjq11dagjsm1tkovm6yzxqluaq287nifpheozs4sc2oo7ulo575cto74s42tu7krh2il0lxr5c:latest/confusion_matrix_table.table.json","path":"media/table/confusion_matrix_table_43_dcbd7efdb7b1648d57d6.table.json","ncols":3,"nrows":100,"_type":"table-file"},"train_loss":0.17635742102665194,"_step":43,"Model Run history":{"train_acc":[0.7907777777777778,0.8494814814814815,0.8655925925925926,0.8724259259259259,0.8776296296296296,0.8824814814814815,0.8879074074074074,0.8903703703703704,0.8941481481481481,0.8967037037037037,0.8987407407407407,0.9002592592592593,0.9034629629629629,0.9052777777777777,0.9075555555555556,0.9074814814814814,0.9107407407407407,0.9118518518518518,0.9147222222222222,0.9148703703703703,0.9177777777777778,0.9173703703703704,0.9201481481481482,0.9213148148148148,0.9223888888888889,0.9233703703703704,0.9251851851851852,0.9267962962962963,0.9273148148148148,0.9288148148148148,0.9306481481481481,0.9303703703703704,0.930962962962963,0.9326481481481481,0.9322037037037038,0.9336481481481481,0.9348703703703704,0.936962962962963,0.9371481481481482,0.9375185185185185],"val_loss":[0.4636120713872468,0.4014985300652221,0.37692796039678267,0.36531973841503923,0.3480101535748385,0.3463117499960589,0.32112636435024805,0.30985528358897824,0.32032000945953126,0.3067308116337716,0.2992958331605437,0.3058170574894978,0.31904034260507147,0.2892035945471716,0.30606219053431005,0.3100036771830605,0.3058937058284272,0.29708250059048935,0.3009198854986407,0.31926766565852016,0.33794366147270033,0.28664503321296314,0.29131648000625343,0.3024234212134819,0.2835352783828999,0.29085586583132644,0.2946403251282293,0.293122835518899,0.284441917862263,0.30822052123476595,0.28924372067524184,0.31549884563943564,0.2918114228080919,0.2773404387388955,0.2937203726793489,0.30770178252746294,0.28252011224460416,0.3288215917237777,0.2927162701759088,0.29400287092676547],"val_acc":[0.8273333333333334,0.8501666666666666,0.8573333333333333,0.8633333333333333,0.8723333333333333,0.87,0.8835,0.8846666666666667,0.8816666666666667,0.8868333333333334,0.8878333333333334,0.8881666666666667,0.8853333333333333,0.8925,0.889,0.8863333333333333,0.8868333333333334,0.8933333333333333,0.8898333333333334,0.8831666666666667,0.8778333333333334,0.8935,0.8965,0.8925,0.8998333333333334,0.8951666666666667,0.8956666666666667,0.8931666666666667,0.898,0.8938333333333334,0.8988333333333334,0.8876666666666667,0.8926666666666667,0.902,0.896,0.8933333333333333,0.9031666666666667,0.8946666666666667,0.8995,0.8956666666666667],"train_loss":[0.6082451115923021,0.43116319242381457,0.3882004916658417,0.36389966751917124,0.3455315193343574,0.3315995141966487,0.3188533808043371,0.30970461537029786,0.2996338234964917,0.2923695673628038,0.28336846809483834,0.2782781758492258,0.2702762706156806,0.2649184834442855,0.25940653089113286,0.2556863253005327,0.24895385596265635,0.24413928964399828,0.2393318710058307,0.2373259596519124,0.2315344514137609,0.22766604124896317,0.22352094095522596,0.21871986420890166,0.21716058713748182,0.2141120400922239,0.21030006387897107,0.20719711714122208,0.20352111500040923,0.2013300037825122,0.19751340744322768,0.19496248276088166,0.19300992053203528,0.18998610449830783,0.1888930276071931,0.18547496128972563,0.18294766929789988,0.1792995553113788,0.17854440833135757,0.17635742102665194]},"test_accuracy":0.8856,"_timestamp":1.7413553509812074e+09,"val_loss":0.29400287092676547,"epoch":40,"_wandb":{"runtime":249}}