{"_step":8,"val_loss":0.09673587696483711,"epoch":5,"_wandb":{"runtime":15},"total_training_time":13.84129786491394,"test_accuracy":0.9719,"confusion_matrix_table":{"artifact_path":"wandb-client-artifact://02i7r6pjx84yuzzg551fvlvj8ld34ah5nb6gjhd87nh57cl201xirf2sj3mw592hs4k0g2nywumvmpbf2alec8jnidcnm7c34idvy6bg7lyynffj3qfv6f561wurxptd/confusion_matrix_table.table.json","_latest_artifact_path":"wandb-client-artifact://lrgfpwc1tismak8cp6b0esir3q30hwilcruq1b95qsx7o68h4tohlgyvjh035tdy7dl789bk1c8y40rxmgavkbg8efpona7aablknmq7o11ecpqb5nsmkth6foez1yhe:latest/confusion_matrix_table.table.json","path":"media/table/confusion_matrix_table_8_7274878333550f58397d.table.json","ncols":3,"nrows":100,"_type":"table-file","sha256":"7274878333550f58397d1cb4bf474cf13c413cfbb960c9c8900a73e86b1c3695","size":1791},"train_loss":0.06283902787250666,"epoch_time":2.4624080657958984,"_runtime":15.058359396,"_timestamp":1.7422141135287862e+09,"train_accuracy":0.9797407407407407,"val_accuracy":0.972,"Model Run history":{"val_loss":[0.15307088650921177,0.1209316785162213,0.10675470562172332,0.11297756876212943,0.09673587696483711],"val_acc":[0.9528333333333333,0.9643333333333334,0.9651666666666666,0.9665,0.972],"train_loss":[0.27256547143865506,0.12903018299057628,0.09460844723778074,0.07504143929369168,0.06283902787250666],"train_acc":[0.9198888888888889,0.9613703703703703,0.9712037037037037,0.9768703703703704,0.9797407407407407]}}