{"train_loss":0.32538099417975586,"_timestamp":1.741200413596705e+09,"epoch":10,"_runtime":51.853314138,"val_accuracy":0.8703333333333333,"_step":13,"train_accuracy":0.881537037037037,"test_accuracy":0.861,"total_training_time":50.760794162750244,"val_loss":0.36405550762666683,"_wandb":{"runtime":51},"Model Run history":{"val_loss":[0.4507593460113322,0.37013110022562495,0.3483349426306531,0.35719711152781836,0.3385762271797961,0.34326211363585524,0.3451852526761979,0.3931916409304426,0.3432192075404853,0.36405550762666683],"val_acc":[0.8258333333333333,0.8571666666666666,0.8798333333333334,0.871,0.8753333333333333,0.8696666666666667,0.8713333333333333,0.8536666666666667,0.8721666666666666,0.8703333333333333],"train_loss":[0.5238778749713107,0.40678457805747287,0.37906014261383786,0.36519907350103453,0.3534234033920169,0.34544982772084265,0.34010164099106854,0.33317334477533533,0.33127114900309623,0.32538099417975586],"train_acc":[0.8126111111111111,0.8539074074074074,0.8625925925925926,0.8671296296296296,0.8702222222222222,0.8747592592592592,0.8768148148148148,0.8780185185185185,0.8799074074074074,0.881537037037037]},"confusion_matrix_table":{"sha256":"d5845299cb9bb5c5dde8199e73ca46549b85b1d0ba9b8306f36b5579a89a0cab","size":2931,"artifact_path":"wandb-client-artifact://zhvsvqdbz8qonodqvl560b8uren6ozaoqtgscivwugyu2hejoyyltsbz5e97gac6jc5j2tvvoiaq0brsmet1pvo8dk69945h1gjptpccz96xgqqfwvo6krv0rcl5vkov/confusion_matrix_table.table.json","_latest_artifact_path":"wandb-client-artifact://2f2xlj7hf3zay1vkvk0r61hxman6kq880d9fhid7qs366cs2kecrbobz81gdszgdbnb5r5ah30jx9wrzao3g1s7ydvic3u1csubes2h865ec42ru562264ad0xl9oct5:latest/confusion_matrix_table.table.json","path":"media/table/confusion_matrix_table_13_d5845299cb9bb5c5dde8.table.json","ncols":3,"nrows":100,"_type":"table-file"},"epoch_time":5.585782766342163}