{"test_accuracy":0.7954,"_timestamp":1.7412407663934553e+09,"_wandb":{"runtime":24},"epoch_time":2.3026809692382812,"_runtime":24.101208866,"epoch":10,"train_accuracy":0.8113703703703704,"confusion_matrix_table":{"path":"media/table/confusion_matrix_table_13_2d326f3518c39697e4c0.table.json","ncols":3,"nrows":100,"_type":"table-file","sha256":"2d326f3518c39697e4c090b12d425fbbe3539f69b9362903d131f580721948ce","size":2938,"artifact_path":"wandb-client-artifact://fca0g13y696f1m0qwaosez3ozfuz1j555k1j6bolinatsacln8dws4u3okue45dlmqkydw95dew7657k7yomc2ageghxxvvxc33590ryrwd4wqnfl49yrzouqcvuskrn/confusion_matrix_table.table.json","_latest_artifact_path":"wandb-client-artifact://79jvoglj5o4nzl69ieev1nf7n48m6gvjgl1rms6fzafcucq615nxppslzxwxt5l4m18njj6bwg2yhkhn8gprjnizz7qh4z2ejente7e906nw2h9uckzd30o7nu0wwacm:latest/confusion_matrix_table.table.json"},"train_loss":0.5279801371720354,"total_training_time":22.767788887023926,"Model Run history":{"val_acc":[0.6386666666666667,0.6786666666666666,0.7243333333333334,0.7428333333333333,0.7575,0.7655,0.7825,0.7903333333333333,0.8035,0.807],"train_loss":[1.0903743629344318,0.8693495954830176,0.7949231383579014,0.7425459497583721,0.6973625289407692,0.6678704572283073,0.631408673029532,0.5952180178162167,0.5612550124191109,0.5279801371720354],"train_acc":[0.5417407407407407,0.670074074074074,0.7071296296296297,0.7297962962962963,0.7539259259259259,0.7638703703703704,0.7746481481481482,0.7862222222222223,0.7984259259259259,0.8113703703703704],"val_loss":[0.9129844836961352,0.8309744255150587,0.7669354329065371,0.718076143800831,0.7019684913207611,0.6487132358601972,0.6089855734473293,0.5834935404846276,0.5486347559654408,0.5364907421533417]},"val_loss":0.5364907421533417,"_step":13,"val_accuracy":0.807}