{"total_training_time":28.324315786361694,"_timestamp":1.741201735325061e+09,"val_loss":0.35508453609921564,"val_accuracy":0.8708333333333333,"_wandb":{"runtime":29},"test_accuracy":0.8641,"epoch":5,"confusion_matrix_table":{"ncols":3,"nrows":100,"_type":"table-file","sha256":"fa5ff613d01afbdf6e83b1ca6b400e135ffeaec42219bde01a18f8c7d3bcb220","size":2933,"artifact_path":"wandb-client-artifact://emhss1cps4vr4owgo05j50acz43e5jjteu1cvoeowkguew8yt1qa34ctiuus4v5mrmsynxh47a5aipvr4vu8m32z5odaxcn9mwzxh27d5te3os2cx27qwi6xzxrqjogs/confusion_matrix_table.table.json","_latest_artifact_path":"wandb-client-artifact://aooxh90k82bqe9wjpxv47f73psomyz621mjrbjmmm2dwaqvuwtg7ques8hpg2pxw4blhgg0sad37gxdrvekxcuir3j29m6xr04hhbr4dxvzkf3h5mbx53znf7gub6szu:latest/confusion_matrix_table.table.json","path":"media/table/confusion_matrix_table_8_fa5ff613d01afbdf6e83.table.json"},"Model Run history":{"train_loss":[0.5038666387385048,0.3852316128735884,0.3555771730818347,0.3304951352055739,0.3137422967828196],"train_acc":[0.8169814814814815,0.8580740740740741,0.8688518518518519,0.8775,0.8837037037037037],"val_loss":[0.4146054608432686,0.3662876639831538,0.3995125666471368,0.3312459613050954,0.35508453609921564],"val_acc":[0.8456666666666667,0.8606666666666667,0.8506666666666667,0.8773333333333333,0.8708333333333333]},"_runtime":29.340552528,"train_loss":0.3137422967828196,"train_accuracy":0.8837037037037037,"epoch_time":5.477429389953613,"_step":8}