{"epoch_time":2.0588274002075195,"test_accuracy":0.8546,"confusion_matrix_table":{"artifact_path":"wandb-client-artifact://2n93ef6ehgflcu30vrefxdxs0qbn1f23hpc1t2zlir67jrw2dhd7pb9r2scqdt7r5a6hhn93joagz51cwmuvorszbqwoddaylk2u6bv3vjlkptegdpy7hubx1cs8mpgu/confusion_matrix_table.table.json","_latest_artifact_path":"wandb-client-artifact://154t3yx80r7y8zojl0iicvgnqdlj04hu35gfdlbsa06p48ayrihi8zi6d0r62eb4cwgt2iumg9fnnoxndof4azltc4mzw1529bf2o0t9q6ok8e5h6e34x150o7easbek:latest/confusion_matrix_table.table.json","path":"media/table/confusion_matrix_table_13_f0575dbc9f8fe97e3911.table.json","ncols":3,"nrows":100,"_type":"table-file","sha256":"f0575dbc9f8fe97e391141edfa6344c88b5ec852d297669f1c87a9dcfdd47731","size":2932},"train_loss":0.3804463379531985,"total_training_time":19.12332510948181,"Model Run history":{"val_loss":[0.45974172689473053,0.41096956395679785,0.42572250901074926,0.4092862597761671,0.40581968446625394,0.40203525428938286,0.397873247778197,0.41491895568341025,0.38884139958870406,0.3911194970169343],"val_acc":[0.8363333333333334,0.8551666666666666,0.8498333333333333,0.8538333333333333,0.8543333333333333,0.8558333333333333,0.8561666666666666,0.8515,0.8621666666666666,0.8563333333333333],"train_loss":[0.5943148632167448,0.439095880922394,0.41666815695390563,0.40658009132157663,0.39945133799504773,0.393429619224555,0.3894776159165177,0.3831677083163919,0.3827903289834592,0.3804463379531985],"train_acc":[0.7927037037037037,0.8459444444444445,0.8545925925925926,0.858,0.8589074074074075,0.8612407407407408,0.8622222222222222,0.8638148148148148,0.8647592592592592,0.8653888888888889]},"val_accuracy":0.8563333333333333,"_timestamp":1.7412402329799418e+09,"train_accuracy":0.8653888888888889,"epoch":10,"_wandb":{"runtime":20},"_runtime":20.400032078,"val_loss":0.3911194970169343,"_step":13}