{"Model Run history":{"train_acc":[0.8069814814814815,0.8444444444444444,0.8503703703703703,0.8556481481481482,0.8563888888888889,0.8598518518518519,0.8612037037037037,0.8627037037037038,0.8626481481481482,0.8637777777777778,0.8665925925925926,0.8662222222222222,0.867574074074074,0.8678518518518519,0.8692592592592593,0.8696851851851852,0.8690740740740741,0.8695,0.869537037037037,0.8689629629629629,0.8715555555555555,0.8692777777777778,0.8705,0.8685,0.8707407407407407,0.8713333333333333,0.8711481481481481,0.8706481481481482,0.8712592592592593,0.8712222222222222,0.8712962962962963,0.8705740740740741,0.8722037037037037,0.8723703703703704,0.8734814814814815,0.8731481481481481,0.8721666666666666,0.8741481481481481,0.8746296296296296,0.8738518518518519],"val_loss":[0.5246875640307529,0.4148403120244467,0.39118901103147724,0.3904747344289011,0.39171764841781265,0.4254134859336478,0.421250988558954,0.41552556228703075,0.4176515941769268,0.3803494915660792,0.3703984924616895,0.4221979531028626,0.4637274695631962,0.44209261327372473,0.4152993350336355,0.4395475725626695,0.37459581172484846,0.42265432156322164,0.4045097071302966,0.44345652323531953,0.4073388401892185,0.4267607613779621,0.40612622639540713,0.38095047815663013,0.3878409108203832,0.45691018625985746,0.37027650533632184,0.4233486949998066,0.3872451704852576,0.37843722067935065,0.5165710341317389,0.37758205214181606,0.4125264270201393,0.45314304254370663,0.36253126908480915,0.44579937331438446,0.41412628532201523,0.4081960476704807,0.43075673274432685,0.46059335109975086],"val_acc":[0.8111666666666667,0.8541666666666666,0.8566666666666667,0.8561666666666666,0.859,0.851,0.8533333333333334,0.8483333333333334,0.8613333333333333,0.8735,0.8688333333333333,0.8645,0.8551666666666666,0.8596666666666667,0.8565,0.8488333333333333,0.869,0.8605,0.865,0.846,0.8578333333333333,0.8591666666666666,0.8525,0.8638333333333333,0.8713333333333333,0.8616666666666667,0.8728333333333333,0.8498333333333333,0.8691666666666666,0.8635,0.8286666666666667,0.867,0.8705,0.8671666666666666,0.8751666666666666,0.8605,0.863,0.8676666666666667,0.8643333333333333,0.8561666666666666],"train_loss":[0.5497960455870418,0.44849109556636363,0.42971409691477047,0.41884736288457786,0.41395594414914644,0.4106903610574155,0.4069918789512781,0.4042972966183381,0.40110685277880703,0.39675466093402306,0.3928141953922732,0.39008291341582707,0.3877328432826078,0.38461538334424694,0.38426776682362407,0.3841577604948388,0.3796537717502462,0.37754871842157295,0.37829086970865966,0.37703272389051395,0.37592343254730165,0.37732382418276905,0.37663231687997156,0.3792669055636417,0.3767742109124739,0.37741699169363846,0.37654051632096874,0.3787580067920722,0.37749989442541043,0.37556473115367894,0.376471422439971,0.37839354919999385,0.3739617589857954,0.372935953366592,0.3749885988939832,0.3731919467120994,0.37874783765576747,0.37039848363980593,0.3690097180318445,0.37079464526151173]},"val_loss":0.46059335109975086,"total_training_time":315.7052962779999,"_timestamp":1.7413465319925435e+09,"train_accuracy":0.8738518518518519,"confusion_matrix_table":{"sha256":"fa275cc1852cd3851ace66ce6be2c79b007607026d8192c255402ee50c6ee690","size":2931,"artifact_path":"wandb-client-artifact://xkv2z8b64p7n706emmahyhdieofo49udlno8pia3fw87f0x9h3yudk7l4vrdzp22s8g8sb32i66h6zg43nw7a7uhldmlcy5gyilxq0haxfbr01pu1glc7lkclsg2eyaq/confusion_matrix_table.table.json","_latest_artifact_path":"wandb-client-artifact://xgjoiblcl5ym4z1ersbvv76e47jao85j459rrcw4sxazfla4wetirjt65cq49yw1wixwpuhi52vfzzo8xrlshit1sl2qzcaktxgdo0vnjykz3uth2ln58hgfbnn3nxf2:latest/confusion_matrix_table.table.json","path":"media/table/confusion_matrix_table_43_fa275cc1852cd3851ace.table.json","ncols":3,"nrows":100,"_type":"table-file"},"epoch":40,"test_accuracy":0.8501,"_runtime":316.94480848,"val_accuracy":0.8561666666666666,"train_loss":0.37079464526151173,"_step":43,"epoch_time":7.771026849746704,"_wandb":{"runtime":316}}