{"epoch":10,"epoch_time":25.969935178756714,"total_training_time":261.23716926574707,"confusion_matrix_table":{"_type":"table-file","sha256":"9eb657579bc0b52d24d8c1225b986f79810602298f7d98b8a43684b475e0f859","size":2933,"artifact_path":"wandb-client-artifact://df4ueyv1ktqpm3xmzc4x77nm4ibtm1w2ieg4rt72cozvdb6utmhj8rpa5fu37lgc0t9wtht2zrf8ibzo8xhnnq9xueljr674lo2frfqt867aaw4b3la5ru00q6po1wja/confusion_matrix_table.table.json","_latest_artifact_path":"wandb-client-artifact://qhvax5i9e73o4wsq7crvga6sp8c5is2ytfybc5dzu8uax7gaezr40va38dz8ojjra0cth9hj2o4413hgeek8422naxyn1b5w3tio9ny74o0jpzug3cr2k2rqvclkwqu9:latest/confusion_matrix_table.table.json","path":"media/table/confusion_matrix_table_13_9eb657579bc0b52d24d8.table.json","ncols":3,"nrows":100},"test_accuracy":0.8418,"_step":13,"_runtime":264.530390907,"val_loss":0.41753900992769444,"train_loss":0.4300570796605499,"Model Run history":{"val_loss":[0.4719012199288469,0.44661672159762916,0.44772410234041665,0.4374290563935238,0.4383300262808148,0.4370908853404547,0.44787129159688754,0.41504511937197935,0.42427664800696696,0.41753900992769444],"val_acc":[0.8353333333333334,0.8403333333333334,0.836,0.8413333333333334,0.8421666666666666,0.8495,0.841,0.852,0.8503333333333334,0.8496666666666667],"train_loss":[0.582015410317652,0.4857336304686834,0.46436941358298944,0.4509921117250802,0.44513905256310093,0.4391750872940194,0.4343489671219013,0.4333791448722217,0.43064120830575,0.4300570796605499],"train_acc":[0.8065555555555556,0.8302037037037037,0.8365555555555556,0.8418888888888889,0.8429074074074074,0.8461111111111111,0.8476111111111111,0.8486296296296296,0.8484074074074074,0.8506296296296296]},"_wandb":{"runtime":264},"val_accuracy":0.8496666666666667,"_timestamp":1.7411934757815256e+09,"train_accuracy":0.8506296296296296}