{"total_training_time":164.20162057876587,"val_accuracy":0.846,"_timestamp":1.7413408717887614e+09,"epoch_time":10.8267822265625,"test_accuracy":0.8344,"confusion_matrix_table":{"_latest_artifact_path":"wandb-client-artifact://slm9b9thdf4w2cigt14tqtvzrdcijnr4l2nf97agnzknk09z12056oc4hongkb2blbabjl4hftvwah5gccvj4c2iy4bg0zh23visybfov81piz5iy4e1dkj12ipyxwpk:latest/confusion_matrix_table.table.json","path":"media/table/confusion_matrix_table_18_3be1bdfd785d8790eb2f.table.json","ncols":3,"nrows":100,"_type":"table-file","sha256":"3be1bdfd785d8790eb2f0d58220973c49b705b0cce00be14f984ec2b9b33ee8b","size":2933,"artifact_path":"wandb-client-artifact://42pd38th7yrxabudiugxiu1ulmthj5erarn2v00i1zl7pbs4xfkykffubej33jxzlxdtkvinyen7r38e6e5vwhz4fxcs987xs6zjb7ycg7xpw7od129cfmbaat7d01wk/confusion_matrix_table.table.json"},"_runtime":165.432151666,"val_loss":0.4193714621610828,"train_accuracy":0.8562962962962963,"epoch":15,"Model Run history":{"train_loss":[0.5926812753586522,0.4465304048792989,0.42605793711122303,0.42017942253900764,0.4163691456409732,0.4132319061188534,0.41212656832387395,0.4091618143694368,0.40788305378412293,0.40777728051727635,0.4064636074062677,0.40652381251148284,0.4062348817868889,0.4038540610475825,0.4044016356475364],"train_acc":[0.8186481481481481,0.8465370370370371,0.8507037037037037,0.8522407407407407,0.8527037037037037,0.8542777777777778,0.8551851851851852,0.8549074074074074,0.8556481481481482,0.856925925925926,0.8557777777777777,0.8555185185185186,0.8553518518518518,0.8561296296296297,0.8562962962962963],"val_loss":[0.4335430919676939,0.41404985935225536,0.5043445198570801,0.4974857432611105,0.3786267069682962,0.4515630691089618,0.39984189790645375,0.42966419531942207,0.4028738947080705,0.38820127239110697,0.4076572111833521,0.4104714203293506,0.42466099218823616,0.41076746947868475,0.4193714621610828],"val_acc":[0.8398333333333333,0.8535,0.8148333333333333,0.81,0.8605,0.8335,0.8566666666666667,0.8413333333333334,0.8513333333333334,0.8556666666666667,0.8501666666666666,0.8468333333333333,0.8466666666666667,0.8586666666666667,0.846]},"_wandb":{"runtime":165},"_step":18,"train_loss":0.4044016356475364}