{"total_training_time":117.61675119400024,"val_loss":0.39957999877284955,"_wandb":{"runtime":118},"val_accuracy":0.8593333333333333,"train_accuracy":0.8621851851851852,"Model Run history":{"train_loss":[0.5203027573294863,0.44054419798313577,0.4281480145834767,0.4196745103881055,0.41220044002719786,0.40876742868048976,0.4045744702796137,0.40174603901295847,0.3992755276359033,0.39670535881309726],"train_acc":[0.8240185185185185,0.8469444444444445,0.8517407407407407,0.8536111111111111,0.857925925925926,0.8573518518518518,0.8593703703703703,0.8595555555555555,0.8598703703703704,0.8621851851851852],"val_loss":[0.44879643997214946,0.4564571598093105,0.44582005312245326,0.4362270276750404,0.41495298012303955,0.4106766409943833,0.39800817766370195,0.3898517133467722,0.40263362344460324,0.39957999877284955],"val_acc":[0.8356666666666667,0.8321666666666667,0.8346666666666667,0.8331666666666667,0.8541666666666666,0.8506666666666667,0.8581666666666666,0.8621666666666666,0.8525,0.8593333333333333]},"train_loss":0.39670535881309726,"_runtime":118.845544714,"epoch_time":12.645045042037964,"confusion_matrix_table":{"ncols":3,"nrows":100,"_type":"table-file","sha256":"ab318d83f3bf97303037d9ac7167b86d0ad02375c28b4c8adf919119019a8bd0","size":2932,"artifact_path":"wandb-client-artifact://csyrmv3q1mo3oqe1y4xoyn3d51v7j2hmwvgr6a6lbf28c3pwwa54bvdbmgoxy3ji5ju587twt7qlkzyf5x36hwm767d0lzsrod09z8u1kjd7x48tatpnwr9tva8hbzb3/confusion_matrix_table.table.json","_latest_artifact_path":"wandb-client-artifact://zarlm6zfrd5hx4hz877x5xuykgzc31rje9i5xvgg1dnp0s8z3768e9n1prhj878526dkqrtez74736ai6oz2mta1jco3piw02tx5olnrpng9pbm8trdigvxd6nu1g8l7:latest/confusion_matrix_table.table.json","path":"media/table/confusion_matrix_table_13_ab318d83f3bf97303037.table.json"},"_step":13,"_timestamp":1.7412035207618213e+09,"epoch":10,"test_accuracy":0.8501}