{"confusion_matrix_table":{"nrows":100,"_type":"table-file","sha256":"877b899cf6771ec12c23c32de0eb78882a8c809cf64fe63116c99d27a3b0543a","size":2933,"artifact_path":"wandb-client-artifact://1j25p7j3pd2asto4ldji8d05lz0nluo230nmm0kxfliwvjnjw66dwnvxhbt9qhwjgm1tmxs909rv4f02q6mp0olth2glujyev462jcmy6e2jd9qiofo30eb3gsdactab/confusion_matrix_table.table.json","_latest_artifact_path":"wandb-client-artifact://q4qqnsz6v3hczncmb0gnrjeqnyhree4yijahdo89a6xwo62n4ejy5sla2uk6nxzlw8iui54p1vhr7feh16e77e2yu0kk4mpb5d3z5cx4z8fn70escwzuez6347tr7pcq:latest/confusion_matrix_table.table.json","path":"media/table/confusion_matrix_table_8_877b899cf6771ec12c23.table.json","ncols":3},"_step":8,"val_accuracy":0.8768333333333334,"train_loss":0.34061693093389367,"total_training_time":31.254724740982056,"_timestamp":1.7412049569204822e+09,"test_accuracy":0.8678,"train_accuracy":0.8759444444444444,"_wandb":{"runtime":32},"epoch_time":6.755764961242676,"val_loss":0.3311367291729407,"_runtime":32.298304524,"epoch":5,"Model Run history":{"train_loss":[0.5028242966362362,0.3934953221603262,0.3652514717695504,0.3540836956279271,0.34061693093389367],"train_acc":[0.8227037037037037,0.8580925925925926,0.8681851851851852,0.8703148148148148,0.8759444444444444],"val_loss":[0.46241958910884684,0.37690228624182687,0.37143668812745745,0.3390699998118901,0.3311367291729407],"val_acc":[0.8365,0.8623333333333333,0.8585,0.8773333333333333,0.8768333333333334]}}