{"val_accuracy":0.8853333333333333,"_wandb":{"runtime":44},"total_training_time":43.01576256752014,"Model Run history":{"train_acc":[0.8317592592592593,0.8648703703703704,0.8742592592592593,0.8801111111111111,0.8830740740740741],"val_loss":[0.4208189605231413,0.38098127629637285,0.33561757314881424,0.3456321708792236,0.3146961779242096],"val_acc":[0.8463333333333334,0.8568333333333333,0.8771666666666667,0.8761666666666666,0.8853333333333333],"train_loss":[0.47515610831990046,0.3753423962930981,0.3493353165781365,0.33187932874668974,0.32226340115135127]},"train_loss":0.32226340115135127,"_runtime":44.126038487,"epoch_time":8.802095174789429,"confusion_matrix_table":{"size":2932,"artifact_path":"wandb-client-artifact://26ypmjdo1lpd7uzplaxdpgiwpt1jx4bgutf1yndd01v4bxtcomkvsf7ne2t0919z840ut07sr8e878hpq39b0ydt0i7mjiywzl5st56qdosvuwpcgamygyist0s5tdyh/confusion_matrix_table.table.json","_latest_artifact_path":"wandb-client-artifact://o06139e16drhsg16psenjesvpl8srkucqaz9v26jru9ftrh98v7svjpc7be6gqkhjmrtj4o7xi8wznnvkfrvryqwkbqw2nz0mypekgbexaw62dbn8zppgvl65wxicu3v:latest/confusion_matrix_table.table.json","path":"media/table/confusion_matrix_table_8_fc8546bd0f6dbaa919b9.table.json","ncols":3,"nrows":100,"_type":"table-file","sha256":"fc8546bd0f6dbaa919b996a4d7735a0a142d48c0930d96a760472cf179d2e65a"},"test_accuracy":0.8727,"_step":8,"val_loss":0.3146961779242096,"_timestamp":1.741202121547324e+09,"epoch":5,"train_accuracy":0.8830740740740741}