{"epoch_time":1.31876540184021,"Model Run history":{"val_acc":[0.9473333333333334,0.9473333333333334,0.9583333333333334,0.9575,0.96,0.9643333333333334,0.9653333333333334,0.9641666666666666,0.955,0.9651666666666666],"train_loss":[0.3023726633485825,0.16305254319242876,0.1319051498971034,0.11613893721922523,0.1005428737297645,0.09385333318462118,0.08638135993683323,0.07950140972116321,0.07585188949599118,0.06924632884528141],"train_acc":[0.9085555555555556,0.9507222222222222,0.9601111111111111,0.9645555555555556,0.9691481481481482,0.9706481481481481,0.9732407407407407,0.9748518518518519,0.9761296296296297,0.9780555555555556],"val_loss":[0.17537048827008467,0.17876617029986042,0.13835344577743322,0.1469851218670397,0.12028173669762282,0.12134711868462614,0.11681588223398953,0.12311377909641977,0.14884823025268426,0.11462853066218509]},"val_loss":0.11462853066218509,"train_accuracy":0.9780555555555556,"_step":13,"total_training_time":13.367426872253418,"confusion_matrix_table":{"artifact_path":"wandb-client-artifact://4gb1qlb28cjidgplxt7l4kgikdfhavz2033126goou3nsluh02b5rbxo8c7bgisyvyo3heg6nxq28ix2ljpnvexkm978z5q6kpc1ai7gsv8wp2vxeaa9pb1y4c0no9or/confusion_matrix_table.table.json","_latest_artifact_path":"wandb-client-artifact://q7huyxvfw7tw5xyq93be2n2mesfnakzzy1e8l2n4g0fb2lahtrphxndmim3nsrnrwilarw52093onr9x8e1pgkwlsk4kgs23aql0oz58vnyoyawmqgc2geh691myeneb:latest/confusion_matrix_table.table.json","path":"media/table/confusion_matrix_table_13_e7a87abbdf8e4dbbda6c.table.json","ncols":3,"nrows":100,"_type":"table-file","sha256":"e7a87abbdf8e4dbbda6c1e089df966c27382b2d231a42dcb4ce5f41d75541d9f","size":1791},"train_loss":0.06924632884528141,"_wandb":{"runtime":14},"_runtime":14.472341576,"val_accuracy":0.9651666666666666,"_timestamp":1.7422139412421997e+09,"epoch":10,"test_accuracy":0.9641}