{"_wandb":{"runtime":8},"_timestamp":1.74100530390465e+09,"epoch":2,"val_accuracy":0.10216666666666667,"train_loss":2.3040469504949175,"test_accuracy":0.1,"total_training_time":7.503092527389526,"train_accuracy":0.09859259259259259,"_runtime":8.709173066,"val_loss":2.303389329682425,"epoch_time":3.7176263332366943,"_step":4,"confusion_matrix":{"_type":"image-file","sha256":"f73f89ebfba24dafb0280ee31dbf871b76227425fed5b50ffeeac48f78819a5e","size":47412,"path":"media/images/confusion_matrix_4_f73f89ebfba24dafb028.png","format":"png","width":1000,"height":800}}