{"_wandb":{"runtime":29},"Model Run history":{"val_loss":[0.4305602683669381,0.41346436053559593,0.42303407206980775,0.3668924549752241,0.36902959170888144,0.3612173124273611,0.3590032734579917,0.3676892658958199,0.36217424756778865,0.3702913784935466],"val_acc":[0.851,0.8533333333333334,0.8476666666666667,0.8686666666666667,0.8661666666666666,0.8705,0.8771666666666667,0.8773333333333333,0.875,0.8716666666666667],"train_loss":[0.5538805716617867,0.39986692033686455,0.3650404007578559,0.3450458749432581,0.3303694283810143,0.31626167940012956,0.3053548709302665,0.2981994589811401,0.2897320274572126,0.28465007162826295],"train_acc":[0.8065,0.8574074074074074,0.8686851851851852,0.8745925925925926,0.8788888888888889,0.8836481481481482,0.8878888888888888,0.8892037037037037,0.8925925925925926,0.8950925925925926]},"confusion_matrix_table":{"path":"media/table/confusion_matrix_table_13_55346c75ea4f8025a209.table.json","ncols":3,"nrows":100,"_type":"table-file","sha256":"55346c75ea4f8025a2092349879aa0efe5eba97dde1979dbe7cb0a231119912e","size":2929,"artifact_path":"wandb-client-artifact://4w1udu2uqssn5okfn9a0l9uudhe38vqf25wvmff1becb8s8u19f5cuxns2yatzc1hdc5coixx04vw2z90qujwrltnpwk87ckqfp7dzhceisfecj5g08p6x7d74wgvdgt/confusion_matrix_table.table.json","_latest_artifact_path":"wandb-client-artifact://maxa3eqc11anaesytsfhhvsc15t79c2u7z305y1huo76c1savhh6n5swh60u3jisw8j2jzzdxlsmpxs9gpiprjab686smixvv7x3d456uwvb4sv2d0j3ks5lo8ahh7zu:latest/confusion_matrix_table.table.json"},"train_accuracy":0.8950925925925926,"val_accuracy":0.8716666666666667,"total_training_time":27.85822057723999,"epoch":10,"epoch_time":2.751194953918457,"_runtime":29.171562326,"test_accuracy":0.86,"_timestamp":1.7412414103571541e+09,"train_loss":0.28465007162826295,"_step":13,"val_loss":0.3702913784935466}