{"epoch":5,"val_accuracy":0.8841666666666667,"confusion_matrix_table":{"_type":"table-file","sha256":"212f85a509a7c35702fbe6cdb5e6ff7682201ab2c86f46864869a8ed35688d65","size":2930,"artifact_path":"wandb-client-artifact://6hpuipezedgwmfnumhe86vwg1b1pw3ra3b1n8rbg8uf9h3n5zliub9vdkevrmohxab21nkw6jbx2wzz7tzll3b1pwjqkgkv6euxsjslsirjh5mb0733o70w6p66zawhe/confusion_matrix_table.table.json","_latest_artifact_path":"wandb-client-artifact://b5j8cqzypeywowurme70go8y929hiurqudfso4ubkug8pn8xlqpm6zj4pykgookjwlw2d4zzq00bcxmpw53rgaltqmqt2xtntnmn434rrwkg7hchb9p6l4rbl284i1r8:latest/confusion_matrix_table.table.json","path":"media/table/confusion_matrix_table_8_212f85a509a7c35702fb.table.json","ncols":3,"nrows":100},"_runtime":36.613523644,"test_accuracy":0.874,"Model Run history":{"train_acc":[0.8240555555555555,0.8611111111111112,0.8747777777777778,0.883425925925926,0.8892407407407408],"val_loss":[0.39170575992580736,0.34614612838004283,0.35184926417850176,0.3216095010660028,0.3209784614408451],"val_acc":[0.865,0.8735,0.876,0.8848333333333334,0.8841666666666667],"train_loss":[0.48682361928583767,0.373366905008058,0.3353460964864919,0.3134009801241791,0.2949251987378318]},"_timestamp":1.7411955808180993e+09,"train_accuracy":0.8892407407407408,"_step":8,"train_loss":0.2949251987378318,"epoch_time":6.31998085975647,"_wandb":{"runtime":36},"val_loss":0.3209784614408451,"total_training_time":35.576075315475464}