{"train_accuracy":0.91306,"train_loss":0.23206535827222927,"confusion_matrix":{"_type":"image-file","sha256":"aa643e923779c1ed0a1e4b5ae59c7654b41c9f93ad972e9fc4ed0e0c97d9213e","size":59483,"path":"media/images/confusion_matrix_12_aa643e923779c1ed0a1e.png","format":"png","width":1000,"height":800},"_wandb":{"runtime":67},"val_loss":0.33328939631666915,"_timestamp":1.740911166380618e+09,"val_accuracy":0.8839,"_step":12,"_runtime":67.234827127,"epoch_time":7.097999811172485,"epoch":10,"test_accuracy":0.876,"total_training_time":65.78453731536865}