{"val_loss":2.2518571214118546,"train_loss":7.234994482181948,"_timestamp":1.74090742059555e+09,"total_training_time":48.3907516002655,"test_accuracy":0.35,"_wandb":{"runtime":49},"_step":7,"epoch":5,"epoch_time":9.791722774505615,"confusion_matrix":{"size":60962,"path":"media/images/confusion_matrix_7_8f7abf5fd0023f6b1eba.png","format":"png","width":1000,"height":800,"_type":"image-file","sha256":"8f7abf5fd0023f6b1ebac32c268b1df59211b4348d674951d5af6fb1a0d4b741"},"train_accuracy":0.33184,"val_accuracy":0.3481,"_runtime":49.641457024}