{"_step":7,"epoch":5,"val_accuracy":0.0955,"epoch_time":2.0922462940216064,"_timestamp":1.7409074465781174e+09,"total_training_time":11.773043870925903,"_wandb":{"runtime":12},"train_accuracy":0.09972,"train_loss":2.3027661087576816,"confusion_matrix":{"sha256":"d718fd620d48d3de254bd7d6b123b64f2097c537aec1fda468eee27dd764429b","size":48048,"path":"media/images/confusion_matrix_7_d718fd620d48d3de254b.png","format":"png","width":1000,"height":800,"_type":"image-file"},"test_accuracy":0.1,"val_loss":2.302725947809332,"_runtime":12.89218514}