{"epoch_time":6.272414684295654,"epoch":10,"val_accuracy":0.8796,"confusion_matrix":{"format":"png","width":1000,"height":800,"_type":"image-file","sha256":"dad302d0a709f01e0ea3915b3d0c6a5a6fff55d1ed31b8d63f4a234c11f1b096","size":60629,"path":"media/images/confusion_matrix_12_dad302d0a709f01e0ea3.png"},"train_loss":0.2721528084669223,"_wandb":{"runtime":67},"train_accuracy":0.90146,"val_loss":0.3331880099245433,"_step":12,"_runtime":67.671854564,"test_accuracy":0.8727,"_timestamp":1.7409116278712888e+09,"total_training_time":66.07725524902344}