{"epoch_time":60.92908835411072,"_wandb":{"runtime":121},"confusion_matrix_table":{"nrows":100,"_type":"table-file","sha256":"1e6e90c0fa93b0e2a1b11a380ff3c43761529ab24949873ddfd95cee80eb87a0","size":2938,"artifact_path":"wandb-client-artifact://6ucakxdiz6hwkfgk0dl635y6m1hadgk0jyrko6u4gjbrsb9fmcv71pukqei7mqifwafjuedcosz5jd9jsztg1cm8sg3fw6ar1cpeceekrg25u85mlnk5h6tnlad1oki0/confusion_matrix_table.table.json","_latest_artifact_path":"wandb-client-artifact://hj01bzecsj1fpa8typeqmw1hktry9psab9x000mdfpky7hoqj9shwjbtqvik78z28od7qfcw5khyglvmys37phms7foqdgdkcimdiqhn6bdz3wfcpiz3qg48onr07eu3:latest/confusion_matrix_table.table.json","path":"media/table/confusion_matrix_table_5_1e6e90c0fa93b0e2a1b1.table.json","ncols":3},"train_accuracy":0.8234444444444444,"train_loss":0.5025917085390997,"_timestamp":1.741169452314899e+09,"_step":5,"test_accuracy":0.8214,"val_accuracy":0.8255,"_runtime":121.588840601,"Model Run history":{"val_acc":[0.7863333333333333,0.8255],"train_loss":[0.6504618152699689,0.5025917085390997],"train_acc":[0.7605555555555555,0.8234444444444444],"val_loss":[0.5840014570346955,0.497400339035754]},"total_training_time":120.21313166618347,"val_loss":0.497400339035754,"epoch":2}