{"epoch":5,"_step":8,"epoch_time":1.7516536712646484,"val_loss":0.3951932914075536,"train_accuracy":0.8662592592592593,"_wandb":{"runtime":9},"Model Run history":{"val_acc":[0.8516666666666667,0.862,0.8446666666666667,0.8575,0.859],"train_loss":[0.5488414792687638,0.4250274649839746,0.40145340182586153,0.39079995688340324,0.38277253843244013],"train_acc":[0.8080740740740741,0.8478148148148148,0.8589629629629629,0.8613518518518518,0.8662592592592593],"val_loss":[0.4144088784161461,0.38989975848169445,0.45326840001362434,0.42047008184788864,0.3951932914075536]},"train_loss":0.38277253843244013,"test_accuracy":0.847,"confusion_matrix_table":{"sha256":"afeeb22bcc3378b351f7d92d9dcd579897e755815ca810864a1ef8ca6aa3d118","size":2930,"artifact_path":"wandb-client-artifact://hw3wf8blgt9nbn042z6q96737asxw7uxq9jsnjcfjfglspqja10ervj5nw54j4nuyb68usskx89byb7aeg0qwxfqk41al3czowmr0zfb7vnwbpqbgi02fj1q2fe5ybc1/confusion_matrix_table.table.json","_latest_artifact_path":"wandb-client-artifact://e2240gth0ig0ujr5w3k102s0lcecbmscjyk3dpy8fl0mbcpzjguoqvszmaib7twhc50a3rpvezvwfg2tu3g2yxn8p1xssairwsdmmijb1y9essa41v0rub6bu0c3pqy5:latest/confusion_matrix_table.table.json","path":"media/table/confusion_matrix_table_8_afeeb22bcc3378b351f7.table.json","ncols":3,"nrows":100,"_type":"table-file"},"_timestamp":1.7411957987067027e+09,"_runtime":9.406413162,"val_accuracy":0.859,"total_training_time":8.372912406921387}