{"train_accuracy":0.8413888888888889,"_timestamp":1.7411951211227455e+09,"val_accuracy":0.8406666666666667,"epoch":5,"_wandb":{"runtime":80},"_step":8,"test_accuracy":0.8313,"confusion_matrix_table":{"sha256":"aee9ad6803df55e3444643366f7e5c66c7c6c883aafa46a782ef91713026cfde","size":2937,"artifact_path":"wandb-client-artifact://j1al575ow6ug7ajmbk3myft6kbtvq28md7nv9xxe3cleazmsxxi0xe6bfixa8o11i6846y4xpidah5wp7k68uze54l9ree7mtocsehwm9r2li663in4x6snw9q0khppx/confusion_matrix_table.table.json","_latest_artifact_path":"wandb-client-artifact://qv3igx05wmrwtippvdwdy0dk25qnzx9a4yt0elincgtjrgoc44we0iplfapl7dfivix002pg563menzeon0zx6juaw4zvclv6wzhwt635ir4pucdl40gkfoaxdys2h0q:latest/confusion_matrix_table.table.json","path":"media/table/confusion_matrix_table_8_aee9ad6803df55e34446.table.json","ncols":3,"nrows":100,"_type":"table-file"},"_runtime":80.523042346,"epoch_time":16.436790943145752,"total_training_time":79.32611322402954,"val_loss":0.44198021962519113,"train_loss":0.4508131396401713,"Model Run history":{"train_loss":[0.5724054150485564,0.4854057566032068,0.46557112706013826,0.45574297363570426,0.4508131396401713],"train_acc":[0.8061851851851852,0.8294814814814815,0.8370740740740741,0.8392407407407407,0.8413888888888889],"val_loss":[0.4741809285952777,0.4415456844687139,0.4448665340167731,0.4215632946080343,0.44198021962519113],"val_acc":[0.833,0.84,0.845,0.8505,0.8406666666666667]}}