{"train_loss":0.34243598375717854,"train_accuracy":0.87832,"confusion_matrix":{"format":"png","width":1000,"height":800,"_type":"image-file","sha256":"8ca95fba50275973dc87a0759f4302b4cddcf84e5dbfef7a4a861d232dfee3f3","size":60732,"path":"media/images/confusion_matrix_12_8ca95fba50275973dc87.png"},"total_training_time":18.55819845199585,"_step":12,"test_accuracy":0.861,"_timestamp":1.7409089318618186e+09,"_wandb":{"runtime":19},"val_loss":0.3662373842878379,"epoch":10,"val_accuracy":0.8686,"_runtime":19.681200654,"epoch_time":1.8412153720855713}