{"val_loss":0.33670869769371203,"_step":12,"epoch":10,"epoch_time":5.354547023773193,"_runtime":55.771896456,"train_loss":0.281690169692673,"_wandb":{"runtime":55},"_timestamp":1.7409115524065194e+09,"test_accuracy":0.8683,"train_accuracy":0.89786,"total_training_time":54.42409825325012,"confusion_matrix":{"height":800,"_type":"image-file","sha256":"516fa9d2a5b0e26c4678d412f3562dc1048198121f27f72893fdf05f3c538680","size":60247,"path":"media/images/confusion_matrix_12_516fa9d2a5b0e26c4678.png","format":"png","width":1000},"val_accuracy":0.8755}