{"total_training_time":43.32198476791382,"Model Run history":{"val_acc":[0.9525,0.9603333333333334,0.9616666666666667,0.9685,0.9651666666666666,0.9675,0.9711666666666666,0.9701666666666666,0.9698333333333333,0.9703333333333334],"train_loss":[0.2687721592614318,0.13564422265165366,0.1052072438867453,0.08849512210444885,0.07700394259698189,0.06882405845969855,0.06162842138741666,0.0566066929187726,0.05190387050932353,0.047770567137150145],"train_acc":[0.9209444444444445,0.9585370370370371,0.9685,0.9732407407407407,0.9766481481481482,0.9787222222222223,0.9814444444444445,0.9832777777777778,0.9843333333333333,0.9861666666666666],"val_loss":[0.1583875003423035,0.1298022962599748,0.12512901034618046,0.09935318974505805,0.113523189446315,0.10251868012430582,0.09787120636072438,0.10272961786029158,0.10523324744643806,0.11126459435118301]},"train_accuracy":0.9861666666666666,"train_loss":0.047770567137150145,"epoch_time":4.4702630043029785,"confusion_matrix_table":{"path":"media/table/confusion_matrix_table_13_eb8f3c84f1ade854883e.table.json","ncols":3,"nrows":100,"_type":"table-file","sha256":"eb8f3c84f1ade854883ee94f54df8704dcfa69a6a385b7a61a4ea519e9c6c4f5","size":1787,"artifact_path":"wandb-client-artifact://bg0vj87w3b871v1q62vomfb891u93zfc52ikk9mvwuqr919ge449s0gtap15wemdym0nq8dxy3bx10adg27h72zrzmo7go7o003fwxzf019tawnxj83toxv420um8q1u/confusion_matrix_table.table.json","_latest_artifact_path":"wandb-client-artifact://ire6mckqp8qgypk9t9e88ots30eh519k7ea3mqyumvgm2whmat74e0cg3b645vy8sx2vocyuqai8kpoevje0bsv078r1b2v472fhgc7xe8l8vgzustvgpf4q52pm24v9:latest/confusion_matrix_table.table.json"},"val_accuracy":0.9703333333333334,"_step":13,"test_accuracy":0.973,"_wandb":{"runtime":44},"epoch":10,"val_loss":0.11126459435118301,"_timestamp":1.7422141651096718e+09,"_runtime":44.963141392}