{"_timestamp":1.741360633351467e+09,"confusion_matrix_table":{"_type":"table-file","sha256":"7a9b61c8a3b9668b4995da19a33ca84f644c47f431fa5f25187a967ed04a6eda","size":2927,"artifact_path":"wandb-client-artifact://8g2xriroi3q63y7lywe9jwhetcobbfpzuh01gdgvmbz9kx7sias5zgm4r7b5ijx3vu4gsxm1ot4u564qkni0xd5y5ani8zanwncz9izpprzj4xydmq95qob45651abkj/confusion_matrix_table.table.json","_latest_artifact_path":"wandb-client-artifact://biakkq3y03iue1qd28fq8y56ljj9e7bghsoe0xs495bnsxjfpf4ljvdrv33xz631cjuwkw3ha4jk19c1rwsetgznrus6h47mcgkq3exnivxvto73za17qr1sbpza5xli:latest/confusion_matrix_table.table.json","path":"media/table/confusion_matrix_table_43_7a9b61c8a3b9668b4995.table.json","ncols":3,"nrows":100},"train_loss":0.17139761188478883,"test_accuracy":0.8858,"epoch":40,"val_loss":0.2981179898427116,"epoch_time":10.398730993270874,"_wandb":{"runtime":418},"Model Run history":{"val_loss":[0.42045811415351947,0.38142633968902634,0.3553331338259954,0.35411953163689547,0.3393012974567844,0.3487185694757654,0.30916612676651234,0.32211546820500436,0.30579358422580605,0.31391253204784303,0.33321952796646026,0.29267807947379,0.3074053504679425,0.29496984635686785,0.33271932574821755,0.30042430091573463,0.29013786127951874,0.2891267242477844,0.28235101666579604,0.3271177935847961,0.2850333115406057,0.2920146162800675,0.34079951554147664,0.30941906545548625,0.29435440812265645,0.31909906945241234,0.29693449320697285,0.27749865337482255,0.2914917681090762,0.28673867350664006,0.2869489754007079,0.2811603540656224,0.3110201270828817,0.29301062938141564,0.3033814427738624,0.3059999861332605,0.3019170009876397,0.28204519986619747,0.2684812311819098,0.2981179898427116],"val_acc":[0.8421666666666666,0.8508333333333333,0.8651666666666666,0.867,0.8753333333333333,0.8685,0.886,0.8821666666666667,0.8875,0.8846666666666667,0.8781666666666667,0.8905,0.8801666666666667,0.8906666666666667,0.879,0.888,0.8925,0.897,0.8951666666666667,0.8876666666666667,0.899,0.8908333333333334,0.8773333333333333,0.8915,0.8965,0.8915,0.8965,0.9035,0.8966666666666666,0.8975,0.8995,0.9036666666666666,0.8843333333333333,0.8956666666666667,0.8895,0.8993333333333333,0.8975,0.9,0.9063333333333333,0.894],"train_loss":[0.5455242843718061,0.39202479764480014,0.3526965166809112,0.3349129732743898,0.3134453484137448,0.3020818829731964,0.28769573987821423,0.2804169334249672,0.2696575302099502,0.2609735719272191,0.2553735914408827,0.24825317766499674,0.24278164963596546,0.23957049498539176,0.2337025194308858,0.22801634369426976,0.22714746945000186,0.2232885201935914,0.22291579666572067,0.2155160639741056,0.2139108328025331,0.2096096143638584,0.20887674339084703,0.20792912457494975,0.19942860928171202,0.20079762993812741,0.19534173008424713,0.19436356381414235,0.1923209268985958,0.1912153376878967,0.1882430016134312,0.18628951618126383,0.18348872932037488,0.1824662683646007,0.17913962558234148,0.17596612202345063,0.17955538179406427,0.17379842211382132,0.17571077837119325,0.17139761188478883],"train_acc":[0.8088888888888889,0.8584259259259259,0.8725925925925926,0.8800185185185185,0.8856296296296297,0.8903888888888889,0.8941296296296296,0.896,0.9006111111111111,0.9038333333333334,0.9044629629629629,0.9079444444444444,0.9115185185185185,0.9115,0.9142962962962963,0.9155,0.9154444444444444,0.9167592592592593,0.9162407407407407,0.919962962962963,0.9197407407407407,0.9213333333333333,0.9222592592592592,0.9221481481481482,0.9254074074074075,0.924037037037037,0.9283333333333333,0.9275925925925926,0.9286851851851852,0.9285740740740741,0.93,0.9311296296296296,0.9322592592592592,0.9315555555555556,0.9335925925925926,0.9341481481481482,0.933,0.9338333333333333,0.9345185185185185,0.9366111111111111]},"_runtime":418.379616311,"train_accuracy":0.9366111111111111,"val_accuracy":0.894,"total_training_time":417.0670609474182,"_step":43}