{"_timestamp":1.7412398622982404e+09,"_step":13,"epoch_time":2.7636592388153076,"_wandb":{"runtime":23},"Model Run history":{"train_loss":[0.5526541939007059,0.4431038972303913,0.42673007052393774,0.4189594347732629,0.41257178261566063,0.408473707271206,0.40559869588231245,0.40222014612782025,0.39868206432468967,0.39726581084488555],"train_acc":[0.8117962962962963,0.8483333333333334,0.8516296296296296,0.8557222222222223,0.8566666666666667,0.8580740740740741,0.8597962962962963,0.8604444444444445,0.862574074074074,0.8605],"val_loss":[0.4645412591784216,0.4421668385345412,0.44639209553551085,0.41790374504545924,0.4323808103548231,0.42389799044815873,0.4215125883635484,0.41029353886785697,0.4059493949902142,0.40577669982241316],"val_acc":[0.84,0.8461666666666666,0.8446666666666667,0.8541666666666666,0.8473333333333334,0.856,0.8521666666666666,0.8593333333333333,0.8611666666666666,0.8608333333333333]},"train_loss":0.39726581084488555,"total_training_time":21.755043029785156,"confusion_matrix_table":{"nrows":100,"_type":"table-file","sha256":"092f93a73c45da4d9aa9d502c9ba06294eac5a66ca31c359f21f9460e762fb27","size":2933,"artifact_path":"wandb-client-artifact://67b2tpb29l5njkuwk4ahaun0ozzy1p406fh204ptfbk3mt613mi5om3z640krhnzhco0idhdgdnwoiam63csmrctj1h4pfaclj2v2updp1zrm8wpbz0pu6jonl7wt0u2/confusion_matrix_table.table.json","_latest_artifact_path":"wandb-client-artifact://88tlfwe71038kxvy5bwwzg06uy7w5tnyh4zrcvl5j5ezd32a1ztrs0asixixzqyr05mswhk20mxv89memmeu5gndfpz16fi0ome2i2u2viajgiucbqkt8s6f5337w29f:latest/confusion_matrix_table.table.json","path":"media/table/confusion_matrix_table_13_092f93a73c45da4d9aa9.table.json","ncols":3},"test_accuracy":0.8532,"_runtime":23.249488911,"val_loss":0.40577669982241316,"train_accuracy":0.8605,"epoch":10,"val_accuracy":0.8608333333333333}