{"val_accuracy":0.8612,"_runtime":18.917419387,"_timestamp":1.7409120782305188e+09,"confusion_matrix":{"height":800,"_type":"image-file","sha256":"edd950f9efdbe07c2cacd3ccceef66b510c364299a916089f56ff1805cf90712","size":60128,"path":"media/images/confusion_matrix_7_edd950f9efdbe07c2cac.png","format":"png","width":1000},"val_loss":0.3751146203084277,"total_training_time":17.67447805404663,"train_loss":0.3539548544632611,"_step":7,"_wandb":{"runtime":18},"epoch":5,"epoch_time":3.703521490097046,"test_accuracy":0.8545,"train_accuracy":0.87302}