{"_runtime":8.111635792,"_timestamp":1.7410057279074874e+09,"_step":4,"epoch_time":4.067095756530762,"confusion_matrix":{"path":"media/images/confusion_matrix_4_e9286f5ee7756432b6a8.png","format":"png","width":1000,"height":800,"_type":"image-file","sha256":"e9286f5ee7756432b6a83c1a3af4f7a7536b30387bc1b1e25f30b4bddde59d98","size":60290},"total_training_time":6.91705060005188,"test_accuracy":0.8623,"_wandb":{"runtime":8},"val_accuracy":0.8701666666666666,"val_loss":0.3549088428530014,"train_accuracy":0.858537037037037,"train_loss":0.38759669143606235,"epoch":2}