{"_timestamp":1.7410061577732148e+09,"train_loss":0.37931878401270547,"val_accuracy":0.8668333333333333,"total_training_time":7.018412828445435,"confusion_matrix":{"_type":"image-file","sha256":"3639b87ed7aaeb39c7faa689b429ae18cec26840cbe32f730ca2e18e72dbbe47","size":60160,"path":"media/images/confusion_matrix_4_3639b87ed7aaeb39c7fa.png","format":"png","width":1000,"height":800},"val_loss":0.3660660098647651,"epoch":2,"test_accuracy":0.8555,"_wandb":{"runtime":8},"_runtime":8.256104783,"train_accuracy":0.860574074074074,"_step":4,"epoch_time":3.556260585784912}