{"train_accuracy":0.8628333333333333,"confusion_matrix_table":{"_latest_artifact_path":"wandb-client-artifact://d81o4jf9cilgiqhl2jw3sb82chlhufl30lzat47qu627bbklt7f3cwsyzjiulsdqoq842x7d095pnywl1qzw20zrej0mqn2dcnafe27gigpwn08yr8rbbogeudibv36i:latest/confusion_matrix_table.table.json","path":"media/table/confusion_matrix_table_8_4ade9c94ff848583c903.table.json","ncols":3,"nrows":100,"_type":"table-file","sha256":"4ade9c94ff848583c90363a059a87e259083709fcb4415f7d74ebbe47d7fc633","size":2934,"artifact_path":"wandb-client-artifact://vpnj8xg69t03u9ez049a4j3qte7dy3g753up0q0079zpe5umr9eoqer5mmfgsx06aev34w2t28j75dtcz29iyrxhc3a8asfhxaipe4vgqs3r2sh9t4q0hnbwr2k3un66/confusion_matrix_table.table.json"},"epoch_time":1.732224702835083,"_runtime":10.26732676,"_step":8,"train_loss":0.4137710497019576,"val_accuracy":0.8598333333333333,"Model Run history":{"val_acc":[0.8178333333333333,0.8583333333333333,0.86,0.849,0.8598333333333333],"train_loss":[0.5474962924881567,0.43037956128586347,0.4098610278352527,0.41030368479751483,0.4137710497019576],"train_acc":[0.8051666666666667,0.8471666666666666,0.8582592592592593,0.8614814814814815,0.8628333333333333],"val_loss":[0.5013695509837027,0.40282688331464156,0.40299350775614434,0.43800061298005927,0.4402856454667107]},"_wandb":{"runtime":10},"val_loss":0.4402856454667107,"test_accuracy":0.8523,"_timestamp":1.7412009116398704e+09,"total_training_time":9.059288501739502,"epoch":5}