{"_timestamp":1.7411948134066982e+09,"train_loss":0.24679348855414632,"val_accuracy":0.8868333333333334,"Model Run history":{"train_acc":[0.7995555555555556,0.8532777777777778,0.8692407407407408,0.8783888888888889,0.8844444444444445,0.891,0.8961666666666667,0.9003703703703704,0.9045925925925926,0.908074074074074],"val_loss":[0.4376058945244014,0.4140867748125291,0.3452641011083129,0.3470684191512461,0.37571021563022267,0.32129957907349893,0.30964094055752206,0.31041484851999107,0.3329579933543811,0.3093598675017169],"val_acc":[0.8433333333333334,0.8513333333333334,0.874,0.878,0.8598333333333333,0.8815,0.8873333333333333,0.8866666666666667,0.8815,0.8868333333333334],"train_loss":[0.5694894857662635,0.4027981432592506,0.3583986112897122,0.33158186225494085,0.31208816225298824,0.29493751843633864,0.28106344521385335,0.26912786301399994,0.2574768518229087,0.24679348855414632]},"test_accuracy":0.8796,"confusion_matrix_table":{"_latest_artifact_path":"wandb-client-artifact://qylkawn54ma3u1d4kupdxfiqp979dxdl5ox4loteil2d3aotfdtp7elvj8hx24ydkp4bjnxjdjuk5bmx28yc9qaz6797z3purhk588np5wjfsle0z3bw6g37t08kjxxz:latest/confusion_matrix_table.table.json","path":"media/table/confusion_matrix_table_13_e566dc3f49b394ad647e.table.json","ncols":3,"nrows":100,"_type":"table-file","sha256":"e566dc3f49b394ad647eabf2025a6abea984a0448d353987a471dc61ce9d5c70","size":2929,"artifact_path":"wandb-client-artifact://8opswlg5zpuy5fwhsf4nbj5a0jo8vxzmhdqn4jakf0prbfrncspko1qlj6o71bfrl197ppucflht7o36kqcqxormcm8ufp86bdlvx4k949xllew6c0vgk18wzfg1783r/confusion_matrix_table.table.json"},"epoch_time":10.351393938064575,"total_training_time":109.5981616973877,"_step":13,"_runtime":110.938445828,"epoch":10,"_wandb":{"runtime":110},"val_loss":0.3093598675017169,"train_accuracy":0.908074074074074}