{"test_accuracy":0.963,"_step":8,"train_loss":0.11081515565126757,"epoch_time":1.7400081157684326,"_timestamp":1.7422146431305268e+09,"_wandb":{"runtime":9},"train_accuracy":0.9677222222222223,"total_training_time":8.089222192764282,"val_accuracy":0.9585,"_runtime":9.241341223,"epoch":5,"confusion_matrix_table":{"size":1794,"artifact_path":"wandb-client-artifact://vvm8h789zakepvvwy5h1wjmo7b9sz22bagh362waicstr5jyiaxfu9x1ebnl7bhxm48pdohkibadj7ekfmk6s0xn5z39psj0siddwv1psq4fkk9piobnrwslapwnzpc2/confusion_matrix_table.table.json","_latest_artifact_path":"wandb-client-artifact://a9zwffng9c8h4kv3lfk5ceicixtr6wpppe18wda9k4itxoxiikrj3g978gyzz54g5u5t6i1i5trx2otit76rarcpv1h3tg4ulu9t1gcvri1xdyn6cwzpai9y79wj18h6:latest/confusion_matrix_table.table.json","path":"media/table/confusion_matrix_table_8_dc099de931b2bdac120b.table.json","ncols":3,"nrows":100,"_type":"table-file","sha256":"dc099de931b2bdac120b4df7fe47ca19834397be4bcc772acabe801213d03bed"},"val_loss":0.12681864211014854,"Model Run history":{"val_loss":[0.20853181267788343,0.171386581396602,0.14948194791486302,0.1316996885304828,0.12681864211014854],"val_acc":[0.9351666666666667,0.9478333333333333,0.9528333333333333,0.9595,0.9585],"train_loss":[0.3266784678034429,0.17844887246227845,0.14449970341647264,0.12403471374444718,0.11081515565126757],"train_acc":[0.9076481481481481,0.9489444444444445,0.9579444444444445,0.9637407407407408,0.9677222222222223]}}