{"total_training_time":51.62273669242859,"train_accuracy":0.8905,"Model Run history":{"val_loss":[0.45358248673447293,0.3933431096332676,0.34450152571593545,0.35850004505943867,0.32707979877551374,0.3395534042353181,0.3275022667188894,0.34414493781792754,0.3399716065706351,0.3158860456455815],"val_acc":[0.8286666666666667,0.8528333333333333,0.8755,0.8633333333333333,0.8791666666666667,0.8778333333333334,0.8818333333333334,0.874,0.876,0.888],"train_loss":[0.5178456586798305,0.39036058738732504,0.3582245575313309,0.3431836714748242,0.33216511499913925,0.32263793115276274,0.31446900129622885,0.3077365454431961,0.30468943516563474,0.2971148472442752],"train_acc":[0.8132407407407407,0.8579814814814815,0.8685925925925926,0.8757592592592592,0.8786111111111111,0.8809074074074074,0.8837407407407407,0.8849814814814815,0.8880185185185185,0.8905]},"val_loss":0.3158860456455815,"epoch_time":5.413787364959717,"test_accuracy":0.8744,"confusion_matrix_table":{"sha256":"06a5e0644517360213c1d0a1ef46a1e0dd3a887a4f0d1f34568fca5facc9ecb4","size":2933,"artifact_path":"wandb-client-artifact://xvate4b7gjj8j4uy33y0oasn128gqdsmzipts8stg8vrgxwzf3phla0htzj3a18gkznffsh1r6k2f02x5v29oofmaaxeqhvoo58gta4k0pfcz3yh7yuefrvgvs78m25k/confusion_matrix_table.table.json","_latest_artifact_path":"wandb-client-artifact://9cwnwgwovsbkzflll0336y0y5vbuigzveh7a5hro5gzcp0gccoy72hsbvcnki0w6q20tagfj1xhi4m8t1mbca9u9776ux3d5yhhnxz4wiyrk0sprwozth8vu3iil6203:latest/confusion_matrix_table.table.json","path":"media/table/confusion_matrix_table_13_06a5e0644517360213c1.table.json","ncols":3,"nrows":100,"_type":"table-file"},"val_accuracy":0.888,"epoch":10,"_timestamp":1.741204175748041e+09,"train_loss":0.2971148472442752,"_runtime":52.978413252,"_step":13,"_wandb":{"runtime":52}}