{"_wandb":{"runtime":4},"epoch":1,"val_accuracy":0.10033333333333333,"val_loss":NaN,"_runtime":3.549816534,"_timestamp":1.7410245872942674e+09,"_step":0,"train_accuracy":0.09974074074074074,"epoch_time":2.4936137199401855,"train_loss":NaN}