{"_wandb":{"runtime":94},"val_loss":2.302692704401606,"epoch":10,"total_training_time":93.24714612960815,"test_accuracy":0.1,"val_accuracy":0.1023,"epoch_time":9.343058347702026,"confusion_matrix":{"format":"png","width":1000,"height":800,"_type":"image-file","sha256":"c6e9b3c3396d9de5be66e2a2ef69b78cb6fe0f5a4c1ec55495894e882ced41ce","size":47357,"path":"media/images/confusion_matrix_12_c6e9b3c3396d9de5be66.png"},"train_loss":2.302789567054851,"_runtime":94.576598401,"train_accuracy":0.10018,"_timestamp":1.7409079900741339e+09,"_step":12}