{"total_training_time":20.2656569480896,"confusion_matrix":{"_type":"image-file","sha256":"8b83d8f0d104f9f24e7fb2a900605199a2125274538f3c65b072adf3f551202a","size":60878,"path":"media/images/confusion_matrix_4_8b83d8f0d104f9f24e7f.png","format":"png","width":1000,"height":800},"train_loss":0.38180895145656013,"val_loss":0.37485907816173486,"epoch":2,"epoch_time":10.107953548431396,"_step":4,"_runtime":21.445164151,"_wandb":{"runtime":21},"train_accuracy":0.8616111111111111,"val_accuracy":0.8633333333333333,"_timestamp":1.741006080469678e+09,"test_accuracy":0.8561}