{"test_accuracy":0.8703,"_timestamp":1.7412421808918486e+09,"total_training_time":20.289507150650024,"epoch_time":2.1570208072662354,"train_loss":0.28802646523185166,"_step":13,"_wandb":{"runtime":21},"val_accuracy":0.8751666666666666,"val_loss":0.35569846342567774,"Model Run history":{"train_loss":[0.5280261572147849,0.4029466967505674,0.3736226673138441,0.3531333517250975,0.3385943362191958,0.3246735486993377,0.31311788646933686,0.3038262190941296,0.29465570263745045,0.28802646523185166],"train_acc":[0.8152592592592592,0.8572407407407407,0.8653148148148149,0.8728333333333333,0.8768333333333334,0.8806666666666667,0.885,0.8875740740740741,0.8898333333333334,0.8946111111111111],"val_loss":[0.4360251773885609,0.3953135539858879,0.397366356013699,0.37600094745448437,0.36885535277288073,0.36620408240262936,0.3551322249223915,0.3586306274450874,0.3880738481279443,0.35569846342567774],"val_acc":[0.847,0.8591666666666666,0.858,0.8695,0.8706666666666667,0.8695,0.8753333333333333,0.875,0.8656666666666667,0.8751666666666666]},"_runtime":21.459953377,"train_accuracy":0.8946111111111111,"confusion_matrix_table":{"ncols":3,"nrows":100,"_type":"table-file","sha256":"b5055bd3c930dbd8769a941c235c7dd99a835a063c832a80d40ed551de2c0de4","size":2932,"artifact_path":"wandb-client-artifact://hux99tg1xo66s2navu71q78p9v1f7r7p4t7a183n5qaqpskkt7imc3kjf6qwsx3xoyshjw66k600ng84skudqlf83up3jiirv2989saz7ekb1bt23423i1tcj8k2bkyg/confusion_matrix_table.table.json","_latest_artifact_path":"wandb-client-artifact://ku6ksvv4gv1b5cl0rll1tommsjketmm9umutxsx3cng3g6obpuqw878xnab853nyjn59qt2s8yjiknk8oea5rpz8s6w0zyjm30kthh8g8x7gko1a3zasr5bepw3ybl9r:latest/confusion_matrix_table.table.json","path":"media/table/confusion_matrix_table_13_b5055bd3c930dbd8769a.table.json"},"epoch":10}