{"total_training_time":21.799102783203125,"train_loss":0.2549969909466357,"train_accuracy":0.9042777777777777,"test_accuracy":0.8765,"_wandb":{"runtime":22},"val_loss":0.311215240201924,"epoch":10,"_step":13,"confusion_matrix_table":{"sha256":"043f05d3f66f0c114e89e3e6069033c40e507fd6cdd87cd4cf2acc5d809befa9","size":2932,"artifact_path":"wandb-client-artifact://0z22gnai4eh0m792u8wzx83428g9uvwy63dd9ptx4lahqnntt8qilrugdcxv21lxwzjgljesjz34tk3rktw0hkizgvgcndt2lcq99mfmeo9ltq5gqypxns8vmdr2zjxu/confusion_matrix_table.table.json","_latest_artifact_path":"wandb-client-artifact://xcqkq18nh3uf67tjzaetdayfri48y5yw5tm6looextq98zjzp7em1jj71ksemhdymam02skiqfmox1rz6ywhllm2s29feswnh6it4ghw4gjq2h6i4bbwag17e7ew4vya:latest/confusion_matrix_table.table.json","path":"media/table/confusion_matrix_table_13_043f05d3f66f0c114e89.table.json","ncols":3,"nrows":100,"_type":"table-file"},"epoch_time":2.867075204849243,"_timestamp":1.741204336782215e+09,"val_accuracy":0.8886666666666667,"Model Run history":{"train_loss":[0.5140451843008916,0.3803441680913939,0.34520955023093786,0.3222368835681506,0.30710871195983164,0.2933900706553159,0.2823635716200653,0.27130555509185555,0.26422616912812924,0.2549969909466357],"train_acc":[0.8207592592592593,0.8633703703703703,0.8753888888888889,0.8822222222222222,0.8871111111111111,0.8916296296296297,0.8948703703703703,0.8992037037037037,0.8996296296296297,0.9042777777777777],"val_loss":[0.42631491504648533,0.3789646567114891,0.3531498039891579,0.33251657505248555,0.3171978120485411,0.3231442670330763,0.3313640642324575,0.32838810642724153,0.31354903651551996,0.311215240201924],"val_acc":[0.844,0.8611666666666666,0.8676666666666667,0.876,0.883,0.8828333333333334,0.8786666666666667,0.8818333333333334,0.8871666666666667,0.8886666666666667]},"_runtime":22.986593305}