{"train_accuracy":0.9133888888888889,"_runtime":235.082061521,"test_accuracy":0.8768,"Model Run history":{"val_loss":[0.436151467834629,0.410912546377813,0.3468752743129564,0.3507241370225601,0.3555103205749241,0.3173721533613807,0.3700625475272819,0.3309008675354288,0.3467402541571271,0.334696130231354,0.37212016768336836,0.3070215580067564,0.30516061492376856,0.3139672317873382,0.3391743495646492,0.30440866826660967,0.3111850281311343,0.3068541816030862,0.29066863592750625,0.30190892402180464,0.33943438192691433,0.31592398554099854,0.3141536278082035,0.2941200061940033,0.3419724567273204,0.30717387699222765,0.3052066818982051,0.3033474894706236,0.3369766230538989,0.3034428885111538,0.29936630329592046,0.3048395229133474,0.30285604898200635,0.292569480829036,0.28880829664554963,0.31955688453224257,0.31205284742158107,0.33436581169169066,0.2943608277958088,0.304892328103822],"val_acc":[0.8368333333333333,0.8426666666666667,0.8691666666666666,0.8663333333333333,0.8661666666666666,0.881,0.8613333333333333,0.8803333333333333,0.8743333333333333,0.8805,0.8565,0.8871666666666667,0.885,0.8818333333333334,0.8723333333333333,0.8903333333333333,0.8848333333333334,0.8881666666666667,0.8901666666666667,0.8895,0.8781666666666667,0.8833333333333333,0.8835,0.8931666666666667,0.8811666666666667,0.8846666666666667,0.8905,0.8866666666666667,0.8778333333333334,0.8866666666666667,0.8915,0.8896666666666667,0.8871666666666667,0.8941666666666667,0.8911666666666667,0.8836666666666667,0.8861666666666667,0.88,0.8926666666666667,0.8905],"train_loss":[0.48123309116053725,0.37973869286485334,0.3501988090852381,0.33106575264046423,0.31941751189381273,0.3066862183175406,0.29861517956417594,0.29387364156489265,0.28818699489064764,0.2831407431774688,0.2789134624927173,0.27551422596476394,0.27203628352099707,0.27129225209859276,0.2656378714955476,0.2644884813669327,0.2612040654205367,0.26087061039418113,0.25742357140701316,0.2553014778115454,0.2544586522171289,0.2530823163710279,0.2518404712829095,0.24904095125712544,0.2475470093301967,0.24561401256761747,0.2462725184863584,0.24437023945133504,0.242861279653488,0.24302693886179055,0.2397308088723246,0.24069904131865325,0.2398873408208206,0.2385986239521132,0.23654073868320666,0.23417598015720978,0.23380289674719498,0.23338948161408457,0.2349425929078501,0.23126482995467235],"train_acc":[0.8288148148148148,0.8629629629629629,0.8746851851851852,0.8800740740740741,0.8840555555555556,0.8894444444444445,0.8907962962962963,0.8924444444444445,0.8932962962962963,0.8962962962962963,0.8969074074074074,0.8995,0.9002037037037037,0.8997777777777778,0.9007592592592593,0.9034814814814814,0.9044444444444445,0.904537037037037,0.9039444444444444,0.9051296296296296,0.9062777777777777,0.9067037037037037,0.9069074074074074,0.9094074074074074,0.9074629629629629,0.9085555555555556,0.9082592592592592,0.9092037037037037,0.9102037037037037,0.9091296296296296,0.9110555555555555,0.9094814814814814,0.9116851851851852,0.9116111111111111,0.9118333333333334,0.9117592592592593,0.9132962962962963,0.9131851851851852,0.9135555555555556,0.9133888888888889]},"total_training_time":233.57726788520813,"train_loss":0.23126482995467235,"confusion_matrix_table":{"_type":"table-file","sha256":"aa428eba4f700398dfdea8c05517e96bdd2d6b76c75e08ecf13fe6293171f6e7","size":2933,"artifact_path":"wandb-client-artifact://25fdynj699md8q0c8vtusudyojiieapzth0miv9ay437mk60xcnv0ri1j80bac1ljh46kty517tdziz5z2dibhdof9lwlzit09feku7q0xx6dhsejydywsj5tmt21f6r/confusion_matrix_table.table.json","_latest_artifact_path":"wandb-client-artifact://mh9gzm4tk5u86fnf3yp62n4gm3m78gbj841wloihz8led4rtxuqgko7bpqke190gb6df18xj7kyuymkojk2c7i0lquevg6fak23x17o8fdxmw2et8d6676ik98q94o90:latest/confusion_matrix_table.table.json","path":"media/table/confusion_matrix_table_43_aa428eba4f700398dfde.table.json","ncols":3,"nrows":100},"val_loss":0.304892328103822,"_step":43,"_timestamp":1.741363200807549e+09,"epoch":40,"epoch_time":5.92189884185791,"val_accuracy":0.8905,"_wandb":{"runtime":235}}