{"_wandb":{"runtime":30},"_step":13,"epoch":10,"epoch_time":2.7604892253875732,"Model Run history":{"val_loss":[0.39263526817555927,0.366597843192219,0.3587509626538221,0.3394189017788223,0.33501411691326133,0.3475788562509298,0.3343718338045843,0.3186779817455817,0.3258318189620503,0.31007548682060787],"val_acc":[0.8536666666666667,0.8636666666666667,0.8671666666666666,0.8775,0.8703333333333333,0.8778333333333334,0.8828333333333334,0.8785,0.8838333333333334,0.8871666666666667],"train_loss":[0.5075979432435945,0.3876971998455777,0.35800672273771683,0.3396608528401299,0.3295105131021776,0.31963239565187557,0.31396901525983484,0.3074630318105398,0.301375867728847,0.29817298325796904],"train_acc":[0.8209074074074074,0.8591851851851852,0.8692222222222222,0.8763888888888889,0.8788888888888889,0.8817407407407407,0.8842777777777778,0.8870185185185185,0.89,0.8898518518518519]},"total_training_time":29.581609964370728,"val_loss":0.31007548682060787,"_timestamp":1.74120216200217e+09,"confusion_matrix_table":{"path":"media/table/confusion_matrix_table_13_39feddf39103462affcd.table.json","ncols":3,"nrows":100,"_type":"table-file","sha256":"39feddf39103462affcd576a2f612448bf049ca04bb8e7d036fb956ef3c210ed","size":2928,"artifact_path":"wandb-client-artifact://nh99tyiemhm0dad42693ud6wp9oesnv2nlxr98j63zl3v04ai20bozay6yg0v7fx0gmy39neww8b94cmxumkrvlt3coti8drcm9cvakxevai0ua407qwk33m6o4mco47/confusion_matrix_table.table.json","_latest_artifact_path":"wandb-client-artifact://4lg9az4twdqq122mfv0ojkzry45u30lyrjj1dty4voht147vs943v2xf48bcfytmh7m9iuxnrmhxmn5s7p0uf77s8vnuunxprmmee4uaufputhxb7zx7gl5ehaocltex:latest/confusion_matrix_table.table.json"},"_runtime":30.677441425,"test_accuracy":0.8799,"train_accuracy":0.8898518518518519,"train_loss":0.29817298325796904,"val_accuracy":0.8871666666666667}