{"val_accuracy":0.872,"_wandb":{"runtime":27},"train_accuracy":0.8899814814814815,"epoch":10,"_step":13,"confusion_matrix_table":{"size":2932,"artifact_path":"wandb-client-artifact://1lpkxhc7fqdezocgi55kjimv6lu9ik1jb1w3qgcubyirfbssrutf5jff29irjsq8nr1u5u58cvk6862l7uqk88r685nrxk3eejx3i4n8nd45xzft8h13hxlnyp8ufbqt/confusion_matrix_table.table.json","_latest_artifact_path":"wandb-client-artifact://t07096kl0rylb5wul940026ophkn8dxzrw3u30onfhuoz3vqfa063cxpphyngv5tdo05spgiqs8puzcu1lvrzhz1u301zxuyx178i3f6ujczrrqbyzl4yn54xms3g9b3:latest/confusion_matrix_table.table.json","path":"media/table/confusion_matrix_table_13_91ab2fb47ae7cbc51c50.table.json","ncols":3,"nrows":100,"_type":"table-file","sha256":"91ab2fb47ae7cbc51c50eb79fdfab3122c09c8fec941ae4afcf82afde1dfcd1d"},"epoch_time":2.0646040439605713,"total_training_time":25.64667248725891,"val_loss":0.3488275120698541,"_runtime":27.14782991,"train_loss":0.2973989526907858,"_timestamp":1.7412411648459513e+09,"test_accuracy":0.8668,"Model Run history":{"train_acc":[0.801074074074074,0.8519444444444444,0.8663148148148148,0.8711111111111111,0.8765,0.8803518518518518,0.8832777777777778,0.8863888888888889,0.887462962962963,0.8899814814814815],"val_loss":[0.4453811498789119,0.4100506250139498,0.371598746180272,0.4275455169158832,0.3690653291100867,0.3662826176875917,0.3692196088568131,0.3550383885459053,0.3937293129693331,0.3488275120698541],"val_acc":[0.8323333333333334,0.8536666666666667,0.8686666666666667,0.8403333333333334,0.8661666666666666,0.8676666666666667,0.87,0.8733333333333333,0.8703333333333333,0.872],"train_loss":[0.5600349280566219,0.40667403001355645,0.3697535248070063,0.3497460173687033,0.3358130226134906,0.3248575515573989,0.31737787036871373,0.3104064789552356,0.30294831436556174,0.2973989526907858]}}