{"_wandb":{"runtime":327},"_timestamp":1.7413423134349027e+09,"Model Run history":{"val_loss":[0.508104416152851,0.40687588897181487,0.38398942519058105,0.3690057804047774,0.3535078814214171,0.3603638606087818,0.3334792516440768,0.3233008110815895,0.3933488845701483,0.3284576429326748,0.3452962641595549,0.3150202352930458,0.31882838337549174,0.3148112367693214,0.3384701935155572,0.30784286417650175,0.3186734036961037,0.28701034401498465,0.34094329872800844,0.32063783410370067,0.2903012230567932,0.32627487113145953,0.2962478927844618,0.2801230340865408,0.29451353821567844,0.33536180269389004,0.30629228887196297,0.32765987558459214,0.2988410430469719,0.28806179237381646,0.3168030162472347,0.3025903273049299,0.2883524123732291,0.3029159273529026,0.2976922616711624,0.28211662725296577,0.3008963556947202,0.3003449454396039,0.3135100648008429,0.3054815977758605],"val_acc":[0.8141666666666667,0.8515,0.861,0.8646666666666667,0.8698333333333333,0.872,0.8776666666666667,0.8825,0.8541666666666666,0.8773333333333333,0.8743333333333333,0.8821666666666667,0.8836666666666667,0.8856666666666667,0.8773333333333333,0.8881666666666667,0.8885,0.8963333333333333,0.8703333333333333,0.883,0.8923333333333333,0.8863333333333333,0.8945,0.8991666666666667,0.8911666666666667,0.8853333333333333,0.8853333333333333,0.8901666666666667,0.895,0.8953333333333333,0.8873333333333333,0.8938333333333334,0.901,0.8903333333333333,0.8915,0.901,0.8951666666666667,0.893,0.8895,0.892],"train_loss":[0.6493355960801662,0.45851550275403485,0.41176023223909086,0.3837185652473898,0.36462457268243514,0.34688986585963366,0.33485968749670125,0.32206957664721414,0.31249039268769935,0.30374081756765386,0.294387923989395,0.2876198870683494,0.2797429880694205,0.2730360195486067,0.2666823030646239,0.26077926043074484,0.2547247082797865,0.24939569529763234,0.2436371885784682,0.23925607382475547,0.2333776540710716,0.22952554064652972,0.22516735831722975,0.21990647224883186,0.21698178681169022,0.2125869122926483,0.20869380903572105,0.20525713187335076,0.2003629232187498,0.19845799286954896,0.19478148590357733,0.19013868111177853,0.1870398291989295,0.18390622918212382,0.18054807141500398,0.17726727587923197,0.1743751866389433,0.1716829279788798,0.16907286123987905,0.16545985582806483],"train_acc":[0.7839444444444444,0.8425555555555555,0.8583333333333333,0.8677962962962963,0.8744814814814815,0.8799259259259259,0.8843148148148148,0.8886666666666667,0.8915555555555555,0.893462962962963,0.8962407407407408,0.8983518518518518,0.9014444444444445,0.9041851851851852,0.9062592592592592,0.9078703703703703,0.910962962962963,0.9121851851851852,0.9157777777777778,0.9169074074074074,0.9187777777777778,0.920037037037037,0.9208148148148149,0.9232407407407407,0.9238148148148149,0.9262592592592592,0.9268333333333333,0.9285185185185185,0.9293888888888889,0.9316296296296296,0.9331111111111111,0.9351666666666667,0.9356296296296296,0.9362592592592592,0.9382222222222222,0.938962962962963,0.9405185185185185,0.9409259259259259,0.9427222222222222,0.9432222222222222]},"train_loss":0.16545985582806483,"confusion_matrix_table":{"nrows":100,"_type":"table-file","sha256":"88b0b3cbef180d51599c23116048d612657932d7cd758027fad72487e1fdb497","size":2927,"artifact_path":"wandb-client-artifact://0x7551u0so0zwoyppt7eodavbrpq7fz3o6wbt9xuqylwbkpmsgxh6i0obc41yn2ckr4713n2xu5167suatbkr6ysv7wem4o25wrneojmep06ga4s68bh6xx74rh9eo1u/confusion_matrix_table.table.json","_latest_artifact_path":"wandb-client-artifact://ar5ehi6dxfnattosx2wtph4936u6y4poop2wlf4t8w5b6a8d2ni70r9npesng58y0in0y07i3289c4iilhy6o21gdkl3or6rr0wnyz4cgebg26wgdg1tjirbafj5na1u:latest/confusion_matrix_table.table.json","path":"media/table/confusion_matrix_table_43_88b0b3cbef180d51599c.table.json","ncols":3},"val_loss":0.3054815977758605,"epoch_time":8.243257522583008,"_step":43,"total_training_time":326.41540789604187,"epoch":40,"_runtime":327.655035754,"val_accuracy":0.892,"test_accuracy":0.8856,"train_accuracy":0.9432222222222222}