{"total_training_time":25.717679500579834,"Model Run history":{"train_loss":[0.552027132115247,0.41521185128697813,0.38083290073240855,0.35663974510608126,0.3385260509463174,0.3262637982337947,0.31727585579385503,0.30825699224133557,0.29975086562419323,0.29269372147533146],"train_acc":[0.8078333333333333,0.8525555555555555,0.8638518518518519,0.8713888888888889,0.8779074074074074,0.8810555555555556,0.8849814814814815,0.8881666666666667,0.8902407407407408,0.8929444444444444],"val_loss":[0.42987611129590353,0.39893985211545585,0.4174992876037551,0.3949273003624083,0.36885544014216104,0.3742356494267454,0.3768495457944241,0.34972575606939327,0.3735868042031873,0.3923885974501782],"val_acc":[0.8553333333333333,0.863,0.8581666666666666,0.863,0.8743333333333333,0.8745,0.8681666666666666,0.8803333333333333,0.8713333333333333,0.8638333333333333]},"epoch":10,"_timestamp":1.7412425533849592e+09,"_wandb":{"runtime":26},"_runtime":26.946501327,"confusion_matrix_table":{"nrows":100,"_type":"table-file","sha256":"8ae862dcf10334c630b71e017103a2f0fed0ee728a7909411dd9b2ba74616bad","size":2929,"artifact_path":"wandb-client-artifact://c1pb0va1k8af687q8zkzqpmn04ztleyyk2qaudza9d37qbxkqoerp41o7684vanum5yibo3at43zqunbub3ov3aoe5aj1ye16iuf7ngdwkwjjalakuxhzyz0bacqc72z/confusion_matrix_table.table.json","_latest_artifact_path":"wandb-client-artifact://ko37r0liphiwpihrif77d7jkw727vzz906g6wwrdtrrhfqz3o44j1f3eva3a6qn0yw44c6hxq8dd89yjb6zacxvk29t5i82s9t2hwoihqzuedzfe6n6ywlt6i428s02z:latest/confusion_matrix_table.table.json","path":"media/table/confusion_matrix_table_13_8ae862dcf10334c630b7.table.json","ncols":3},"_step":13,"train_accuracy":0.8929444444444444,"val_accuracy":0.8638333333333333,"train_loss":0.29269372147533146,"epoch_time":2.6319620609283447,"val_loss":0.3923885974501782,"test_accuracy":0.8554}