{"_runtime":73.426444092,"Model Run history":{"val_acc":[0.8315,0.81,0.8343333333333334,0.8405,0.8323333333333334],"train_loss":[0.6692536630801248,0.5081809908473827,0.5037784634137911,0.4980187568637237,0.497504626274132],"train_acc":[0.7966481481481481,0.8221851851851851,0.8225555555555556,0.8248888888888889,0.8253333333333334],"val_loss":[0.4828313924746837,0.5264599921463676,0.4700191244105201,0.4519946920082716,0.4678714128827734]},"train_accuracy":0.8253333333333334,"_wandb":{"runtime":73},"epoch_time":15.465243816375732,"val_loss":0.4678714128827734,"train_loss":0.497504626274132,"total_training_time":72.16047716140747,"_timestamp":1.7411941852726073e+09,"val_accuracy":0.8323333333333334,"_step":8,"epoch":5,"confusion_matrix_table":{"artifact_path":"wandb-client-artifact://yotqqnmbj1x7p51e0uhfnqjg952ldhuns7jinkyrvyszygdb3m3fegqt9c0t64gbbn9do45zi3reble2vbxvnrhfh63kgajs0cu5ph7adc9gm7dlu0rrsutv90629c20/confusion_matrix_table.table.json","_latest_artifact_path":"wandb-client-artifact://zahby7nkqura9poui5o2qyohakkclm9m0ooos8hkbmto9mdmh0pyewz1ok831qbsuw9ynv4qytwmh5wmwmk19ku3wnt1x36dxw58bwp5sei6irf05a223frnerb7kktx:latest/confusion_matrix_table.table.json","path":"media/table/confusion_matrix_table_8_852ced4a8f237a5c51fb.table.json","ncols":3,"nrows":100,"_type":"table-file","sha256":"852ced4a8f237a5c51fb259141d8e9b36083279f3d5b0466544b3fd3a93d549d","size":2930},"test_accuracy":0.8196}