{"_runtime":16.259938452,"val_acc":0.6911,"test_accuracy":0.6776,"epoch":5,"_step":6,"sample_predictions":{"size":22772,"path":"media/images/sample_predictions_6_ad41587b28df6d1be0a3.png","format":"png","width":1200,"height":300,"_type":"image-file","sha256":"ad41587b28df6d1be0a3faa57b5d7a9104d8eb11f19da6aa2fc214fc1bf96bc9"},"train_loss":1.0865021882785448,"val_loss":10.669028028387912,"train_acc":0.68742,"_timestamp":1.7407355811271367e+09,"_wandb":{"runtime":16}}