{"_runtime":22.870694764,"val_loss":0.3499764075920795,"_timestamp":1.7412422098836374e+09,"epoch_time":1.9375112056732178,"_step":13,"test_accuracy":0.8746,"confusion_matrix_table":{"sha256":"f74d23eec2e6bf2ef1d6a2df0359993b42c6a47eea19125438a5edeba2a27f29","size":2930,"artifact_path":"wandb-client-artifact://ego152x9dpbpva7o9dwc9lyhaxgkniugnyvpxz8xpbvqpcdqolkvab0clvndrcp4mvfzjzct100fd1q3v420ol8ti3p5j0bvg8wv73d6hga92l55trvim7km7s69lma1/confusion_matrix_table.table.json","_latest_artifact_path":"wandb-client-artifact://g4uv6t11gqd4n78tlfl6e09us1478tchx3ogy4qb9ykudtsgd36amzxw68hjtbwe7ir7hoy4d9yem5sh5dyue0081f33qhn1ozl55tkg7d8idjw6z1zpwjj9iybrxh6n:latest/confusion_matrix_table.table.json","path":"media/table/confusion_matrix_table_13_f74d23eec2e6bf2ef1d6.table.json","ncols":3,"nrows":100,"_type":"table-file"},"_wandb":{"runtime":22},"train_loss":0.2706752737028677,"val_accuracy":0.8753333333333333,"epoch":10,"Model Run history":{"train_loss":[0.5219177419979932,0.38217454255148603,0.35197640261604984,0.3313301607226593,0.3162244815795504,0.3025514202768321,0.2951223949066463,0.28662989414817924,0.2768916371577882,0.2706752737028677],"train_acc":[0.8193518518518519,0.8639074074074075,0.8739444444444444,0.8806481481481482,0.8862222222222222,0.8898518518518519,0.8916296296296297,0.8958703703703703,0.8989814814814815,0.8992592592592593],"val_loss":[0.410287732264923,0.383279115097469,0.38993174931512786,0.36997583480447166,0.36433916746052786,0.3584564645136256,0.34721661135509363,0.35363792349570244,0.3558492979907388,0.3499764075920795],"val_acc":[0.8553333333333333,0.8658333333333333,0.8593333333333333,0.866,0.8665,0.8706666666666667,0.8788333333333334,0.8721666666666666,0.8743333333333333,0.8753333333333333]},"total_training_time":21.335832834243774,"train_accuracy":0.8992592592592593}