{"_timestamp":1.7410057701721206e+09,"_wandb":{"runtime":17},"val_loss":0.4672888805036016,"_runtime":17.680741587,"epoch_time":8.496229410171509,"total_training_time":16.219542980194092,"epoch":2,"train_loss":0.41274571064183274,"_step":4,"val_accuracy":0.8488333333333333,"confusion_matrix":{"size":59551,"path":"media/images/confusion_matrix_4_e2ac8f5b5788da842019.png","format":"png","width":1000,"height":800,"_type":"image-file","sha256":"e2ac8f5b5788da842019de2c412736804aead05c9b0a4e1b44f6fa244a898e36"},"train_accuracy":0.8543518518518518,"test_accuracy":0.8361}