{"test_accuracy":0.8689,"epoch":5,"_runtime":19.359714765,"_timestamp":1.7409073637235036e+09,"_wandb":{"runtime":19},"train_accuracy":0.88976,"val_accuracy":0.879,"total_training_time":18.21268367767334,"train_loss":0.2970328015435951,"_step":7,"epoch_time":3.4779422283172607,"confusion_matrix":{"_type":"image-file","sha256":"ea44a17c61748d59ae8cf512aa5ba72778abbdee1b1ae5598ebb0f09e8521032","size":59801,"path":"media/images/confusion_matrix_7_ea44a17c61748d59ae8c.png","format":"png","width":1000,"height":800},"val_loss":0.33647422285127865}