{"confusion_matrix_table":{"_type":"table-file","sha256":"8fc0cdb7b43cde2890e68725773ea562d1894ad759daab11db908d990703ffcb","size":1795,"artifact_path":"wandb-client-artifact://uie74ueohos7cexik17cf2zffyr3980tsw6jqfz12enw1vyk72l45rqhrqgv83m9bcmvkp3dc9fmh5zmzocoockil9lbb3bqodzrqeocea71l93qc7u4geke41zxsrtw/confusion_matrix_table.table.json","_latest_artifact_path":"wandb-client-artifact://pog1czef8gknbene9sjyj3cd13ieb9bmvs57y0i2875gf8wmkol7hoc1sz579dxkeugfng92iayi8oiwn9ej6b3ntaqgkvdmlqq09ufi0pf7pa95v3mbs88ks1vd4lpq:latest/confusion_matrix_table.table.json","path":"media/table/confusion_matrix_table_8_8fc0cdb7b43cde2890e6.table.json","ncols":3,"nrows":100},"total_training_time":12.990130186080933,"val_loss":0.14880539335364157,"epoch_time":2.677900791168213,"train_accuracy":0.9653148148148148,"_wandb":{"runtime":14},"test_accuracy":0.956,"_timestamp":1.742213578177526e+09,"_step":8,"epoch":5,"val_accuracy":0.9501666666666667,"Model Run history":{"train_loss":[0.3173067542588653,0.17681646045286992,0.14598139339227256,0.1275601283786655,0.11916820443223707],"train_acc":[0.9039074074074074,0.9484259259259259,0.9575,0.9621851851851851,0.9653148148148148],"val_loss":[0.18759431898795018,0.15209788222929788,0.14503589401722825,0.1387621031246981,0.14880539335364157],"val_acc":[0.9435,0.9553333333333334,0.9541666666666667,0.9585,0.9501666666666667]},"_runtime":14.537321237,"train_loss":0.11916820443223707}