{"_timestamp":1.7410057914190862e+09,"epoch":2,"total_training_time":6.348084449768066,"confusion_matrix":{"sha256":"f252014f265d95b80420688866892958e1b7d6f1811899d65f438a74c3d60aed","size":62228,"path":"media/images/confusion_matrix_4_f252014f265d95b80420.png","format":"png","width":1000,"height":800,"_type":"image-file"},"_step":4,"test_accuracy":0.8311,"val_loss":0.42734027626281623,"train_loss":0.4379167906928161,"val_accuracy":0.8421666666666666,"epoch_time":3.238022565841675,"train_accuracy":0.8453518518518518,"_wandb":{"runtime":7},"_runtime":7.507433607}