{"test_accuracy":0.8484,"_wandb":{"runtime":16},"_timestamp":1.7409118843007262e+09,"_runtime":16.466371662,"total_training_time":15.29184341430664,"confusion_matrix":{"size":59824,"path":"media/images/confusion_matrix_7_78053c9b326aee91bcc6.png","format":"png","width":1000,"height":800,"_type":"image-file","sha256":"78053c9b326aee91bcc61176d0a2ee0eb3dfb3f799352a66755cfdacba3ea1dd"},"_step":7,"epoch_time":3.108712911605835,"epoch":5,"train_accuracy":0.86692,"val_accuracy":0.8556,"train_loss":0.3827336202354046,"val_loss":0.4034454476172501}