{"_timestamp":1.7410060520459511e+09,"test_accuracy":0.8235,"_step":4,"_wandb":{"runtime":4},"val_accuracy":0.837,"confusion_matrix":{"format":"png","width":1000,"height":800,"_type":"image-file","sha256":"0451bd9ff0a707ee03be24832fd9d09ebc8a983cac1742fe8e6d50852d6c75d3","size":61114,"path":"media/images/confusion_matrix_4_0451bd9ff0a707ee03be.png"},"epoch_time":1.5868010520935059,"_runtime":4.649047869,"total_training_time":3.2734322547912598,"val_loss":0.45138011973984415,"train_loss":0.43609814122639157,"epoch":2,"train_accuracy":0.8429074074074074}