{"confusion_matrix":{"width":1000,"height":800,"_type":"image-file","sha256":"dad4c1f810851bac995ce5e6a6c777d6e96b23df6a98413ca334571ed347a055","size":50672,"path":"media/images/confusion_matrix_7_dad4c1f810851bac995c.png","format":"png"},"_step":7,"train_loss":2.300423478486761,"train_accuracy":0.11224,"_timestamp":1.7409076386317587e+09,"epoch":5,"val_loss":2.3000109990295563,"val_accuracy":0.0566,"epoch_time":7.1618757247924805,"_runtime":39.46344004,"_wandb":{"runtime":39},"total_training_time":38.14806795120239,"test_accuracy":0.0658}