{"confusion_matrix_table":{"ncols":3,"nrows":100,"_type":"table-file","sha256":"a3baee1bdb510c6a6b088d369d197b5b3cafae515f72e2fcc7821e977b3ac77c","size":2930,"artifact_path":"wandb-client-artifact://pmv8tu4ggcqc0rfuq0x7jp5jsuijp8yfmg3itxojf4fk0g4t8l7bmztd0j0kmhh0d6gnr3683lof5mllwbfdpwz5xb9bdwp248f5z8okrnuit1jmtgl9cs9y41itqn0g/confusion_matrix_table.table.json","_latest_artifact_path":"wandb-client-artifact://ij0qxzx5axs47sgyf7uvfpvgzusnpa9uxwv9l6pospgh876mwkbf0n28zgs47mgyamhjrvtwssrj2pl3c1yz4dwets6jdrr548kjk3th6sd2ny3d9lb5t26ln4aqrwfe:latest/confusion_matrix_table.table.json","path":"media/table/confusion_matrix_table_43_a3baee1bdb510c6a6b08.table.json"},"train_loss":0.22083070739441807,"_runtime":121.278017265,"_wandb":{"runtime":121},"epoch":40,"epoch_time":3.1147968769073486,"train_accuracy":0.9198148148148149,"val_loss":0.2987473199640465,"test_accuracy":0.8838,"total_training_time":120.08816576004028,"_timestamp":1.7413599284995234e+09,"Model Run history":{"val_acc":[0.8086666666666666,0.8336666666666667,0.8001666666666667,0.8535,0.852,0.8568333333333333,0.8676666666666667,0.863,0.8545,0.8608333333333333,0.8721666666666666,0.8698333333333333,0.8668333333333333,0.8725,0.8716666666666667,0.88,0.8763333333333333,0.857,0.881,0.8826666666666667,0.88,0.883,0.88,0.8843333333333333,0.8851666666666667,0.8838333333333334,0.8926666666666667,0.8865,0.8888333333333334,0.8858333333333334,0.8913333333333333,0.8871666666666667,0.8941666666666667,0.8933333333333333,0.885,0.8886666666666667,0.886,0.8893333333333333,0.886,0.891],"train_loss":[0.7789755173443259,0.5067198298829558,0.45182628829117444,0.4232907388254113,0.4015134417215021,0.3854433756094229,0.3725171308179745,0.3618835933342736,0.35089921166814936,0.3422305745251844,0.3351221142224714,0.3268416814119587,0.3201348673924036,0.3138275171163699,0.30746832320998285,0.3036095153980198,0.2981081862701778,0.29286498347215556,0.28762490595321805,0.28361449687301005,0.27951285762724676,0.27379435837850075,0.27190093277539595,0.268565238807178,0.2637094402881156,0.2609130278645984,0.25744748636359016,0.25441581808834113,0.2506317074254322,0.2481947561708247,0.2443639259629193,0.24292821713312657,0.23918044490428286,0.23667225425229682,0.23425346697702365,0.2328083963271938,0.22800346217664952,0.22553928533141004,0.22423946078815482,0.22083070739441807],"train_acc":[0.7396481481481482,0.8225740740740741,0.8421296296296297,0.8512777777777778,0.8587592592592592,0.8651296296296296,0.8680740740740741,0.8715185185185185,0.8735925925925926,0.8764444444444445,0.8797962962962963,0.883,0.8855185185185185,0.8880925925925925,0.8892777777777777,0.8905740740740741,0.8925740740740741,0.8953333333333333,0.8966296296296297,0.8963703703703704,0.8991481481481481,0.9009814814814815,0.9017407407407407,0.9023148148148148,0.9037777777777778,0.9052777777777777,0.9066296296296297,0.9080925925925926,0.9087037037037037,0.9095185185185185,0.9105925925925926,0.9118518518518518,0.9139814814814815,0.9147962962962963,0.9144074074074074,0.9166111111111112,0.9185555555555556,0.9197037037037037,0.919074074074074,0.9198148148148149],"val_loss":[0.5318460085347677,0.46972260136313115,0.5305442726451354,0.4094924970912855,0.4078307304522655,0.39398120059085384,0.3685759737142011,0.3790688760535931,0.3892470070529775,0.39567099729327515,0.34686583165995366,0.3539235658899769,0.3622647151664386,0.35129703881468727,0.3440478918074966,0.33275851612565477,0.33492609927322436,0.39534935836534896,0.3206683901961582,0.32794871256094454,0.32756388988831225,0.32496976444932457,0.3407772364952291,0.3170005032557142,0.3156005700307022,0.31395995002482147,0.2995366106824203,0.31661828741982795,0.31461655269716354,0.31122813413017025,0.2998330626219961,0.3140294822009697,0.29508986781946495,0.29880456120599025,0.3136977357367329,0.2955561475414489,0.3080657506146812,0.31030534182507763,0.31406601332748235,0.2987473199640465]},"_step":43,"val_accuracy":0.891}