{"_runtime":27.407990139,"train_accuracy":0.8923333333333333,"_timestamp":1.74124264143587e+09,"val_loss":0.34834693430524566,"_step":13,"epoch":10,"_wandb":{"runtime":27},"total_training_time":26.100356578826904,"confusion_matrix_table":{"_latest_artifact_path":"wandb-client-artifact://w4g24uqk4rphqsmuogwiud7mvwuxnt3k3iu76n8arpwd389c3d15ugbce2csalbwlzu436u8tr4u6lu5djiktrorewsr463cxy44jpz6x2x0fjya1vmkbeiztjr2tbjg:latest/confusion_matrix_table.table.json","path":"media/table/confusion_matrix_table_13_c9985eebc26fe40174d6.table.json","ncols":3,"nrows":100,"_type":"table-file","sha256":"c9985eebc26fe40174d66934a3fd2196033a5b2dbb665903f04ffad49db04f5d","size":2933,"artifact_path":"wandb-client-artifact://a8izq283u99gegaandlp563du4w8dnf7ebge4yaau2zb0r2lec16hjivlkbfqplgjcllg81z8n7cd4923tew06xkwj3iecmv1nwxrnge0mf8am1x5iz8rovm5tl5ymqb/confusion_matrix_table.table.json"},"test_accuracy":0.8682,"epoch_time":3.136868953704834,"Model Run history":{"val_loss":[0.4466644817398263,0.4152637186251928,0.3866629421807071,0.3931275833044762,0.36554790897037726,0.3676283494576954,0.3656465263397694,0.34699198942804244,0.3776390992397119,0.34834693430524566],"val_acc":[0.8401666666666666,0.8521666666666666,0.861,0.8588333333333333,0.8706666666666667,0.8708333333333333,0.87,0.877,0.8711666666666666,0.8756666666666667],"train_loss":[0.5642376368887778,0.41078777597417665,0.37678971126950955,0.35479758130906913,0.3387490978582629,0.3270234957489626,0.3142135149796017,0.30694963008538895,0.2969442298864516,0.28973852002431233],"train_acc":[0.8062777777777778,0.8543888888888889,0.8644259259259259,0.8715925925925926,0.8768148148148148,0.8817777777777778,0.8840925925925925,0.8876111111111111,0.8907222222222222,0.8923333333333333]},"train_loss":0.28973852002431233,"val_accuracy":0.8756666666666667}