{"val_loss":2.3012980932375875,"total_training_time":23.601890802383423,"_wandb":{"runtime":25},"confusion_matrix_table":{"_type":"table-file","sha256":"2b35394379a5c5204b1fe26e6cc5b44a352795caeb30c2a6807321008b711fd8","size":1787,"artifact_path":"wandb-client-artifact://vebylpwp2x4v7zoggu72nh8vrx4yzyjxopde7jyahs3md9py0en7l4z8yrk7futh8a0w5qtmlzfnf3wc4063yesxlhkxoahiqa5rgb4qjzos7wq3ldnog8gsnrjuoo4s/confusion_matrix_table.table.json","_latest_artifact_path":"wandb-client-artifact://0uluxuogdfkflbmq5xigc34i2uqcjuh4v8h95lz8l7cwdwjjgm41xbuo9oxz6lb5qzfznfwvsq1mjgzlmr4a31oyvpmsvu19xtecgezizhe86z2a6mzqtxitlqasmizg:latest/confusion_matrix_table.table.json","path":"media/table/confusion_matrix_table_13_2b35394379a5c5204b1f.table.json","ncols":3,"nrows":100},"_timestamp":1.7422133330014193e+09,"train_loss":2.3012971902151116,"val_accuracy":0.11233333333333333,"_runtime":25.555087916,"epoch_time":2.0351641178131104,"Model Run history":{"val_acc":[0.11233333333333333,0.11233333333333333,0.11233333333333333,0.11233333333333333,0.11233333333333333,0.11233333333333333,0.11233333333333333,0.11233333333333333,0.11233333333333333,0.11233333333333333],"train_loss":[2.3015909693826933,2.301317056191794,2.301268093817618,2.3012841176730467,2.3012789550342583,2.3012988396433145,2.3012960998737393,2.3012679072061957,2.301261345199315,2.3012971902151116],"train_acc":[0.11168518518518518,0.11237037037037037,0.11237037037037037,0.11237037037037037,0.11237037037037037,0.11237037037037037,0.11237037037037037,0.11237037037037037,0.11237037037037037,0.11237037037037037],"val_loss":[2.301660967122553,2.301348276713011,2.3013795741943994,2.3015516538058476,2.301461836222718,2.3013504688764295,2.301390164249185,2.30148590083967,2.301417236580378,2.3012980932375875]},"train_accuracy":0.11237037037037037,"_step":13,"test_accuracy":0.1135,"epoch":10}