{"_step":8,"confusion_matrix_table":{"sha256":"6d472de23ed00ee04854f618b60dfe87608185db4cddd40c536c3dff3414571d","size":2935,"artifact_path":"wandb-client-artifact://8m3q9oun4offl7680yehk0ydp04ylsqghuyxdo6dx7q4zzi728x5j1hybbg9axxj6akz0cslrza6y83qxdwx51cwjhdwux45v37vg1jx1kp2jcuvli3alw99u7ciwdi5/confusion_matrix_table.table.json","_latest_artifact_path":"wandb-client-artifact://sbpdtkyeq1y0f88wp3n0qv4k8yedlfah55oubxxl8sa3h72meqxttnuou5t7ztyt1zfdw9nxl83b99d6n4nicey11n3431n5wf277c64bot3iaf06wqlewrrwwvohuum:latest/confusion_matrix_table.table.json","path":"media/table/confusion_matrix_table_8_6d472de23ed00ee04854.table.json","ncols":3,"nrows":100,"_type":"table-file"},"test_accuracy":0.3396,"val_accuracy":0.3435,"train_loss":1.7725411186859157,"_wandb":{"runtime":84},"train_accuracy":0.2991666666666667,"_runtime":84.844108324,"val_loss":1.6518542680811934,"total_training_time":83.46180891990662,"_timestamp":1.7412033872938228e+09,"epoch":5,"Model Run history":{"val_acc":[0.434,0.4266666666666667,0.25266666666666665,0.25366666666666665,0.3435],"train_loss":[1.787570913100048,1.4862577863014612,1.8124053973590637,1.9575683603989946,1.7725411186859157],"train_acc":[0.32316666666666666,0.4255,0.30433333333333334,0.25101851851851853,0.2991666666666667],"val_loss":[1.548665461920367,1.5358106677966492,2.000910326327721,1.8654620752580424,1.6518542680811934]},"epoch_time":15.57260274887085}