{"epoch":5,"Model Run history":{"val_acc":[0.8513333333333334,0.8648333333333333,0.8798333333333334,0.877,0.8823333333333333],"train_loss":[0.5054156341328478,0.38461786694956934,0.35207781140078576,0.32913138263996594,0.3118902617709003],"train_acc":[0.8149074074074074,0.8589259259259259,0.8708333333333333,0.8780555555555556,0.8843518518518518],"val_loss":[0.40098267212244126,0.376820607029499,0.3356635862676636,0.3309818816865174,0.3251027371821665]},"epoch_time":5.229480743408203,"train_loss":0.3118902617709003,"_step":8,"_runtime":31.006514905,"val_loss":0.3251027371821665,"train_accuracy":0.8843518518518518,"test_accuracy":0.8714,"val_accuracy":0.8823333333333333,"_wandb":{"runtime":31},"confusion_matrix_table":{"nrows":100,"_type":"table-file","sha256":"c0d4e813273a6f590da79bef968dae775e3022df6197800bf1ef2349322aeec3","size":2932,"artifact_path":"wandb-client-artifact://3rlwpa7swz3atjmfyxkfoxbbfiwxka3vh78vc7bghonzk9vjn4llqq5i4ff7n1p6mdmrsxzn0beha9sa3uopgwqly5jgehknv7zx4jr9odz9aof15ed2h7mtrgweynh5/confusion_matrix_table.table.json","_latest_artifact_path":"wandb-client-artifact://w4j8ehah4k45imc081k6podcaq2069z20nw20urbxj3le9djs70053m7r9e13irrhe4dklkkioh7zv6a5hzo2xsowpa20ulauwrv0b2ry9bj4jn659arowhnk94gxbnz:latest/confusion_matrix_table.table.json","path":"media/table/confusion_matrix_table_8_c0d4e813273a6f590da7.table.json","ncols":3},"_timestamp":1.7412012470272036e+09,"total_training_time":29.98345422744751}