{"_wandb":{"runtime":16},"val_accuracy":0.0955,"val_loss":2.3026294677198087,"_step":7,"_timestamp":1.7409073399597752e+09,"train_accuracy":0.10018,"total_training_time":15.471071481704712,"train_loss":2.313504008777526,"_runtime":16.884540977,"test_accuracy":0.1,"epoch":5,"epoch_time":3.912492275238037,"confusion_matrix":{"format":"png","width":1000,"height":800,"_type":"image-file","sha256":"d718fd620d48d3de254bd7d6b123b64f2097c537aec1fda468eee27dd764429b","size":48048,"path":"media/images/confusion_matrix_7_d718fd620d48d3de254b.png"}}