{"_runtime":33.573890071,"Model Run history":{"train_acc":[0.920037037037037,0.9606296296296296,0.9706296296296296,0.9756296296296296,0.9792222222222222,0.9813888888888889,0.9837222222222223,0.9848888888888889,0.987574074074074,0.9887962962962963],"val_loss":[0.15848239490055713,0.11993309769181597,0.09512183217882744,0.0967787562329558,0.09826298858698734,0.08717731447254551,0.0898196775399836,0.0957073695509531,0.12130909272279103,0.0900641483088333],"val_acc":[0.9505,0.9606666666666667,0.9678333333333333,0.9663333333333334,0.9716666666666667,0.976,0.9755,0.9743333333333334,0.9686666666666667,0.975],"train_loss":[0.2601287408868326,0.12790411077390168,0.09553310200846211,0.07871927366260477,0.06478756651038295,0.05639510566964344,0.05059895324049698,0.04431073812151479,0.038026679975441124,0.03343599646977653]},"val_loss":0.0900641483088333,"train_accuracy":0.9887962962962963,"confusion_matrix_table":{"nrows":100,"_type":"table-file","sha256":"fdc0e7151bfbd60f3f115aaf5d82b5bdbc50a896b3f26dd902a4386c32c898aa","size":1789,"artifact_path":"wandb-client-artifact://5e8atrl6ajpfkb9b1tk8b0pnuzqysimf4cgxxs8fac0vusjotdq3e6y1c6gnbywbe17frbe8szsmjth48xhtensebkm4l00rqvgrqdug1u451quskrrwqhw7xukdk665/confusion_matrix_table.table.json","_latest_artifact_path":"wandb-client-artifact://wxdhi6bhyftpl65vksoqiegculco1i7cfi884kx8z7e3kr6ul738z5elqlr0axhfgnux61rjifn5cmtzvxqdcjsxpf2lfndrs3c3dwb8k27v1tsonsi0it8qwyfmxdma:latest/confusion_matrix_table.table.json","path":"media/table/confusion_matrix_table_13_fdc0e7151bfbd60f3f11.table.json","ncols":3},"val_accuracy":0.975,"_timestamp":1.742213750759546e+09,"train_loss":0.03343599646977653,"test_accuracy":0.9741,"epoch":10,"total_training_time":32.49725914001465,"epoch_time":2.675384759902954,"_step":13,"_wandb":{"runtime":33}}