{"val_loss":0.35959305052263335,"train_accuracy":0.896962962962963,"epoch":40,"_wandb":{"runtime":750},"_runtime":750.953163109,"val_accuracy":0.8633333333333333,"total_training_time":749.4576063156128,"_step":43,"epoch_time":17.262548208236694,"Model Run history":{"val_loss":[0.4203112955942295,0.37745388665218904,0.37893651335747874,0.339972592016454,0.3779128890820022,0.352960125508302,0.40051093378664215,0.3479288782070974,0.4146501239413376,0.34545067365814763,0.33483083170716177,0.36719358938816343,0.3151510126521626,0.31954858994798097,0.34448436304476904,0.3241120991226608,0.3110951813063192,0.3193947001351569,0.3205817812494977,0.3233735062606949,0.3539378242961942,0.3390609422930008,0.35707040195395884,0.32178292280450804,0.31513711729354116,0.31214808622754303,0.3434639271684858,0.3362218391868244,0.39659619767896437,0.3082919163353199,0.32238150745451727,0.3810025944372969,0.34950830760728757,0.3726635157515212,0.332097769741309,0.34235131799203533,0.33333767703958594,0.3489179183311628,0.32265949945718686,0.35959305052263335],"val_acc":[0.8411666666666666,0.8603333333333333,0.8565,0.872,0.8625,0.8701666666666666,0.8583333333333333,0.8753333333333333,0.8421666666666666,0.8701666666666666,0.8823333333333333,0.8605,0.8848333333333334,0.8801666666666667,0.8746666666666667,0.884,0.8876666666666667,0.8828333333333334,0.882,0.8863333333333333,0.8701666666666666,0.8778333333333334,0.8738333333333334,0.8786666666666667,0.884,0.8845,0.872,0.8758333333333334,0.8505,0.8836666666666667,0.8831666666666667,0.8586666666666667,0.8753333333333333,0.865,0.8723333333333333,0.8731666666666666,0.8713333333333333,0.881,0.8788333333333334,0.8633333333333333],"train_loss":[0.562256408972404,0.4260427455325967,0.38625262693468554,0.36572032149789757,0.3515773124729596,0.3418482968120176,0.3311145576108137,0.3273869546285555,0.31848295445468977,0.3188279895331523,0.314011549241872,0.31145892504737127,0.30761290078806736,0.30603772236622057,0.30206134363909576,0.30322812616169764,0.3026238705124067,0.3010629177204171,0.29794612375031615,0.29804202144529934,0.29426026432079067,0.2952074070657019,0.29300933436924315,0.2933541273960743,0.29127242413551185,0.29232056485995267,0.2912589522199984,0.2892225558783903,0.2874576402204307,0.29119576671302344,0.28916798141315697,0.2862624529469788,0.2887798980874599,0.2858855206575252,0.28817655115874163,0.2835191364968709,0.2855667822527553,0.28495846586632045,0.2845333754921398,0.2839985806370717],"train_acc":[0.8054814814814815,0.8532407407407407,0.863462962962963,0.8703148148148148,0.8737407407407407,0.8765185185185185,0.880462962962963,0.8806666666666667,0.8836111111111111,0.8827962962962963,0.8858888888888888,0.8853518518518518,0.8882037037037037,0.887425925925926,0.8893333333333333,0.8881481481481481,0.8895740740740741,0.8892407407407408,0.8909259259259259,0.8913518518518518,0.8932037037037037,0.8926481481481482,0.8933888888888889,0.8917777777777778,0.894537037037037,0.8915555555555555,0.8945925925925926,0.8949259259259259,0.8956111111111111,0.8943703703703704,0.8936481481481482,0.8961111111111111,0.8958703703703703,0.8954814814814814,0.8960185185185185,0.8976481481481482,0.8955925925925926,0.8946296296296297,0.896425925925926,0.896962962962963]},"confusion_matrix_table":{"size":2931,"artifact_path":"wandb-client-artifact://blngpo3qjltdmbm0276qqv9ihtl7wbhh9o3lfzdab6f13sddp5euly63ipsfglobszwl3ik7uvu3zqmjryjfbnkqd9ct816y35yf3yumwttk1uvrv0n76w8fccrc21ql/confusion_matrix_table.table.json","_latest_artifact_path":"wandb-client-artifact://tq8g9ux5iqklqaelbyx3uphvdfc4ndmz5zfewp2svfa60y7gggq6cds0ugrzrd04ifo75g0kt0wcxzgd9lowpr4zwhj8del3on5dvf1ck3oxzpwbey14paj6ydvt8z4w:latest/confusion_matrix_table.table.json","path":"media/table/confusion_matrix_table_43_3d218f6b276093881a6b.table.json","ncols":3,"nrows":100,"_type":"table-file","sha256":"3d218f6b276093881a6b4d763b7da37e306ed98c2c8391fe77813dc9c8efbfc4"},"train_loss":0.2839985806370717,"test_accuracy":0.851,"_timestamp":1.741354786417933e+09}