{"epoch":10,"_timestamp":1.7412413719295845e+09,"test_accuracy":0.8594,"confusion_matrix_table":{"ncols":3,"nrows":100,"_type":"table-file","sha256":"5a0001176f1624bb4471c7dca133ac71d7ff9cb34fb58485c5797407009c875f","size":2933,"artifact_path":"wandb-client-artifact://cx88cbldaz5boq2zm5nfovtud2u5f6clttal0gjpydhiv7aru8uj836smbc0ggtberd7modv9ymos6opqhn9bads2vh9ycqp09qvrpqu89x4d6wp5l3l72i39od7io6s/confusion_matrix_table.table.json","_latest_artifact_path":"wandb-client-artifact://3k7ol743n0vihtj82v5kbdiq03qutsz5tgszdzth9wcj83yekm5bkai6w3jctyt6ulu94hi0lo4pohdaf5proqwy5a0eok49v6dhh9cznkir2vv4yoiuk4nr9acmo5pe:latest/confusion_matrix_table.table.json","path":"media/table/confusion_matrix_table_13_5a0001176f1624bb4471.table.json"},"val_loss":0.37405692455637163,"_runtime":18.204568706,"_wandb":{"runtime":18},"_step":13,"train_loss":0.3193995409514522,"val_accuracy":0.8643333333333333,"train_accuracy":0.8832592592592593,"Model Run history":{"train_loss":[0.5925724920729852,0.42403051784818974,0.39673380849738094,0.3728271919343426,0.3577170658569109,0.34803296078150114,0.3398257348852722,0.33049472307474875,0.32236499676828406,0.3193995409514522],"train_acc":[0.7969074074074074,0.8485,0.8574259259259259,0.8660555555555556,0.870462962962963,0.8749814814814815,0.8764259259259259,0.8788888888888889,0.882462962962963,0.8832592592592593],"val_loss":[0.4659308709948565,0.42207029799325296,0.39342208997529915,0.37260635156960475,0.3751498328835838,0.3602362949905911,0.37614063940871534,0.37033017910623456,0.35918397509757705,0.37405692455637163],"val_acc":[0.8316666666666667,0.85,0.8651666666666666,0.8715,0.8693333333333333,0.875,0.8695,0.8716666666666667,0.8745,0.8643333333333333]},"total_training_time":16.937735319137573,"epoch_time":2.0116591453552246}