{"Model Run history":{"train_acc":[0.7825740740740741,0.8510925925925926,0.8620925925925926,0.8702037037037037,0.8768148148148148,0.8786666666666667,0.8834074074074074,0.8856851851851851,0.8898888888888888,0.889462962962963,0.8933333333333333,0.8952407407407408,0.8956481481481482,0.8955185185185185,0.8979074074074074,0.9006851851851851,0.9012592592592592,0.9030555555555555,0.9009814814814815,0.9025925925925926,0.9032407407407408,0.9046851851851851,0.9064814814814814,0.9054629629629629,0.9063888888888889,0.9081111111111111,0.9083333333333333,0.9083333333333333,0.9078333333333334,0.9082037037037037,0.9091666666666667,0.9096111111111111,0.9091296296296296,0.9103148148148148,0.9115185185185185,0.9100370370370371,0.9108888888888889,0.9107037037037037,0.9127592592592593,0.9133888888888889],"val_loss":[0.43500888677753813,0.3973641003135345,0.3704921550598817,0.3401847335505647,0.35903658468334,0.3567549656114323,0.35350940015779564,0.32504480771682925,0.3197581692821708,0.3451125035597494,0.31640310229294283,0.3123577947536449,0.3212273007201379,0.326706949297692,0.32654588852829175,0.31613146068592257,0.32129484676475967,0.2945047619126335,0.3292331604267563,0.30596044382000975,0.2923232636203393,0.3019791673512662,0.32084326281389175,0.3114212491975772,0.2990241974737007,0.34779205609802877,0.2857237711628485,0.31502185744091554,0.2876871998553453,0.3516541342699204,0.30323594567033113,0.30155642822500955,0.3277098952941616,0.3095310669117348,0.2857661755866205,0.3078353524276283,0.36678770739409333,0.30882350527312824,0.3095870070269071,0.3237176516433535],"val_acc":[0.8426666666666667,0.8523333333333334,0.8571666666666666,0.8733333333333333,0.8681666666666666,0.8703333333333333,0.8738333333333334,0.8826666666666667,0.8781666666666667,0.8746666666666667,0.8841666666666667,0.8833333333333333,0.8838333333333334,0.8828333333333334,0.8801666666666667,0.8815,0.8796666666666667,0.8926666666666667,0.8845,0.8863333333333333,0.8945,0.893,0.8831666666666667,0.8835,0.8878333333333334,0.8735,0.8958333333333334,0.8831666666666667,0.8888333333333334,0.8735,0.8931666666666667,0.894,0.8815,0.8855,0.8958333333333334,0.8916666666666667,0.8703333333333333,0.8885,0.8816666666666667,0.8863333333333333],"train_loss":[0.5952460031685705,0.41359572844054227,0.3765104689224697,0.3526842342583592,0.33516080052614894,0.3249630227111003,0.3145638112202048,0.3074970389198022,0.2984612790009413,0.2982797201561337,0.28881632930380186,0.2824703786498852,0.2813031712373138,0.279245885457387,0.27316434054446753,0.2692942086323489,0.26699226062305564,0.2638711263096691,0.2657375095733627,0.2611092625170961,0.260514466188887,0.25631694686446294,0.25401895033879845,0.25426744914419797,0.25399415542194786,0.24892800386449312,0.24846691552430927,0.2477493926143965,0.2483369417374881,0.24623371706040612,0.24335017724908709,0.24283603684276867,0.2428533297244157,0.24044453861554424,0.23973843211911672,0.24030871968587586,0.23709949634877173,0.2392320453676299,0.23478705751627107,0.23231552375548367]},"epoch":40,"epoch_time":3.71689510345459,"_step":43,"_wandb":{"runtime":191},"test_accuracy":0.8762,"confusion_matrix_table":{"path":"media/table/confusion_matrix_table_43_2dab43145fb29c015f0d.table.json","ncols":3,"nrows":100,"_type":"table-file","sha256":"2dab43145fb29c015f0d201f4155800bc2dfb618469436c21806c07058510b74","size":2932,"artifact_path":"wandb-client-artifact://8g87a67yjac16qqbw4bmf7i9qxaimcz757vij31sqrbpqme8g784vpq9rdyxcgfuiglnkzl488bnrjljd1x6oqxcrqm3lvyirtpyxr52d5ngyt3kth37wqzutzq0y5u0/confusion_matrix_table.table.json","_latest_artifact_path":"wandb-client-artifact://mm04s7yaro40k0cn8atv2ycaq8lw47qmoj99trtenlpcw3a0302phb8w2t4ouuxvp6aev2btqz82ryaojadv1lrg738tkkhq8ksjfdv64m3q1c8eoj28a2h8xht85y9i:latest/confusion_matrix_table.table.json"},"total_training_time":189.63870787620544,"train_accuracy":0.9133888888888889,"val_loss":0.3237176516433535,"train_loss":0.23231552375548367,"val_accuracy":0.8863333333333333,"_runtime":191.064580565,"_timestamp":1.7413622492229464e+09}