{"_wandb":{"runtime":26},"confusion_matrix_table":{"path":"media/table/confusion_matrix_table_13_47c0555f5ab0b0e65ab9.table.json","ncols":3,"nrows":100,"_type":"table-file","sha256":"47c0555f5ab0b0e65ab9a6058ef5134a4fde66edccf205621120a011605ecd66","size":2933,"artifact_path":"wandb-client-artifact://qzd5cnyebla0gu8dyt3yo3ue7t1wri985imey5qoz9mxm567kde66j4ij6xu2g5w8xoen5n8bdku989kuyv2p8h9fni9ka0vwyf28r1d1gagxq5lsb5rbazus0b6q8fq/confusion_matrix_table.table.json","_latest_artifact_path":"wandb-client-artifact://5aw64x37jr10bj5725a97pamm98rn9fvhbv92kzu41p076nl4s7bct3zmlq5tynvd4gky3vljekxcb5i3sydfkhw0yduiqptllnwcstzpws00nb047yxckec2ke7ezq9:latest/confusion_matrix_table.table.json"},"train_accuracy":0.8446296296296296,"val_accuracy":0.8451666666666666,"_timestamp":1.741242883309052e+09,"Model Run history":{"train_acc":[0.8097222222222222,0.8398148148148148,0.8422777777777778,0.8441666666666666,0.8464444444444444,0.8449074074074074,0.8455555555555555,0.8469814814814814,0.8461666666666666,0.8446296296296296],"val_loss":[0.4959599939101551,0.46150527768295235,0.4554160614399373,0.4472322747592851,0.45803839921112754,0.47753820406232533,0.43256408801956187,0.4389823078138011,0.43702057527833565,0.431499418034729],"val_acc":[0.8253333333333334,0.8343333333333334,0.8395,0.8416666666666667,0.8335,0.8261666666666667,0.8486666666666667,0.8466666666666667,0.8425,0.8451666666666666],"train_loss":[0.5649410663821247,0.469034578808275,0.45528195499109264,0.450324490129706,0.44525212412295856,0.44470058536090923,0.4421372863204355,0.44092316644319923,0.43947769234047174,0.43853739648974777]},"_step":13,"_runtime":26.123576971,"epoch_time":2.5569658279418945,"val_loss":0.431499418034729,"train_loss":0.43853739648974777,"total_training_time":24.94237780570984,"epoch":10,"test_accuracy":0.8394}