{"_wandb":{"runtime":14},"confusion_matrix":{"size":59557,"path":"media/images/confusion_matrix_12_b633055da00bceb94d35.png","format":"png","width":1000,"height":800,"_type":"image-file","sha256":"b633055da00bceb94d35f8eff07abf3e40640f612ca9f896f41cd24b33ed329b"},"train_accuracy":0.89396,"epoch_time":1.3873674869537354,"_runtime":14.573344969,"epoch":10,"train_loss":0.2882512410847378,"total_training_time":13.500137329101562,"test_accuracy":0.8688,"_step":12,"_timestamp":1.7409088677438855e+09,"val_loss":0.35052288172379453,"val_accuracy":0.8758}