{"_runtime":43.151872851,"val_accuracy":0.8778333333333334,"epoch":5,"train_loss":0.29935498015633016,"confusion_matrix_table":{"_latest_artifact_path":"wandb-client-artifact://1riunondqnll9qi6m79u3l6g6bx3q029uwkedg4kqcvcc1ardvpapnaepdlvp9dhmgyzndjwb40n5vdajeb1c8kqai2z842poqfuzb2ipnj3fz0dvzun04sej1yop55p:latest/confusion_matrix_table.table.json","path":"media/table/confusion_matrix_table_8_b78f9f54ccc80af80273.table.json","ncols":3,"nrows":100,"_type":"table-file","sha256":"b78f9f54ccc80af80273b65d94ffc47a207fefe9a457b29b007736ed30cc7960","size":2926,"artifact_path":"wandb-client-artifact://30rppucclt4zjsxzhd4u0sjzb9g76657xt8y5nfp6vvjao5f6u5yevtd8v3ssee8ndc3t2w2k2dbequfe9407a4d9b8k25u3vnt4ohd9shp6wn12onzejcrnti7ysfn2/confusion_matrix_table.table.json"},"_step":8,"test_accuracy":0.8706,"train_accuracy":0.8884814814814814,"epoch_time":7.744260787963867,"_timestamp":1.74120164259332e+09,"Model Run history":{"train_acc":[0.8239444444444445,0.8650185185185185,0.8765740740740741,0.8833148148148148,0.8884814814814814],"val_loss":[0.4467377572137881,0.337430543964594,0.3397715212235173,0.3288940313816677,0.33902309633474975],"val_acc":[0.8358333333333333,0.8756666666666667,0.8768333333333334,0.8806666666666667,0.8778333333333334],"train_loss":[0.4873078410821997,0.3739448285555939,0.3358477417068975,0.3152828724581991,0.29935498015633016]},"total_training_time":42.08299493789673,"val_loss":0.33902309633474975,"_wandb":{"runtime":43}}