{"confusion_matrix_table":{"_type":"table-file","sha256":"b3515bce8f6dae82389de94652f30d5ff27ee645bc6fbe9a2c1f1a99041df0de","size":2912,"artifact_path":"wandb-client-artifact://gpwws4aab7mypyrrwv4ub036e7q1pfrzgf5symie7c88vrsih5qe812dfyne5o90p5gtil5p6ghijit0138leqoqaelbyr3g4smuq7h6g2nrhg0tynccvg8gyhrpks6m/confusion_matrix_table.table.json","_latest_artifact_path":"wandb-client-artifact://9w4pmznvw18kvox6nkrvtv1bu8z07iqf4512mmn2itfdbd3laoi78cgkvsmsaqvl09d0mv4r5ehws1q4jmwmhwo4n0t4bd6jxbwo2j8qwci2fp2r76ja6xtqwua09hum:latest/confusion_matrix_table.table.json","path":"media/table/confusion_matrix_table_5_b3515bce8f6dae82389d.table.json","ncols":3,"nrows":100},"total_training_time":110.9836151599884,"epoch":2,"Model Run history":{"train_loss":[2.3755192257255695,2.3037891708330984],"train_acc":[0.10235185185185185,0.10083333333333333],"val_loss":[2.304161963624812,2.30352274299616],"val_acc":[0.09866666666666667,0.098]},"train_accuracy":0.10083333333333333,"val_loss":2.30352274299616,"_timestamp":1.741111784111222e+09,"_runtime":120.166607889,"_step":5,"train_loss":2.3037891708330984,"test_accuracy":0.1,"_wandb":{"runtime":120},"val_accuracy":0.098,"epoch_time":59.870444774627686}