{"_step":8,"epoch":5,"val_loss":0.1268524392833742,"test_accuracy":0.9613,"train_loss":0.1122170106849479,"epoch_time":2.199831247329712,"confusion_matrix_table":{"size":1796,"artifact_path":"wandb-client-artifact://7vgs0wjr0ts2ltg273e6ff7wmfwt3se7rnd0811flqpem16m006k0sjad23rxh4z1f117kmsni2d9r1u3dsrwd8ikgdawcsrgbc7xamil8gpxqnrkx9v6gxqilrpehw6/confusion_matrix_table.table.json","_latest_artifact_path":"wandb-client-artifact://zq3npvbfxnf3ij1ms7pnt53kuwrlpp72tpeal9g2awmcyicv0b5uxynkz4gx2bl8oyk8ozhng5e41iqlla7m1o6xxsvc3tjh5in1mrml3irnk6m3t8ofofsa2vcx23f6:latest/confusion_matrix_table.table.json","path":"media/table/confusion_matrix_table_8_70d05b70a6ea2e720cb3.table.json","ncols":3,"nrows":100,"_type":"table-file","sha256":"70d05b70a6ea2e720cb381e830903b783ac1266d8b1df97d88e80da8321af064"},"_wandb":{"runtime":13},"_runtime":13.755386085,"total_training_time":11.798501014709473,"train_accuracy":0.9672407407407407,"val_accuracy":0.9608333333333333,"_timestamp":1.74221340246421e+09,"Model Run history":{"train_loss":[0.2984772121353115,0.16501946938588855,0.1376900807057635,0.12299318274702932,0.1122170106849479],"train_acc":[0.9141296296296296,0.9524814814814815,0.9606666666666667,0.9646481481481481,0.9672407407407407],"val_loss":[0.20854347363025336,0.1567371646944449,0.15299103213590348,0.1491305135202205,0.1268524392833742],"val_acc":[0.9353333333333333,0.9505,0.9556666666666667,0.9545,0.9608333333333333]}}