{"confusion_matrix":{"width":1000,"height":800,"_type":"image-file","sha256":"b3917947fac88e8ce937d3749b35ecb4c9d0c78f1d7bea9469807651bc299fff","size":60502,"path":"media/images/confusion_matrix_4_b3917947fac88e8ce937.png","format":"png"},"_runtime":15.924396654,"epoch":2,"val_loss":0.47074080569206245,"epoch_time":6.981411933898926,"train_accuracy":0.8091296296296296,"_wandb":{"runtime":15},"val_accuracy":0.8216666666666667,"_step":4,"train_loss":0.5139779895742155,"_timestamp":1.7410052897480404e+09,"total_training_time":13.507462501525879,"test_accuracy":0.8144}