{"_timestamp":1.7410062900216894e+09,"confusion_matrix":{"sha256":"3e3713057b76bf32f28badfca82891dcc5fa7602f8dfeca373f01195afe84a9f","size":61548,"path":"media/images/confusion_matrix_4_3e3713057b76bf32f28b.png","format":"png","width":1000,"height":800,"_type":"image-file"},"train_accuracy":0.8541111111111112,"_wandb":{"runtime":4},"val_loss":0.3908125091642753,"_runtime":4.904038626,"epoch":2,"_step":4,"train_loss":0.40793949174786437,"val_accuracy":0.8635,"test_accuracy":0.846,"total_training_time":3.517469644546509,"epoch_time":1.753197193145752}