{"val_accuracy":0.8806666666666667,"_runtime":68.773552298,"total_training_time":67.64896559715271,"val_loss":0.32725522566809406,"train_loss":0.2863653073261914,"test_accuracy":0.8714,"_step":8,"_timestamp":1.7412032114112673e+09,"train_accuracy":0.8932407407407408,"confusion_matrix_table":{"ncols":3,"nrows":100,"_type":"table-file","sha256":"644bd505e83a478201dced7dbc3fe034f8a7072aa16824ceb10919a584d77a42","size":2928,"artifact_path":"wandb-client-artifact://9wby4tvrv489s49qtw1cq6qcwg6p1wcqkqwdci7f7npnfc88d7wb15ooxuuxsvnxx8xtelr8izeboh9n30epfhxzfqixuz3lhb0yn5s0f20swb7sen2llgt6xddmaxfq/confusion_matrix_table.table.json","_latest_artifact_path":"wandb-client-artifact://xb9cd3gpau5sqcttaxstolgvck05wrip36hjqkrgnlr0mblkjga01ntdohics75n50m3ws8d4wmkqsuf1hhdkf8nhiy4t78879u5ik76ejja9p612xfkq27a1bo90on1:latest/confusion_matrix_table.table.json","path":"media/table/confusion_matrix_table_8_644bd505e83a478201dc.table.json"},"epoch":5,"Model Run history":{"val_loss":[0.37709585805077644,0.3691930274903846,0.31732070676863755,0.3199050186221403,0.32725522566809406],"val_acc":[0.8596666666666667,0.8623333333333333,0.8775,0.8833333333333333,0.8806666666666667],"train_loss":[0.4689024415058067,0.3618196226503353,0.326848875021691,0.3036023503612477,0.2863653073261914],"train_acc":[0.831,0.8685925925925926,0.880462962962963,0.8872962962962962,0.8932407407407408]},"_wandb":{"runtime":68},"epoch_time":14.022016525268555}