{"_runtime":17.777624070999998,"epoch_time":1.8879802227020264,"val_accuracy":0.853,"Model Run history":{"val_loss":[0.47700694577110453,0.44893732324200514,0.42592670992678333,0.4266698308852661,0.4271813879873703,0.4415972430966826,0.42405774602241775,0.41723416644697825,0.42444421661302356,0.42362876486921586],"val_acc":[0.8338333333333333,0.8458333333333333,0.8531666666666666,0.8541666666666666,0.8508333333333333,0.8438333333333333,0.8535,0.8543333333333333,0.851,0.853],"train_loss":[0.6210568274342271,0.46257490834160003,0.44442006685876173,0.43659125747063354,0.42923703409528957,0.42867592721442493,0.4210604033559637,0.4200286408303905,0.4192015956055402,0.41645470785963395],"train_acc":[0.7885555555555556,0.8418888888888889,0.8461851851851852,0.8496666666666667,0.8514444444444444,0.8508148148148148,0.8542037037037037,0.8545925925925926,0.853462962962963,0.855925925925926]},"_step":13,"total_training_time":16.762500762939453,"train_loss":0.41645470785963395,"_wandb":{"runtime":17},"epoch":10,"confusion_matrix_table":{"ncols":3,"nrows":100,"_type":"table-file","sha256":"b4adfc1ab58ef5252a7bf1bc01b59914f1a468f64dca84dabe781c588bc78442","size":2935,"artifact_path":"wandb-client-artifact://z67xmaxy75ehy6va8bmzr9h2ej3n8xh7825tv03n6r78y4a74erz9bz7qaxcqywlrpxkehj3xqns3vtsk6vaki3dlz5uey2op5hholkodhjp6z8s1dn1tymn4w0sj9a9/confusion_matrix_table.table.json","_latest_artifact_path":"wandb-client-artifact://egqkgbrbl8pjc6m4k2we0vvigzekm74hvkj5rqhjrjkyucdp8tv9p3n7s6kpirgg5t6yotc65sj3gfcbbhkbvgn8f2ij8rmybzxbxnbipyr0qxz4b8bv6r8808ofuk87:latest/confusion_matrix_table.table.json","path":"media/table/confusion_matrix_table_13_b4adfc1ab58ef5252a7b.table.json"},"train_accuracy":0.855925925925926,"_timestamp":1.7412398895660524e+09,"val_loss":0.42362876486921586,"test_accuracy":0.8429}