{"_step":8,"val_loss":0.38054121490934206,"train_accuracy":0.8872037037037037,"Model Run history":{"val_acc":[0.8468333333333333,0.839,0.8765,0.8855,0.8688333333333333],"train_loss":[0.49151166076557024,0.3829815242232521,0.34578821045605723,0.3262927177959305,0.3069238720806395],"train_acc":[0.8193148148148148,0.8617037037037037,0.8726666666666667,0.8814074074074074,0.8872037037037037],"val_loss":[0.39945286204454383,0.42002464984838583,0.34065491464990344,0.3223754705958113,0.38054121490934206]},"test_accuracy":0.8611,"_runtime":120.205003077,"_wandb":{"runtime":120},"_timestamp":1.7412018633136916e+09,"total_training_time":119.02580666542053,"val_accuracy":0.8688333333333333,"train_loss":0.3069238720806395,"confusion_matrix_table":{"ncols":3,"nrows":100,"_type":"table-file","sha256":"f401f97bcac6dedb90276669e6fb9dfcb03bbbf8577d1e3453b919d6de2791e3","size":2929,"artifact_path":"wandb-client-artifact://qjllsptayx12wnd7q2hz676t7zzkfkztdfiujid16q50a3crovzsixz2fp8nw0bf97pa2rps1wtj0oi3kpy6cs2ri0db8ybq2awnh05n1pt3zo13l5uiw2kzrl1p58jb/confusion_matrix_table.table.json","_latest_artifact_path":"wandb-client-artifact://38qg014w4y3tchijhnntpcfcihsp8f28wogekg413vdfu574btu3vpivpvzjnfwzzhay6j7dpqrjsy2irytb23rr7t2txnlciurlubdv8v63sr1fzicmb2z5p009r8p7:latest/confusion_matrix_table.table.json","path":"media/table/confusion_matrix_table_8_f401f97bcac6dedb9027.table.json"},"epoch":5,"epoch_time":22.932636737823486}