{"train_accuracy":0.5647037037037037,"train_loss":1.0435015311682456,"val_accuracy":0.6955,"epoch":1,"val_loss":0.8721245202844372,"_timestamp":1.7410012371670287e+09,"_step":0,"epoch_time":2.427551031112671,"_runtime":3.285934858,"_wandb":{"runtime":4}}