{"_wandb":{"runtime":20},"_step":7,"val_accuracy":0.8723,"epoch":5,"confusion_matrix":{"width":1000,"height":800,"_type":"image-file","sha256":"6c599c4ba67e409338aec0ed6e649a482f4170d65c99dab7a613393485fcec10","size":60657,"path":"media/images/confusion_matrix_7_6c599c4ba67e409338ae.png","format":"png"},"train_accuracy":0.88456,"_timestamp":1.7409119094596236e+09,"_runtime":20.191700639,"total_training_time":18.860169887542725,"test_accuracy":0.8623,"val_loss":0.35503935333274445,"epoch_time":4.4147632122039795,"train_loss":0.311783876236742}