{"_timestamp":1.7422137035473037e+09,"Model Run history":{"val_loss":[0.20763835721846935,0.18231001148384682,0.17261377643616105,0.14956947195126766,0.13861291573162446,0.14084425539146084,0.13176894883959434,0.14774236764647106,0.1238108500064085,0.1427683258070706],"val_acc":[0.9361666666666667,0.947,0.9471666666666667,0.9553333333333334,0.9575,0.9601666666666666,0.961,0.9555,0.9623333333333334,0.9588333333333333],"train_loss":[0.33063884728389326,0.18304268552474756,0.15637497429084285,0.14086648883485964,0.13278070822581217,0.12872169839167155,0.124630538805541,0.12043569493745343,0.11554880972248127,0.11445750677094625],"train_acc":[0.907537037037037,0.947037037037037,0.9556296296296296,0.9597222222222223,0.9612592592592593,0.9638703703703704,0.9643518518518519,0.9656851851851852,0.9677222222222223,0.9675185185185186]},"_wandb":{"runtime":23},"train_accuracy":0.9675185185185186,"test_accuracy":0.958,"val_loss":0.1427683258070706,"confusion_matrix_table":{"ncols":3,"nrows":100,"_type":"table-file","sha256":"80f3d972d7b73c9928e18919897db5321ccd963d72425183268bda54086f3e11","size":1795,"artifact_path":"wandb-client-artifact://0qmlg63al86wj9xiyf7ryywmv3yoox7fyt9w5pycx21ootoo4fqhl16820cyerikd2unotaplompkcsjfe83d1w22mrvzbn9grp6mavy8p0frfyibpmy2njvn3075wlk/confusion_matrix_table.table.json","_latest_artifact_path":"wandb-client-artifact://ywhxveiwt0mgjh23kyzprsnmm21i4w8wpvwrta4aa62o7pr1p0mxlfiieof0372q44ny0z6nnmb1p1fzlujmp3ebgshsfdtevr9405ui4emzehgtyyipqgh4a4j26z35:latest/confusion_matrix_table.table.json","path":"media/table/confusion_matrix_table_13_80f3d972d7b73c9928e1.table.json"},"epoch_time":2.1899471282958984,"_step":13,"epoch":10,"total_training_time":22.571208477020264,"_runtime":23.612429446,"train_loss":0.11445750677094625,"val_accuracy":0.9588333333333333}