{"epoch":5,"train_acc":0.6738,"train_loss":1.0976054917448845,"_wandb":{"runtime":16},"_timestamp":1.74073357323566e+09,"sample_predictions":{"height":300,"_type":"image-file","sha256":"76144932e99e35e3149250bae82a4fd7ecc87626a4d1ed0a609254c405d67983","size":21370,"path":"media/images/sample_predictions_6_76144932e99e35e31492.png","format":"png","width":1200},"_step":6,"val_loss":11.12839375444022,"val_acc":0.6778,"test_accuracy":0.6667,"_runtime":16.372491909}