{"val_loss":0.4319791390083394,"_step":8,"train_accuracy":0.8576851851851852,"_runtime":34.732796537,"epoch":5,"train_loss":0.41500314470413285,"Model Run history":{"val_loss":[0.5157282687885665,0.41674002473241095,0.44521990635563413,0.4133334486889974,0.4319791390083394],"val_acc":[0.8026666666666666,0.8513333333333334,0.851,0.8513333333333334,0.8456666666666667],"train_loss":[0.5490490662898686,0.4503289759912956,0.4329909985960532,0.4239663891173167,0.41500314470413285],"train_acc":[0.8051666666666667,0.844574074074074,0.850037037037037,0.8537037037037037,0.8576851851851852]},"_wandb":{"runtime":34},"val_accuracy":0.8456666666666667,"epoch_time":6.467234373092651,"test_accuracy":0.8372,"_timestamp":1.7412031347979949e+09,"total_training_time":33.594075441360474,"confusion_matrix_table":{"ncols":3,"nrows":100,"_type":"table-file","sha256":"beab8becb9d4c562c251a76f9c48699ab5d58b51cb378468562818323a89209b","size":2934,"artifact_path":"wandb-client-artifact://k1zuo4a29oz4szeivjmc2vqkudsiuozgeh5whayqbt6hqokfaei9lic88l0adrysmnqytedpnvxjhbh6l0cdt5ys2mjoknpy8z54irx285fnpfi9dz86ysl2n9qlz9fa/confusion_matrix_table.table.json","_latest_artifact_path":"wandb-client-artifact://u17ukt8mh1kditxagp9pzkazdt6h39070qh3rnjmp0x86el83vvvuv32ql1wzwsw36vhc2nbb71mgq0hx93eehi32ihkan6xi3l0sqhelinfwh9aplmofiyzrjbkvolm:latest/confusion_matrix_table.table.json","path":"media/table/confusion_matrix_table_8_beab8becb9d4c562c251.table.json"}}