{"_runtime":7.832729555,"epoch":2,"_timestamp":1.7410060341689534e+09,"_step":4,"val_loss":0.4878945272786739,"confusion_matrix":{"path":"media/images/confusion_matrix_4_c4bb8a2ad9b9761a1698.png","format":"png","width":1000,"height":800,"_type":"image-file","sha256":"c4bb8a2ad9b9761a16989b3c46baa91db8cb3744a1718cec5635d671668fef52","size":60348},"val_accuracy":0.8371666666666666,"total_training_time":6.642013311386108,"train_loss":0.41583415641757426,"epoch_time":3.374680280685425,"test_accuracy":0.8225,"_wandb":{"runtime":7},"train_accuracy":0.8479074074074074}