{"train_accuracy":0.8973703703703704,"_step":13,"_timestamp":1.7412052628563395e+09,"val_loss":0.30237336280913757,"_wandb":{"runtime":98},"total_training_time":97.08825755119324,"test_accuracy":0.879,"confusion_matrix_table":{"artifact_path":"wandb-client-artifact://vtz0hbk18xloxqhqown2o1e8sz4bmrytadtrgvit4k0ficcwtqni9pqqlaez20ynd8qv6jwz6vl8m2s93ls1ktf3spv9drjkeh2862t24yagjvpghbi1x3v04olnayj4/confusion_matrix_table.table.json","_latest_artifact_path":"wandb-client-artifact://fohd75mn1ts0ilna3370926dioqld0yfyezk9ech6hqtfutx7ox1cf4j2zdo6b1jfdjoemd6fonj9fkwi87kyk5ol1ih8ciytutix324bpefygu7p14kz0cedyjpaeo1:latest/confusion_matrix_table.table.json","path":"media/table/confusion_matrix_table_13_169c6d9c574c3398000d.table.json","ncols":3,"nrows":100,"_type":"table-file","sha256":"169c6d9c574c3398000dabbcb2da10537e7f1d8bbd2677675d8221b8d1d99172","size":2932},"train_loss":0.27655320007498296,"_runtime":98.360268511,"epoch_time":9.572023630142212,"val_accuracy":0.8908333333333334,"Model Run history":{"train_acc":[0.8326666666666667,0.8688703703703704,0.8763703703703704,0.8816296296296297,0.8860925925925925,0.8895,0.8913518518518518,0.8929259259259259,0.8961111111111111,0.8973703703703704],"val_loss":[0.3756505211069969,0.3595194595861357,0.3352235855257473,0.33195385772076935,0.31782024301148293,0.3155611746005793,0.3514601337214629,0.3056859700780257,0.3253720709983087,0.30237336280913757],"val_acc":[0.861,0.8668333333333333,0.8766666666666667,0.8766666666666667,0.8828333333333334,0.8855,0.8701666666666666,0.894,0.8808333333333334,0.8908333333333334],"train_loss":[0.4714758415838382,0.36472031893046564,0.34075435089408823,0.3221981591879907,0.31066278157475924,0.3032946542411638,0.2950917813014398,0.2878197527552251,0.2808219380813148,0.27655320007498296]},"epoch":10}