{"train_accuracy":0.978574074074074,"total_training_time":14.751285076141357,"test_accuracy":0.962,"_timestamp":1.742214425029558e+09,"epoch_time":1.5087573528289795,"Model Run history":{"train_loss":[0.309460780784567,0.16462081096327943,0.13371208401224446,0.11432417752923271,0.10190209557403723,0.09202070243935358,0.08253379597869637,0.07208354356676763,0.07034463167596867,0.06741670516579173],"train_acc":[0.9101296296296296,0.9518518518518518,0.9593703703703703,0.9658148148148148,0.9691481481481482,0.9720185185185185,0.9747777777777777,0.9779814814814815,0.978925925925926,0.978574074074074],"val_loss":[0.20336661437868978,0.15883393381174737,0.14610030088579154,0.14960150760766008,0.15333997957859857,0.13476201479307998,0.1432641829399306,0.13528041465203935,0.13143167323462657,0.12561617471984604],"val_acc":[0.9371666666666667,0.95,0.9558333333333333,0.9503333333333334,0.951,0.957,0.9553333333333334,0.9571666666666667,0.9595,0.9586666666666667]},"epoch":10,"confusion_matrix_table":{"ncols":3,"nrows":100,"_type":"table-file","sha256":"f4f1608327b9b4eb6a1886a091cd24987db16353d56bd96d5099dbba8ade03c2","size":1797,"artifact_path":"wandb-client-artifact://8o5mua9wf6vumz53rbd4qu04xx2usmos05pjoxlm6tmw6c9g238fou3m4f0uum7ol38l3kwtxd6yswueds642g4d08hsz9n19nvhopmdsu89zohpe35bcmo0fjrnjgn0/confusion_matrix_table.table.json","_latest_artifact_path":"wandb-client-artifact://bmegpeeptfd7p8ecjzehfqkaeg0egvcvuqvvv8tvo9zz1ziyorb8aaurtnyscnxjzopi4tr95lp6lqegs1l7simmxj0aubf7eynbcwse57l60u1ybzy80d0wxmyw0t0q:latest/confusion_matrix_table.table.json","path":"media/table/confusion_matrix_table_13_f4f1608327b9b4eb6a18.table.json"},"val_loss":0.12561617471984604,"train_loss":0.06741670516579173,"_step":13,"_runtime":15.900101307,"val_accuracy":0.9586666666666667,"_wandb":{"runtime":15}}