{"_runtime":28.336977036,"_step":13,"train_loss":0.29388953897174047,"epoch":10,"val_accuracy":0.8735,"_wandb":{"runtime":28},"epoch_time":2.354212999343872,"confusion_matrix_table":{"nrows":100,"_type":"table-file","sha256":"7815e2518c82a0daa2f6be7dc61cb8e2532a9a280b03a1cee1e3b71cfbc41d6a","size":2934,"artifact_path":"wandb-client-artifact://ptx49f6aiwk7u934y13skgmnkp9ily322ccnxhj8hmpdd780h0m7vz0h1742q4tiy235quz3hfan8hbuerv3m92nzrhjgtl1wtzjn1woggsmqkrrh08cdbk1j157gkif/confusion_matrix_table.table.json","_latest_artifact_path":"wandb-client-artifact://a2ghxghxogqxj0zl11aqueszk6o9r47lg45agb9e7u071pw8mvbxkzcpak9fgn0lhm7ed8p18qno5qitb5st3pm9toprsj5nioggcn4ei5gfxbg3tx2f2wmmkap3qraj:latest/confusion_matrix_table.table.json","path":"media/table/confusion_matrix_table_13_7815e2518c82a0daa2f6.table.json","ncols":3},"val_loss":0.35974736064862334,"Model Run history":{"val_acc":[0.8393333333333334,0.8603333333333333,0.8515,0.8668333333333333,0.866,0.8643333333333333,0.8731666666666666,0.8776666666666667,0.8731666666666666,0.8735],"train_loss":[0.5622522515301647,0.4143188252684113,0.37943932569206473,0.35755385032258596,0.34254696738019874,0.330422921848303,0.31936502060433675,0.3098803736463238,0.30192024804064893,0.29388953897174047],"train_acc":[0.8071851851851852,0.8530555555555556,0.8635925925925926,0.8713148148148148,0.875462962962963,0.8795185185185185,0.8839074074074074,0.8867037037037037,0.8890925925925925,0.8922407407407408],"val_loss":[0.46124945778553844,0.40080083817315615,0.4118157777973581,0.3749635343469598,0.38349672687536546,0.38369895696487977,0.35959207692911704,0.3617912550067482,0.36213840736008873,0.35974736064862334]},"test_accuracy":0.8687,"_timestamp":1.7412413445636466e+09,"total_training_time":27.164058208465576,"train_accuracy":0.8922407407407408}