{"epoch":40,"confusion_matrix_table":{"size":2927,"artifact_path":"wandb-client-artifact://jellg8qm3bh1zghrfcsrtr76hzj8aynmjpn7h3svj6wir1nqyq2m7ui1qv0a2rvvcx5hs9ffo18a4wseno5y8zye3xbzevv8z4mu4mt4choaj2zoi0688akob6v1h00r/confusion_matrix_table.table.json","_latest_artifact_path":"wandb-client-artifact://uxd9dhklj00z95foiyk7erfmd6vl5p3hsn1waqz2nqdamydzpwsvoihjw43xkxpp4yudnzisspay5wmwyu137bqdyee5nc2fyactu7h7zgx12bmkghy5bzqjg68jc8sv:latest/confusion_matrix_table.table.json","path":"media/table/confusion_matrix_table_43_6533a81df8dae6e8b0bc.table.json","ncols":3,"nrows":100,"_type":"table-file","sha256":"6533a81df8dae6e8b0bc18ad4994eef7fd9008ecaefda113085a91fa5d7bae4c"},"_step":43,"train_accuracy":0.9380740740740741,"val_loss":0.31309543009537916,"total_training_time":263.0597593784332,"epoch_time":8.137182474136353,"train_loss":0.17551038915986766,"test_accuracy":0.8818,"val_accuracy":0.8885,"_wandb":{"runtime":264},"_timestamp":1.7413480813353944e+09,"_runtime":264.203469666,"Model Run history":{"train_loss":[0.6091492701512239,0.4383659598238314,0.39338909648107695,0.36704869027270315,0.3480098448036834,0.33341859092323545,0.32161002729298516,0.30899602265495557,0.29976917675668086,0.2933801588969108,0.28459718792991123,0.27726278495611467,0.2713554968030292,0.26385831211340793,0.2595317842081451,0.2537397796815498,0.24959276885359952,0.24394047242980196,0.23980945616004112,0.23427977739874345,0.2316614452899154,0.22671229131726067,0.22496919964714282,0.22130656707608032,0.21717183761765615,0.21408853994525284,0.21145796798992683,0.20738563344332075,0.20323361624292455,0.2018692593290616,0.1984144687576916,0.19558235677113156,0.19380971245050252,0.1917923251992421,0.1887079800754748,0.1842092670595804,0.18454662686915527,0.1803698882268108,0.17800735223575515,0.17551038915986766],"train_acc":[0.7906111111111112,0.8483703703703703,0.8625925925925926,0.8717222222222222,0.8782962962962962,0.8825555555555555,0.8861851851851852,0.891,0.8936296296296297,0.8964814814814814,0.8998148148148148,0.9027592592592593,0.9037222222222222,0.9071481481481481,0.9074074074074074,0.9101296296296296,0.9117037037037037,0.9130370370370371,0.9147777777777778,0.9172777777777777,0.9172962962962963,0.919962962962963,0.9205,0.9211296296296296,0.9229444444444445,0.9246296296296296,0.9252037037037038,0.9267222222222222,0.9277777777777778,0.929,0.9306111111111111,0.9309814814814815,0.9312777777777778,0.9326666666666666,0.9326851851851852,0.9347037037037037,0.9348888888888889,0.9355925925925926,0.9380185185185185,0.9380740740740741],"val_loss":[0.5181147476295895,0.4268395468605304,0.36740830723981815,0.35739493405692335,0.35127534687116113,0.36091224360522,0.32697511222484377,0.34601284012902006,0.32523174774223973,0.3168507349174159,0.3163339977727969,0.31453353196083217,0.30251366719520145,0.31263610456108515,0.33717777316125735,0.2933145215809903,0.30832349103968365,0.3025651670403796,0.3163664031027208,0.3027484531098313,0.31655036693216154,0.2933902155282095,0.3142149860769072,0.2859117877359713,0.2907645317164135,0.29182690026061353,0.28404144951504073,0.28912555792958705,0.3025138745882929,0.31017118399687293,0.28262375779912907,0.2995290421055925,0.28105694213109567,0.29588905860211573,0.2980408473103074,0.29783392214356375,0.2933442521493356,0.2923773131975632,0.2886304290542293,0.31309543009537916],"val_acc":[0.8013333333333333,0.84,0.8658333333333333,0.8695,0.8706666666666667,0.8656666666666667,0.8808333333333334,0.8711666666666666,0.884,0.886,0.882,0.8816666666666667,0.8886666666666667,0.8833333333333333,0.8773333333333333,0.8905,0.8886666666666667,0.8903333333333333,0.8848333333333334,0.893,0.8883333333333333,0.898,0.8898333333333334,0.895,0.8991666666666667,0.8925,0.898,0.8946666666666667,0.8908333333333334,0.8878333333333334,0.8936666666666667,0.8961666666666667,0.8991666666666667,0.896,0.8968333333333334,0.8943333333333333,0.8985,0.8986666666666666,0.9,0.8885]}}