{"train_accuracy":0.8957777777777778,"epoch_time":2.2872955799102783,"epoch":10,"confusion_matrix_table":{"_type":"table-file","sha256":"cd0a6ce3b18e7d589cec1acf0bfb30625c98f3f8da59ce37df53559777dd2cf8","size":2932,"artifact_path":"wandb-client-artifact://64ejyb7b9xl95cesug6cglu4aws56d52qhw987hkl3le8w4ghp6eyfntx5kxnoy75o65re2gx590qdtj7gj6gu1yqd63rqqu0ay9c7gujib4n3nqjo97gqh7nwxsdzhu/confusion_matrix_table.table.json","_latest_artifact_path":"wandb-client-artifact://t6sjxjcjppuqwu0gbgse21onu9vo4q25qq3e822xhhey7mcutqokdpf1udfvpcmlomjx3tfi4ugi0d00x2prsj92tyke2z427l77cpr4jj5kq31uczkyg09d818m1b58:latest/confusion_matrix_table.table.json","path":"media/table/confusion_matrix_table_13_cd0a6ce3b18e7d589cec.table.json","ncols":3,"nrows":100},"val_loss":0.3580705371067336,"_timestamp":1.7412424349247248e+09,"test_accuracy":0.8721,"Model Run history":{"train_acc":[0.8215185185185185,0.8563888888888889,0.868574074074074,0.8757962962962963,0.8805,0.8846296296296297,0.8865740740740741,0.8903888888888889,0.8933333333333333,0.8957777777777778],"val_loss":[0.420089022335858,0.37562497085946606,0.3945108240746597,0.37395024733920273,0.3605428518458933,0.39584601525199103,0.3497393691469213,0.35774364851421087,0.34165587508364514,0.3580705371067336],"val_acc":[0.8505,0.8653333333333333,0.8625,0.87,0.8728333333333333,0.8626666666666667,0.8795,0.8716666666666667,0.8823333333333333,0.8763333333333333],"train_loss":[0.5125184407565281,0.39780324130016553,0.3631616648721957,0.34044773033155046,0.3259073142579831,0.31350314211110514,0.3056892455262154,0.29729212463241533,0.28616228180338893,0.2818824791374844]},"train_loss":0.2818824791374844,"_wandb":{"runtime":26},"_runtime":26.978875062,"_step":13,"val_accuracy":0.8763333333333333,"total_training_time":25.81308913230896}