{"confusion_matrix":{"format":"png","width":1000,"height":800,"_type":"image-file","sha256":"c523b96ff37f4bd5ecefcd43c53cf11b43f8e7fccc119e569e5ce2efe4dbca41","size":60886,"path":"media/images/confusion_matrix_7_c523b96ff37f4bd5ecef.png"},"total_training_time":30.880319595336914,"val_accuracy":0.8507,"_timestamp":1.740911830947327e+09,"train_accuracy":0.89654,"train_loss":0.2831319575024792,"epoch":5,"_runtime":32.192381983,"epoch_time":5.981927394866943,"_wandb":{"runtime":32},"_step":7,"val_loss":0.3986695779111547,"test_accuracy":0.8423}