{"train_loss":0.6735802383476813,"_runtime":34.764171821,"train_accuracy":0.7572,"val_accuracy":0.7555,"_timestamp":1.7409088079532752e+09,"_step":7,"epoch_time":6.455510139465332,"confusion_matrix":{"width":1000,"height":800,"_type":"image-file","sha256":"1ce4dab355b57e103e69c72a108b3b1f19ca02268d0f0a312d938ed5e4cb3304","size":62255,"path":"media/images/confusion_matrix_7_1ce4dab355b57e103e69.png","format":"png"},"test_accuracy":0.7527,"total_training_time":33.34977841377258,"_wandb":{"runtime":34},"val_loss":0.6701604247440199,"epoch":5}