{"confusion_matrix_table":{"ncols":3,"nrows":100,"_type":"table-file","sha256":"b0d2a324ccd8c266dfa74321fb0f5b54c42c5c771ae006880b5fde1dad414e4a","size":2935,"artifact_path":"wandb-client-artifact://fv9eke0d0ygxuzalawup1h5jvxlf1l05xmfnej6w6p5ubepdvozmrqdjejzvw47m8vmo61tk48bfhszg62ocyi2ihv29h4oe02nzooc2vmxjytctclm5l1r0nnkbrh1a/confusion_matrix_table.table.json","_latest_artifact_path":"wandb-client-artifact://jl8g289cnj162qsydkde3wc9nkeh4ja564a5inujs9gvs2jfa12ca08xjc4x8xixvtc5pztrenjf769jh7dyvtggb1kibp4m64bfwohuz4r6r5u30w64xyc5z2asx3in:latest/confusion_matrix_table.table.json","path":"media/table/confusion_matrix_table_13_b0d2a324ccd8c266dfa7.table.json"},"_wandb":{"runtime":21},"val_accuracy":0.847,"epoch_time":2.2760162353515625,"_step":13,"train_accuracy":0.8675185185185185,"epoch":10,"total_training_time":19.60815739631653,"test_accuracy":0.844,"Model Run history":{"train_loss":[0.7993142709441479,0.5257395577620838,0.47523984073321157,0.4485013276269347,0.4290051108099256,0.4143203810386726,0.4035186944404303,0.3910399441921278,0.3816770669883061,0.3745679018662402],"train_acc":[0.726925925925926,0.8164259259259259,0.8335185185185185,0.8428518518518519,0.8499629629629629,0.8555185185185186,0.8584814814814815,0.8634259259259259,0.8646296296296296,0.8675185185185185],"val_loss":[0.5525948148999467,0.4808465677302256,0.46675433871494015,0.44934515572947353,0.4593570643205874,0.4280616835666407,0.41404007887717215,0.4051744664637244,0.40311908712627187,0.43054386549564017],"val_acc":[0.8093333333333333,0.8336666666666667,0.8398333333333333,0.846,0.8363333333333334,0.8506666666666667,0.8588333333333333,0.8578333333333333,0.8593333333333333,0.847]},"_timestamp":1.741240980425307e+09,"_runtime":21.083984737,"train_loss":0.3745679018662402,"val_loss":0.43054386549564017}