{"val_loss":0.3261294330520496,"_step":8,"_timestamp":1.7412025311429904e+09,"confusion_matrix_table":{"path":"media/table/confusion_matrix_table_8_78dc5fe17046233f5729.table.json","ncols":3,"nrows":100,"_type":"table-file","sha256":"78dc5fe17046233f5729eaac63d579e61de454118c3d87509956b224c97e882d","size":2928,"artifact_path":"wandb-client-artifact://7oamn3iv3zclxgxoincs2zaw8a3v79751hiyx7glw8pj5cj3ym9315y621qrzr8svxd3m16i4yqk6eyhji9hm4mfxopnido7b5gjwhjhwwqprig0cc5q6g8msfjirs72/confusion_matrix_table.table.json","_latest_artifact_path":"wandb-client-artifact://6wdwvila0ul30hit7jd38gxuz6gmihmivzurwkyewchivmfenxfe00t6xxkjzkms6aphldshfo56u0n3u1ljqdc76n692muhb6dpyvtnqw8r7be9mqnrt2dza6s2z4lj:latest/confusion_matrix_table.table.json"},"train_loss":0.2938102263609719,"Model Run history":{"val_loss":[0.3845318084275876,0.34131384140820514,0.3297026896774287,0.3144515134701012,0.3261294330520496],"val_acc":[0.8603333333333333,0.8726666666666667,0.8808333333333334,0.8843333333333333,0.8783333333333333],"train_loss":[0.4758071155984834,0.36660750638063677,0.3337088419290155,0.31024415989697324,0.2938102263609719],"train_acc":[0.8294814814814815,0.8661851851851852,0.8762407407407408,0.8841851851851852,0.8911666666666667]},"epoch_time":7.449881553649902,"train_accuracy":0.8911666666666667,"_wandb":{"runtime":38},"epoch":5,"total_training_time":37.74168634414673,"test_accuracy":0.873,"_runtime":38.856456508,"val_accuracy":0.8783333333333333}