{"test_accuracy":0.8601,"epoch":10,"Model Run history":{"val_acc":[0.8446666666666667,0.8508333333333333,0.8608333333333333,0.862,0.8706666666666667,0.8625,0.8666666666666667,0.8733333333333333,0.8716666666666667,0.8711666666666666],"train_loss":[0.5859583955261657,0.4263933420000015,0.39162357307169265,0.3691559174730659,0.35368984096210243,0.34090074348800714,0.3312620062273642,0.3205888748487466,0.3122902848906149,0.304371203296871],"train_acc":[0.7958148148148149,0.8492962962962963,0.8601481481481481,0.866462962962963,0.872537037037037,0.8754444444444445,0.879962962962963,0.8823888888888889,0.8860740740740741,0.8880925925925925],"val_loss":[0.4484997715139225,0.41941712376597334,0.38939244383904525,0.3881253156382758,0.3723291846090375,0.3827089846532525,0.37199838632799964,0.36241494138058017,0.3548152341353635,0.36450666020780714]},"train_loss":0.304371203296871,"_step":13,"train_accuracy":0.8880925925925925,"epoch_time":2.5469703674316406,"val_loss":0.36450666020780714,"_timestamp":1.741240374495321e+09,"_wandb":{"runtime":20},"confusion_matrix_table":{"nrows":100,"_type":"table-file","sha256":"62c522404bfbcd67274b04b3310d6400900a244540483c0d1a06500e2e382d8d","size":2931,"artifact_path":"wandb-client-artifact://2s3ke2stn8opa5rm49rhlpidmxnee0araiobfc7scf43e30l9mu8cs8izytbbt6a97c8cu1rfua625ygd9jb3fz0ip3tk9o0usg0tytw79d1qjooo19t11auozjmdyyx/confusion_matrix_table.table.json","_latest_artifact_path":"wandb-client-artifact://aef6k0ph6t4sywydlgt0ybd89920pnhkw3477p7ku7zhq38vekou1xpxuz1b4s6mrir2pwitd86n27yhk4rl4e53vozkytsxt8tyffzcevq8pangj8zbftwbiamcpjj3:latest/confusion_matrix_table.table.json","path":"media/table/confusion_matrix_table_13_62c522404bfbcd67274b.table.json","ncols":3},"_runtime":20.391194418,"val_accuracy":0.8711666666666666,"total_training_time":18.807310819625854}