{"epoch_time":3.6326987743377686,"_step":13,"train_accuracy":0.899,"epoch":10,"total_training_time":37.40701746940613,"Model Run history":{"val_acc":[0.8476666666666667,0.871,0.88,0.8818333333333334,0.8831666666666667,0.8821666666666667,0.8841666666666667,0.8843333333333333,0.888,0.8866666666666667],"train_loss":[0.4838128137554601,0.3689956460460739,0.33820556147959874,0.3198218474922802,0.3076320417215829,0.29885598504107325,0.2896303868382836,0.2846572492596238,0.2789786204320584,0.2723727260971391],"train_acc":[0.8276111111111111,0.8673518518518518,0.877462962962963,0.8815185185185185,0.8867962962962963,0.8899444444444444,0.8925925925925926,0.8950925925925926,0.8967222222222222,0.899],"val_loss":[0.4106208288839519,0.3560452797524188,0.3393811152527409,0.3255427705421982,0.3189441351208797,0.3236776968569576,0.31481726962963197,0.3136936611362622,0.30572488683286897,0.3112464276837319]},"_runtime":38.532333885,"train_loss":0.2723727260971391,"val_loss":0.3112464276837319,"_wandb":{"runtime":38},"confusion_matrix_table":{"nrows":100,"_type":"table-file","sha256":"68c64b1b5501813237f4bb583d130bda368b03af0f97b3d9c51690935230d1dd","size":2929,"artifact_path":"wandb-client-artifact://orznxap1fi58gt6p1w73uknzw17hmyr4987mqpi3t0tvaa4e82et037d7m7th6ln8idv42q0uev211s1rl17tkwkwapnuu1n5roaiuzabfmzmd242j13wh9afwe9erui/confusion_matrix_table.table.json","_latest_artifact_path":"wandb-client-artifact://hnv0s9e1qsrs858s5eqid3v1z85eqx8zqsxi8q5397x6f8lzqn1wvl2ns691lap34irc33ghbq7p6ba38f3kk1oftbx55xwal0g32u2bvmz1c5u0uq8vt0wtnr0buy44:latest/confusion_matrix_table.table.json","path":"media/table/confusion_matrix_table_13_68c64b1b5501813237f4.table.json","ncols":3},"val_accuracy":0.8866666666666667,"_timestamp":1.7412022077449255e+09,"test_accuracy":0.8745}