{"_step":13,"epoch_time":2.4125189781188965,"_runtime":26.016816136,"epoch":10,"confusion_matrix_table":{"nrows":100,"_type":"table-file","sha256":"1d6c1e0c7c80e25e15e49540ecbef514ccbb61b88cbd697047874d07d4b59e2d","size":2931,"artifact_path":"wandb-client-artifact://e1q4omedalglhe891y6awu1ceyfjhb1ehtax7zy81nx7jkukhevybky7f9pqntroevusnn41xaxsrqw9o6t5mvqqwymcrklj3kn6yxf1mst4ya6wrhjtdcdehn3p80cp/confusion_matrix_table.table.json","_latest_artifact_path":"wandb-client-artifact://1wqzq9p1vpdw841r11p3b7xzzeq1gdyusbb9gmxq3c0a6yi1im734pa6zilm7fv12mkf4qsnvx4jl110e8prr686j04jwj6iebjt3495zsxq3w76j5l73q1g1plro7sy:latest/confusion_matrix_table.table.json","path":"media/table/confusion_matrix_table_13_1d6c1e0c7c80e25e15e4.table.json","ncols":3},"val_loss":0.33880852787655386,"train_loss":0.29178663417176615,"test_accuracy":0.8731,"val_accuracy":0.8795,"train_accuracy":0.8913888888888889,"total_training_time":24.741209983825684,"_timestamp":1.7412411208706799e+09,"Model Run history":{"train_acc":[0.7938333333333333,0.8532777777777778,0.8652037037037037,0.8727962962962963,0.8772592592592593,0.8833518518518518,0.8851481481481481,0.8879814814814815,0.8925555555555555,0.8913888888888889],"val_loss":[0.43686902393649135,0.40141204346398424,0.390638153631072,0.3899442535716731,0.3597488529593946,0.3988107231642128,0.37673093331766944,0.3418067192401945,0.34631125259861983,0.33880852787655386],"val_acc":[0.8473333333333334,0.8553333333333333,0.8615,0.8635,0.8758333333333334,0.8595,0.8723333333333333,0.8768333333333334,0.8793333333333333,0.8795],"train_loss":[0.5747190922808525,0.4133302186684002,0.3771267037856692,0.35145891371726823,0.3359327517610621,0.32149714056704376,0.3119299780485338,0.3016813316780896,0.2926749826140995,0.29178663417176615]},"_wandb":{"runtime":26}}