{"confusion_matrix_table":{"artifact_path":"wandb-client-artifact://8infv6o5lmim9gi56iobypdgwkoz1kqnp09ts5ot8zcya33q36udkojk4wxp46zj2n1demutbyevl7pq6ygepyiue5v27fqt1idj4glcjq212iff3kwgmguu3zbs0t6o/confusion_matrix_table.table.json","_latest_artifact_path":"wandb-client-artifact://2y8x8lbijl8a0r6tfhwv28c680jyaopej7rdth1jaix9nl3iknnf408mqyz63o924zzceljl8goa8ya7grkpmeg4pw812jt721l57lxdiqjtak151a6vvyxkpgz5u2hl:latest/confusion_matrix_table.table.json","path":"media/table/confusion_matrix_table_5_3a5e256cb12d2d5189da.table.json","ncols":3,"nrows":100,"_type":"table-file","sha256":"3a5e256cb12d2d5189da1c363d9fd263bbd628492564bad9d615d9c78283fc84","size":2912},"val_loss":2.354164159717077,"total_training_time":26.370885848999023,"epoch":2,"epoch_time":14.829809665679932,"_wandb":{"runtime":28},"Model Run history":{"train_acc":[0.10218518518518518,0.09842592592592593],"val_loss":[2.3710816811684006,2.354164159717077],"val_acc":[0.10033333333333333,0.09683333333333333],"train_loss":[6.898299810106138,7.722699490487221]},"val_accuracy":0.09683333333333333,"_runtime":28.188128976,"train_accuracy":0.09842592592592593,"train_loss":7.722699490487221,"test_accuracy":0.1,"_timestamp":1.7411555217668817e+09,"_step":5}