{"val_accuracy":0.9461666666666667,"_timestamp":1.7422142067178638e+09,"_wandb":{"runtime":17},"epoch_time":1.9318037033081055,"test_accuracy":0.9462,"_step":13,"confusion_matrix_table":{"nrows":100,"_type":"table-file","sha256":"e47e9486cfd1e74d72a11e5ca127b3df58fccbe34a6f2aa8901de279f2fe8be2","size":1802,"artifact_path":"wandb-client-artifact://ppq9c13f9emkvwtkhxd4pqnyrg668nvq7uygi7slynqwh65g9po6fce49m74qdx9hony78vykxvp2p9rzixizn817ovvubr5f2aprle96oklpl881n193mfx8orp9bwt/confusion_matrix_table.table.json","_latest_artifact_path":"wandb-client-artifact://5jdewq6fg2mcej0n3iremnj9uqjvuf804ryavpwxptntfyaafjx1g71i4yrmsoh30yfh6flv27m3kkrea3j0153gui0xbleo0gw53f64f6c5zb5k25d0j8axijtr5n76:latest/confusion_matrix_table.table.json","path":"media/table/confusion_matrix_table_13_e47e9486cfd1e74d72a1.table.json","ncols":3},"epoch":10,"Model Run history":{"train_acc":[0.9007037037037037,0.9358148148148148,0.9410925925925926,0.9427407407407408,0.9439074074074074,0.9452037037037037,0.947037037037037,0.9470185185185185,0.9467592592592593,0.9483703703703704],"val_loss":[0.21493827705592541,0.18881337589342723,0.1945326142425398,0.19009244650434773,0.20127980019857142,0.21994212290527373,0.19975669604178095,0.17494542355240525,0.1873218169062257,0.19154685227632234],"val_acc":[0.9383333333333334,0.9421666666666667,0.9456666666666667,0.944,0.9411666666666667,0.9396666666666667,0.9395,0.9505,0.9461666666666667,0.9461666666666667],"train_loss":[0.34678939655546787,0.23548647935960687,0.21891215057132216,0.21282031572827262,0.20818400415756144,0.20448585789554366,0.20096616900764194,0.19792507657526828,0.1976069192580564,0.19446005281135667]},"train_accuracy":0.9483703703703704,"total_training_time":16.289900064468384,"_runtime":17.712774826,"train_loss":0.19446005281135667,"val_loss":0.19154685227632234}