{"val_accuracy":0.872,"Model Run history":{"train_loss":[0.767062768669638,0.5096723692315054,0.4547635696210364,0.4219671434762848,0.40145682372002495,0.3834543716731227,0.3734825805272516,0.3594185246145034,0.35121728757844667,0.341775367359223,0.33630144146072927,0.3278687286193637,0.3202932312250714,0.3146801010169889,0.30990837332628485,0.3048739968970768,0.2977745599634637,0.29192898014167973,0.29002961489657003,0.28569608673169655,0.2811690190881803,0.27639136893960126,0.2734881046724475,0.2699684038776944,0.26543861602741947,0.26125828311809696,0.2594347189623698,0.25486689839388144,0.25240894456582647,0.24977913014727945,0.24603488668257043,0.24287261348770228,0.24103954329912694,0.23789042988157394,0.23401732374068415,0.23171571162396698,0.22928981388104436,0.22652201278323802,0.2236169444223478,0.22144385969391536],"train_acc":[0.7388333333333333,0.8221481481481482,0.8430185185185185,0.8536666666666667,0.8592037037037037,0.8652222222222222,0.8690555555555556,0.8726851851851852,0.8755,0.8782592592592593,0.8810925925925925,0.8825925925925926,0.8860925925925925,0.8880370370370371,0.8886296296296297,0.8911666666666667,0.8937777777777778,0.8957592592592593,0.8955740740740741,0.8972407407407408,0.8983703703703704,0.9003888888888889,0.9009074074074074,0.9010370370370371,0.9047777777777778,0.9062962962962963,0.9061666666666667,0.9084814814814814,0.9083333333333333,0.9095,0.9105555555555556,0.9127222222222222,0.9127962962962963,0.914962962962963,0.9152222222222223,0.9169259259259259,0.917,0.9181111111111111,0.919037037037037,0.9205],"val_loss":[0.5780912672224681,0.4759416713755895,0.43659965094286285,0.41563738101877024,0.3901985627470761,0.38696026097222314,0.37862539972031056,0.37380154744355154,0.3754724797890219,0.3729129374781727,0.35454111260190624,0.3731670985107402,0.3483848186196551,0.3414330248988774,0.336760445167802,0.3334913710633291,0.3268445626950114,0.34049731117854204,0.3285171059616582,0.324363435821594,0.31699509805729537,0.32442420442045483,0.3288467790892603,0.32099556745804914,0.31596564318257986,0.3222751030249048,0.30772535325582995,0.3190977603115797,0.33603064761432067,0.3175407631089556,0.3014826016161656,0.32802075716835916,0.3186029367015365,0.3090100554059829,0.3071040151694046,0.3046298914681661,0.32040580041375677,0.30336406284400413,0.3057108536890812,0.35600349976019413],"val_acc":[0.7916666666666666,0.8331666666666667,0.8446666666666667,0.8491666666666666,0.8603333333333333,0.8633333333333333,0.8603333333333333,0.8653333333333333,0.8646666666666667,0.8635,0.8718333333333333,0.8666666666666667,0.8751666666666666,0.8771666666666667,0.8811666666666667,0.88,0.8841666666666667,0.8783333333333333,0.8811666666666667,0.8836666666666667,0.8866666666666667,0.8803333333333333,0.8791666666666667,0.8823333333333333,0.8866666666666667,0.8863333333333333,0.8871666666666667,0.8861666666666667,0.878,0.8901666666666667,0.8935,0.888,0.8838333333333334,0.8883333333333333,0.8961666666666667,0.8908333333333334,0.8838333333333334,0.8933333333333333,0.8923333333333333,0.872]},"train_loss":0.22144385969391536,"_step":43,"_timestamp":1.7413550933631957e+09,"epoch_time":2.8849005699157715,"_runtime":129.315977883,"epoch":40,"total_training_time":128.1950340270996,"confusion_matrix_table":{"artifact_path":"wandb-client-artifact://0l1f39bjsx73fw02b28dx3g41wsvhbipfgzcpwidyzsif46fxt509thukbs48a124sq7lubpgc1k32ytpsl6w1gc106tui2n011siuc18d54cdamtlpwbqq0uiseokxu/confusion_matrix_table.table.json","_latest_artifact_path":"wandb-client-artifact://o6x141l5jbbki3lp5iyf0o86j5a0a45qlznexc4i7h7f82htuw4tc17tsk405qzae90p8a3fny7plhy6ul17fn5hrg4nxaplkj4ywg20bnim00k7u2n0or1g9hxzapur:latest/confusion_matrix_table.table.json","path":"media/table/confusion_matrix_table_43_356a83639ff5cfc08cc3.table.json","ncols":3,"nrows":100,"_type":"table-file","sha256":"356a83639ff5cfc08cc3bcc3b17e5667cdc75db88a6b3448e35019ab59748b27","size":2928},"val_loss":0.35600349976019413,"test_accuracy":0.86,"train_accuracy":0.9205,"_wandb":{"runtime":129}}