{"Model Run history":{"train_acc":[0.6299814814814815,0.7903333333333333,0.8198518518518518,0.8347222222222223,0.8428888888888889,0.8489814814814814,0.8551666666666666,0.8589259259259259,0.8627407407407407,0.8658888888888889,0.8696666666666667,0.8710185185185185,0.874,0.8765740740740741,0.8785740740740741],"val_loss":[0.6671660025733056,0.5452454597192913,0.4754497650835158,0.44831725514409354,0.4558788015083757,0.4287646347987907,0.4163799089017469,0.4142770415180777,0.3948278723003371,0.4018383205152922,0.38269546777518376,0.3767286658414074,0.37745891275877724,0.36398845718725514,0.36832608013835727],"val_acc":[0.7516666666666667,0.8096666666666666,0.8306666666666667,0.8423333333333334,0.8371666666666666,0.845,0.8498333333333333,0.8471666666666666,0.8578333333333333,0.8501666666666666,0.8605,0.8633333333333333,0.8615,0.8661666666666666,0.862],"train_loss":[1.137428476632076,0.598750151785434,0.514611951298274,0.47468217155281067,0.44897289207817603,0.43055511607909586,0.41427657617710933,0.401877578632069,0.39036341912449457,0.3803842598201042,0.371800085678388,0.3634320935709929,0.3542516934439942,0.3467444428138144,0.3410983080595981]},"val_loss":0.36832608013835727,"test_accuracy":0.8561,"confusion_matrix_table":{"ncols":3,"nrows":100,"_type":"table-file","sha256":"acfe3fb543c240a31494d65a8871af6d27cb94b43050ecd2f1b767c9ffe57bc5","size":2929,"artifact_path":"wandb-client-artifact://xzt7lqxysteihrys2jbun1fro8f3ymyh6lv2dix3fa2jxev9x4gcxxvy0fsib2fa5l69a68mnxyvnqjcx53qa0uz48b6606zspan41ujs41ufynhxi4fmk04gijc681s/confusion_matrix_table.table.json","_latest_artifact_path":"wandb-client-artifact://07jre5zqjv1nw5tqrrpd9cl10sqdum41kd7tphklm9pwbf0blzz117os9h64h49c0kwqgshceegw8vwegi8ontc5pngx9ip970l51i4v0io79308b7nw63g1je0pfirx:latest/confusion_matrix_table.table.json","path":"media/table/confusion_matrix_table_18_acfe3fb543c240a31494.table.json"},"train_accuracy":0.8785740740740741,"_timestamp":1.7413438832901318e+09,"val_accuracy":0.862,"epoch_time":2.146392583847046,"total_training_time":32.59866976737976,"_step":18,"_wandb":{"runtime":33},"_runtime":33.739854428,"train_loss":0.3410983080595981,"epoch":15}