{"val_loss":0.12287844053753277,"val_accuracy":0.9613333333333334,"train_accuracy":0.9767592592592592,"train_loss":0.07347496278774071,"confusion_matrix_table":{"ncols":3,"nrows":100,"_type":"table-file","sha256":"b8bc109bf3cfe064f1502cb40a6bcbc6d7b06fb217ede5cfd224b84a0be47204","size":1797,"artifact_path":"wandb-client-artifact://lovbb2lsr7mglbpw6ogk68allloks46h0bvi9w4yel12c5wnb9dq103jtk22v5xyfr9m34vhmzauqyxr3ahzx7fx28y7q3g5041p9an551kywlk9syvgp8xh2c0gjxq5/confusion_matrix_table.table.json","_latest_artifact_path":"wandb-client-artifact://8r15z33v3rtpmvplsqv1smmstt1gbvhm353vffxtu4wvpzppl29ogqxl1241aemkidjtqjxiy3wpm1bocpqf0qssa1xkv3ipasmx1bd7bp6wthr5c6h7txornn6jb3es:latest/confusion_matrix_table.table.json","path":"media/table/confusion_matrix_table_13_b8bc109bf3cfe064f150.table.json"},"_timestamp":1.7422145421750357e+09,"test_accuracy":0.9623,"_wandb":{"runtime":25},"epoch_time":2.4296066761016846,"Model Run history":{"val_acc":[0.941,0.9515,0.9571666666666667,0.9571666666666667,0.9626666666666667,0.959,0.9618333333333333,0.9651666666666666,0.9643333333333334,0.9613333333333334],"train_loss":[0.2994868216042685,0.16560260394847948,0.13489124367863697,0.11799251379670156,0.10492399204497087,0.09371658451085066,0.08928984427356898,0.08326677245243456,0.07794435023604487,0.07347496278774071],"train_acc":[0.9090555555555555,0.9503333333333334,0.9586666666666667,0.9638518518518518,0.9684814814814815,0.9711296296296297,0.9722592592592593,0.9743148148148149,0.9752407407407407,0.9767592592592592],"val_loss":[0.19340225375356224,0.155966436716162,0.1420161417196352,0.138775251127405,0.12133749656514951,0.12853089071537052,0.12395274187788469,0.11636306031297962,0.11559894979391949,0.12287844053753277]},"epoch":10,"total_training_time":24.365594625473022,"_runtime":25.558991581,"_step":13}