{"_runtime":17.295106637,"_wandb":{"runtime":17},"_step":7,"train_accuracy":0.09934,"epoch":5,"train_loss":2.3027326107994015,"_timestamp":1.7409110044235463e+09,"test_accuracy":0.1,"val_loss":2.3028675438794006,"epoch_time":3.249785900115967,"val_accuracy":0.0955,"total_training_time":16.0930073261261,"confusion_matrix":{"_type":"image-file","sha256":"d718fd620d48d3de254bd7d6b123b64f2097c537aec1fda468eee27dd764429b","size":48048,"path":"media/images/confusion_matrix_7_d718fd620d48d3de254b.png","format":"png","width":1000,"height":800}}