{"_runtime":51.823394229,"epoch":10,"val_accuracy":0.868,"train_accuracy":0.8693333333333333,"_wandb":{"runtime":51},"_step":13,"val_loss":0.36846830765456495,"total_training_time":50.658902406692505,"epoch_time":5.032431602478027,"test_accuracy":0.8579,"_timestamp":1.741194578920233e+09,"confusion_matrix_table":{"nrows":100,"_type":"table-file","sha256":"fe30f48c7494b88d1f47854192209e665b28d8e329b6894a76f099dff2b8adea","size":2930,"artifact_path":"wandb-client-artifact://clib671h2w5iatc78rry1p6gvot1x2xpcdxqvdxxbznba94wshcxx2hbhwj2golm6d7h8zqfru7tg8cxf383lpv1fk5b9ocyi8waj5zlht6yrv87u2fa7q2442q7j8dd/confusion_matrix_table.table.json","_latest_artifact_path":"wandb-client-artifact://5k51ocohfegnlddx2s3degtr7faf43jv3vx25836elidenti338vkpto219ztcfgc848noblwuui5apbe55d0ertrr3bbph2ky1btoq5hbt7n55xxj3qteuk6gkx5pjr:latest/confusion_matrix_table.table.json","path":"media/table/confusion_matrix_table_13_fe30f48c7494b88d1f47.table.json","ncols":3},"Model Run history":{"val_acc":[0.8401666666666666,0.8523333333333334,0.855,0.8588333333333333,0.8611666666666666,0.858,0.855,0.8523333333333334,0.8666666666666667,0.868],"train_loss":[0.7326068298687375,0.5457994827266378,0.48977590974666474,0.4567362598846957,0.4329943085221879,0.4173561083070964,0.4058281003650504,0.39610793179606957,0.38974651525619497,0.382919626378368],"train_acc":[0.7932037037037037,0.8426851851851852,0.8530555555555556,0.8575,0.8636481481481482,0.8648333333333333,0.866574074074074,0.8672407407407408,0.8677592592592592,0.8693333333333333],"val_loss":[0.4653565723741995,0.4194553114675028,0.4037555605994265,0.3972703671916688,0.3881005100511666,0.40511011235522,0.40691508852065134,0.39240441680105637,0.3775477336966276,0.36846830765456495]},"train_loss":0.382919626378368}