{"_runtime":99.926637659,"total_training_time":98.49657487869263,"_timestamp":1.7413475565946424e+09,"_step":18,"epoch_time":6.566764831542969,"val_loss":0.34061267594568584,"test_accuracy":0.8649,"train_loss":0.31484912684407523,"Model Run history":{"train_acc":[0.8037777777777778,0.8457407407407408,0.8594074074074074,0.8657222222222222,0.8696111111111111,0.8730185185185185,0.8752592592592593,0.8790555555555556,0.8804074074074074,0.881425925925926,0.8808148148148148,0.882537037037037,0.8840925925925925,0.8836851851851852,0.8853333333333333],"val_loss":[0.4433924828523039,0.4188368906943233,0.3805486555823935,0.3544396299269318,0.3443445317806961,0.3503013209349479,0.339651820620513,0.37057657448683096,0.3633463076281324,0.33662684425528144,0.3590430299783943,0.3648079736214417,0.3216324632987385,0.31380429706884927,0.34061267594568584],"val_acc":[0.8365,0.8456666666666667,0.8596666666666667,0.8701666666666666,0.8703333333333333,0.872,0.877,0.8635,0.864,0.8723333333333333,0.8696666666666667,0.8688333333333333,0.8796666666666667,0.8863333333333333,0.8778333333333334],"train_loss":[0.5590616972231212,0.4298605711641683,0.39417565123862025,0.37536362773616977,0.3633670800172505,0.3509660015051481,0.34445648200804163,0.33693527024412856,0.3323848647059933,0.3255993777391728,0.3280303307273548,0.3226894886949634,0.32008807398765665,0.31777720881861427,0.31484912684407523]},"confusion_matrix_table":{"nrows":100,"_type":"table-file","sha256":"96fd7ac9e8d99ecb45d61c18b3f06ba40d0f4c568f8d157ccdc8521377ea3b47","size":2930,"artifact_path":"wandb-client-artifact://qd60enj4fabzzdohkxeuiiy06io99mtorsa6ahyezfpbr6rqhrh2tilquh3lay6udgm53e7fyp49vork0dolgm6oxxcnita1hmbnec1345656ek91n1ta3jcvz0k90gf/confusion_matrix_table.table.json","_latest_artifact_path":"wandb-client-artifact://zl0que0pkggloj3wk0kuybdle7a4q3xntdlo0jqmp9qdbldlchwwfakjr971slzta20vyb70b7xskno977s0abpri33e5jd6k53fnktfpnadrzn5wg6ipiifbcrontbi:latest/confusion_matrix_table.table.json","path":"media/table/confusion_matrix_table_18_96fd7ac9e8d99ecb45d6.table.json","ncols":3},"_wandb":{"runtime":99},"epoch":15,"train_accuracy":0.8853333333333333,"val_accuracy":0.8778333333333334}