{"test_accuracy":0.8705,"train_loss":0.3206084390391473,"epoch_time":3.0747344493865967,"_step":13,"_runtime":26.328722686,"epoch":10,"train_accuracy":0.8839074074074074,"val_loss":0.3460824311954373,"_timestamp":1.741241979661058e+09,"Model Run history":{"val_acc":[0.8441666666666666,0.856,0.8578333333333333,0.8653333333333333,0.8671666666666666,0.8665,0.8723333333333333,0.8741666666666666,0.8723333333333333,0.875],"train_loss":[0.5731772641786231,0.4203170525168314,0.3827871584014764,0.364937189684335,0.35350242513388086,0.3436523646578513,0.3357317237605041,0.3301364882291248,0.3270129292734846,0.3206084390391473],"train_acc":[0.8001296296296296,0.8492407407407407,0.8626851851851852,0.8679444444444444,0.8715925925925926,0.8756111111111111,0.8788148148148148,0.8806296296296297,0.8808148148148148,0.8839074074074074],"val_loss":[0.4398413209622856,0.4096416191853597,0.394379068422434,0.38546828571849306,0.37980158902871725,0.37552033864631146,0.3589709595663051,0.34903859550092003,0.35530415897203127,0.3460824311954373]},"_wandb":{"runtime":26},"val_accuracy":0.875,"total_training_time":24.921581029891968,"confusion_matrix_table":{"sha256":"dab1e59372fb24d248750aed5d593bae8b40a5dd8a82288962188d01b24d7c60","size":2933,"artifact_path":"wandb-client-artifact://wgdog4v8kwy8gwlaus2n6cshmz4ib2uirz7k229yq8ywgzwa1enyqmh3di87qa3nx7kxd681u3btsq3qsm2hbmgj68cijfuh0ric8xjazd4jp9xx4pd8xl1jl01r6onw/confusion_matrix_table.table.json","_latest_artifact_path":"wandb-client-artifact://qzni746lashhlrlj4g35jo4dfs6uhwzrr6gwti25ot2ga5dtdgtggztl5tgqnp4nswbrqdl9jnv9n5sbpzqn1iux2ktundt3gvlqwxxdn2w7xkabkuqcwf0e53cw2lrv:latest/confusion_matrix_table.table.json","path":"media/table/confusion_matrix_table_13_dab1e59372fb24d24875.table.json","ncols":3,"nrows":100,"_type":"table-file"}}