{"train_accuracy":0.852574074074074,"total_training_time":15.209392786026001,"train_loss":0.4115980810642617,"epoch":10,"confusion_matrix_table":{"size":2932,"artifact_path":"wandb-client-artifact://hvxw6t3q9tcyhktm0o9qrtj0bx0zh8ii1anfuuznq2mvu91mocrawr2cyqj03cmbf8ge6d7gjvxc28cctwlcdjrsr8128m96cfbtzf96vsoydlkpy2p9118i0hhexle1/confusion_matrix_table.table.json","_latest_artifact_path":"wandb-client-artifact://rkxn7hku9bpl7f084r4nqyrcnsexef05e7fnzmc24n0pigmd55n514zq3xgaovyvyvcfjmwwdyf69vqdyhfd0znkpwlpivuyr77ys4q70durp0h4fh44k0rv6jshrz18:latest/confusion_matrix_table.table.json","path":"media/table/confusion_matrix_table_13_7479dd310563ee3271a5.table.json","ncols":3,"nrows":100,"_type":"table-file","sha256":"7479dd310563ee3271a53290cce1fc082e9ab1ca8fa646484dbaff25350191cd"},"epoch_time":1.817173719406128,"test_accuracy":0.8278,"Model Run history":{"train_loss":[0.6226856747875457,0.47610590966081656,0.45333993483801466,0.43528703874557134,0.4293400730609024,0.42448223605302016,0.41751923501615223,0.4157989935938631,0.4139507011630536,0.4115980810642617],"train_acc":[0.7863703703703704,0.8332777777777778,0.838462962962963,0.8458703703703704,0.8441666666666666,0.8497037037037037,0.8500925925925926,0.8513888888888889,0.8512777777777778,0.852574074074074],"val_loss":[0.47813882838553284,0.4781068253518573,0.5216568605044491,0.4103487215127084,0.4296717549152835,0.4489709631856484,0.5828300902386857,0.40783955063261046,0.43836763751783503,0.447622956652548],"val_acc":[0.8293333333333334,0.8283333333333334,0.81,0.8558333333333333,0.8446666666666667,0.837,0.7858333333333334,0.8536666666666667,0.8431666666666666,0.8363333333333334]},"val_accuracy":0.8363333333333334,"_step":13,"val_loss":0.447622956652548,"_timestamp":1.741240178632797e+09,"_runtime":16.268583654,"_wandb":{"runtime":16}}