{"val_loss":0.42446966950988196,"train_loss":0.4025648278918483,"epoch_time":3.355912446975708,"val_accuracy":0.8508333333333333,"_timestamp":1.7410059745158188e+09,"total_training_time":6.739461183547974,"test_accuracy":0.8497,"_wandb":{"runtime":7},"_step":4,"_runtime":7.946855519,"train_accuracy":0.8534814814814815,"epoch":2,"confusion_matrix":{"path":"media/images/confusion_matrix_4_9ce849aa2292faef7cb7.png","format":"png","width":1000,"height":800,"_type":"image-file","sha256":"9ce849aa2292faef7cb7e5ff5bdee699f509db13ddca46892c5840a6461cf194","size":60441}}