{"_timestamp":1.7412015307772188e+09,"epoch":5,"total_training_time":42.67885088920593,"confusion_matrix_table":{"_type":"table-file","sha256":"d2da4d0d0dbacddc7e404f3d76cc6e1fd912a91676180b8695b6d79ebd0ef735","size":2932,"artifact_path":"wandb-client-artifact://21i429fx1o33n7haacxhyrmff49gmvxfkf0aq16c7cm6rpg4em3rubmicup87nt35jucez1cclxb53k6q33vg3zy7y2uy6bj3xexfz40e2s86rf2opuxwvignaak8193/confusion_matrix_table.table.json","_latest_artifact_path":"wandb-client-artifact://wu79k4nnq8xce14w0io1wqur0qu841avqrw0v6718lvnwgwuk7c9x1er57hhpuun6nofr56ewl3c0xnkslal4jtxfne0ypql0mng4kkkm6hzpwsqb63bmvcoskrbb7fd:latest/confusion_matrix_table.table.json","path":"media/table/confusion_matrix_table_8_d2da4d0d0dbacddc7e40.table.json","ncols":3,"nrows":100},"epoch_time":9.119211673736572,"train_accuracy":0.8889814814814815,"_step":8,"test_accuracy":0.8731,"Model Run history":{"train_loss":[0.4842048604794707,0.3731303963105031,0.3376929611428305,0.3173940455318722,0.2984557975309224],"train_acc":[0.8242962962962963,0.8612037037037037,0.8765,0.883537037037037,0.8889814814814815],"val_loss":[0.37054429338101275,0.345572561681638,0.3498249745673913,0.3351684269961142,0.31571262298474206],"val_acc":[0.861,0.8741666666666666,0.8665,0.8678333333333333,0.8801666666666667]},"train_loss":0.2984557975309224,"val_loss":0.31571262298474206,"_runtime":43.712260288,"val_accuracy":0.8801666666666667,"_wandb":{"runtime":43}}