{"train_accuracy":0.8776111111111111,"total_training_time":43.21610403060913,"epoch_time":8.96407151222229,"Model Run history":{"train_loss":[0.4902387987257221,0.3905527814814671,0.36361721914088063,0.3493743754354304,0.3381385674477268],"train_acc":[0.8248148148148148,0.8585185185185186,0.8682222222222222,0.8738888888888889,0.8776111111111111],"val_loss":[0.3987156563797245,0.37229127824516267,0.3459856603393072,0.3419632685124157,0.3331883008785298],"val_acc":[0.855,0.8621666666666666,0.8713333333333333,0.8756666666666667,0.8743333333333333]},"_runtime":44.289420766,"_wandb":{"runtime":44},"test_accuracy":0.8671,"_step":8,"epoch":5,"val_accuracy":0.8743333333333333,"val_loss":0.3331883008785298,"confusion_matrix_table":{"nrows":100,"_type":"table-file","sha256":"297add5f7d7b6a99c5624138f18e66c3afd310488026ad5a4d35584e97554141","size":2931,"artifact_path":"wandb-client-artifact://38kxvja7enhxk0xqmk2l5al1x50n4r30ew6sl3cra4un4yvlemr2k2mm9echyp88q1bujp9hfivc0vi4yioyf9omgi2kqufpmahtntyzyru2r901b3oeji8ctv2qevw8/confusion_matrix_table.table.json","_latest_artifact_path":"wandb-client-artifact://i9n0h9fmukzxtc1808hpcxfsx7wzuubnl7y105dbqmc06ri2m1liqb10pivyqxqxlqj6sh5xx6flnvz10x41tw3q5wadjx8hg7myzc883ordr6b1vb88ygh22qc9rvix:latest/confusion_matrix_table.table.json","path":"media/table/confusion_matrix_table_8_297add5f7d7b6a99c562.table.json","ncols":3},"train_loss":0.3381385674477268,"_timestamp":1.7412027065252163e+09}