{"_runtime":19.727641202,"confusion_matrix_table":{"sha256":"67b8bbde9fed516fbe8d7f198565ba5915ac812725314d1d310e28f3aade9fa3","size":1790,"artifact_path":"wandb-client-artifact://trzm3w9mrttnzrlww5yea1dnp9azw3x8s9yfb0y1xt613y6mi0losfhud8vi0rns414d7cxqn3u03g10villmaj36gjr8h0lhd7vf3a38gxuds937i1pex4dpuhsawfu/confusion_matrix_table.table.json","_latest_artifact_path":"wandb-client-artifact://ehtoomsjdyxlwwgxztb42ehvkcqbw9plkh1bnrcf4y758gfg5t95g0t3wxg8eq4yqlzvwlu8965jxzhcruqtxssjr92vx4cnym1wmjevirlf2cn2csuy8j1cx2dqerqq:latest/confusion_matrix_table.table.json","path":"media/table/confusion_matrix_table_13_67b8bbde9fed516fbe8d.table.json","ncols":3,"nrows":100,"_type":"table-file"},"epoch":10,"val_accuracy":0.9653333333333334,"val_loss":0.11375275297030969,"train_loss":0.10093461482408374,"train_accuracy":0.9700555555555556,"_step":13,"_timestamp":1.7422146709585562e+09,"test_accuracy":0.966,"total_training_time":18.637645483016968,"Model Run history":{"train_acc":[0.9002777777777777,0.946,0.9549814814814814,0.9600185185185185,0.9642407407407407,0.9654444444444444,0.9672407407407407,0.9677222222222223,0.9698148148148148,0.9700555555555556],"val_loss":[0.20533713100732087,0.19846694410238222,0.14938398670384823,0.13436776061404587,0.15626363152079267,0.17578277349715313,0.11953761635184047,0.12383688530641748,0.12821877882129315,0.11375275297030969],"val_acc":[0.9376666666666666,0.9403333333333334,0.9518333333333333,0.9591666666666666,0.9535,0.9468333333333333,0.9638333333333333,0.9635,0.9613333333333334,0.9653333333333334],"train_loss":[0.3290712305490329,0.18397825136174098,0.15175648629806868,0.13479872939926246,0.12232684890960198,0.11681088847202903,0.110188783580569,0.10956502346131046,0.10268873158376701,0.10093461482408374]},"_wandb":{"runtime":19},"epoch_time":1.9086909294128418}