{"confusion_matrix_table":{"_type":"table-file","sha256":"6c8c82376c39ad7f7f1c575ac188955a52552f643272febc7c06913a0069c2c3","size":2936,"artifact_path":"wandb-client-artifact://3zluwali5oinp2w595rnbhxjitzitdxfthbzyydtbu5qzlqj5g0wupbre30cuweewyljevoq3wa969u90eqe460xktfou6fjd1x3slv5hgewq75h04jilvwa91nmgqgt/confusion_matrix_table.table.json","_latest_artifact_path":"wandb-client-artifact://o0c20t9azagm3kkw6ce82ovd3tt058dvffw77a73mp5e1qiho685y1co9u1e077xbsyg7fbugqnzc16qbjbo0k8lpr7zf2uklwu5g8vnl0qcwslyiw46zkv3l37aadxt:latest/confusion_matrix_table.table.json","path":"media/table/confusion_matrix_table_13_6c8c82376c39ad7f7f1c.table.json","ncols":3,"nrows":100},"_timestamp":1.7412427939035947e+09,"train_accuracy":0.8560555555555556,"Model Run history":{"val_loss":[0.4579274389127544,0.4399302924908238,0.422555361461518,0.4216092560391114,0.43097255547016955,0.42015452622939997,0.43792750911316813,0.4345710688289745,0.4986673736630665,0.42274308187544907],"val_acc":[0.8436666666666667,0.8455,0.8543333333333333,0.8551666666666666,0.8523333333333334,0.854,0.8428333333333333,0.8465,0.8161666666666667,0.8616666666666667],"train_loss":[0.5749781663406298,0.4495400175976079,0.43727314623465596,0.4298418163551916,0.42727691827188663,0.42535941374648334,0.42419070754125227,0.4231931339818318,0.42049201773394695,0.4231093655245795],"train_acc":[0.8110740740740741,0.8463518518518518,0.8496666666666667,0.8517407407407407,0.8523518518518518,0.8529814814814815,0.8542407407407407,0.8546111111111111,0.8552777777777778,0.8560555555555556]},"_wandb":{"runtime":23},"epoch_time":2.2670605182647705,"val_accuracy":0.8616666666666667,"_runtime":23.202202094,"val_loss":0.42274308187544907,"_step":13,"total_training_time":21.929004907608032,"epoch":10,"test_accuracy":0.8451,"train_loss":0.4231093655245795}