{"_step":4,"confusion_matrix":{"sha256":"8283cedd802f75a290beaf4f9aa46d80569b4d7358ed227730145e5ae335acc9","size":59673,"path":"media/images/confusion_matrix_4_8283cedd802f75a290be.png","format":"png","width":1000,"height":800,"_type":"image-file"},"train_loss":0.4278897809866271,"_runtime":20.588739931,"total_training_time":19.25286626815796,"train_accuracy":0.8468888888888889,"val_accuracy":0.802,"_timestamp":1.7410055409221017e+09,"epoch":2,"test_accuracy":0.804,"val_loss":0.5634076313774786,"_wandb":{"runtime":20},"epoch_time":9.755241870880127}