{"train_accuracy":0.8863703703703704,"_timestamp":1.741241003835704e+09,"epoch":10,"test_accuracy":0.8678,"Model Run history":{"val_loss":[0.4527532645189991,0.40888964976031994,0.4028153289684706,0.3914628757889682,0.38714682942132433,0.3744602602835329,0.3743243956920369,0.36366415187057466,0.37452555603377846,0.3552532805416065],"val_acc":[0.8411666666666666,0.8555,0.8655,0.8635,0.8651666666666666,0.87,0.871,0.8728333333333333,0.8663333333333333,0.8761666666666666],"train_loss":[0.5756776705393842,0.41711945086206875,0.38543647174049084,0.3678698104729038,0.35414936687814264,0.345177334176246,0.33831877973036556,0.3299113727875665,0.32389793261243477,0.31649999272146495],"train_acc":[0.8033888888888889,0.8555925925925926,0.8645,0.8710185185185185,0.8748148148148148,0.8757407407407407,0.8781666666666667,0.8809259259259259,0.8847592592592592,0.8863703703703704]},"total_training_time":16.08077120780945,"_runtime":17.340387613,"_step":13,"val_loss":0.3552532805416065,"val_accuracy":0.8761666666666666,"epoch_time":2.0811469554901123,"train_loss":0.31649999272146495,"confusion_matrix_table":{"nrows":100,"_type":"table-file","sha256":"daa7327e07625c3ab0d1d624666da5de632708e847bd42d6e74d039f050e078e","size":2932,"artifact_path":"wandb-client-artifact://5fkvcznvzsbmgmbtjoqij1znojk5dnwyqluroi6m25wpx1jge7brdbn6uuzn1lil8posui48y5lpogmidjg23xcauobcn6xxxilyj1wv0kwzwez34yb1ylcb0hkupcc8/confusion_matrix_table.table.json","_latest_artifact_path":"wandb-client-artifact://azyjibjh5rlxnce3n49hl1qrzn4w8msl37pjlb4jlv3inkot3u4lz226xnuaf11ht7qjvvueav8rihfgyieu5vggykh0h2olg88qu6fo5bpuep528jue1dwyrhokhxe3:latest/confusion_matrix_table.table.json","path":"media/table/confusion_matrix_table_13_daa7327e07625c3ab0d1.table.json","ncols":3},"_wandb":{"runtime":17}}