{"_wandb":{"runtime":24},"epoch":5,"train_loss":3.352871456408173,"_timestamp":1.7409073156523302e+09,"val_loss":2.305536148697355,"_runtime":24.860023501,"_step":7,"test_accuracy":0.1,"val_accuracy":0.1008,"total_training_time":23.744465827941895,"epoch_time":4.794289588928223,"confusion_matrix":{"format":"png","width":1000,"height":800,"_type":"image-file","sha256":"47392501462bcd459d8a774a650fad163e4b58b306d7a71d0dc893274f3e97d5","size":47624,"path":"media/images/confusion_matrix_7_47392501462bcd459d8a.png"},"train_accuracy":0.09984}