{"epoch":10,"total_training_time":64.84329104423523,"val_accuracy":0.84,"train_accuracy":0.8350555555555556,"test_accuracy":0.8323,"_timestamp":1.7411944862252903e+09,"Model Run history":{"val_acc":[0.8318333333333333,0.8426666666666667,0.8371666666666666,0.8306666666666667,0.8388333333333333,0.837,0.838,0.8436666666666667,0.8158333333333333,0.84],"train_loss":[0.6047901073949176,0.48995097012379274,0.4840204201403449,0.4774712523222915,0.47720728788387884,0.4722555026387817,0.47628944674387613,0.47482435436231796,0.4719244822020767,0.4703797449919162],"train_acc":[0.8012777777777778,0.8301296296296297,0.8295185185185185,0.8332037037037037,0.8311481481481482,0.8328703703703704,0.8308888888888889,0.8333333333333334,0.8336296296296296,0.8350555555555556],"val_loss":[0.48929759855991156,0.4444800531810237,0.4576340941878283,0.4813490419390821,0.446155136948693,0.45825006020749565,0.4479732644942412,0.4337326123707397,0.5135153238776458,0.44132533232743476]},"_runtime":66.054054387,"val_loss":0.44132533232743476,"_step":13,"epoch_time":5.918184757232666,"train_loss":0.4703797449919162,"_wandb":{"runtime":66},"confusion_matrix_table":{"size":2933,"artifact_path":"wandb-client-artifact://7h40dziz8o05024l1ft3ykmye056qfkmzaghvc9sik5n4i6rn5j9lb81ah7dkpjszl0yv1qfyagjqxry3ge0yb5v3bgc60q9kcn1vh3fd7lrkzv3etkb9tfloni5347k/confusion_matrix_table.table.json","_latest_artifact_path":"wandb-client-artifact://gs245a98to8mkqjyyaewbt7mwre8gfsrb2rpxahyary41facyjfxk4cph967at2ex0ivz69c803ewfurv30j8qvccf4o8lll2hutp22gsq4agtgds565mha4g4h6rzhn:latest/confusion_matrix_table.table.json","path":"media/table/confusion_matrix_table_13_8f23f9180f42f27ac439.table.json","ncols":3,"nrows":100,"_type":"table-file","sha256":"8f23f9180f42f27ac439e1c6e2e591a18af1035f133d40ef812ea2ed6cb009c1"}}