{"epoch":5,"Model Run history":{"val_loss":[0.42870212175525885,0.3470055644427214,0.3254213918285131,0.3396073118767956,0.32698363868294555],"val_acc":[0.846,0.8746666666666667,0.879,0.88,0.8808333333333334],"train_loss":[0.48722760719466285,0.37350880470438,0.33879906422083184,0.31613056956895874,0.3007523966508781],"train_acc":[0.8241851851851851,0.864,0.8738703703703704,0.8820740740740741,0.887962962962963]},"total_training_time":35.255242586135864,"confusion_matrix_table":{"nrows":100,"_type":"table-file","sha256":"6d2e8c336e509d93a0722024b51416579c086b76bc5d16403180a6be34d45350","size":2930,"artifact_path":"wandb-client-artifact://k4z4vzcac59k0lbzsx43gc9zjh4h9t2ou0icayaekoea309oaw7gwclg5ebbvl4iy39v3c3wqbe78vdd4l7vtftpwvuks2zge90pzu7wcapp6674bwtco2yk3lqgl0lv/confusion_matrix_table.table.json","_latest_artifact_path":"wandb-client-artifact://45d41dn3y9h3ippooccnm7o0pcmrun54f6tu9lias9qc90v3803kd328nvs3mzllovrzolyvh3tp6m80ro8ott70t428mdsy76a0wx3za8ry0igux0rx2tjydsx4nbzx:latest/confusion_matrix_table.table.json","path":"media/table/confusion_matrix_table_8_6d2e8c336e509d93a072.table.json","ncols":3},"val_accuracy":0.8808333333333334,"epoch_time":7.54045295715332,"test_accuracy":0.8715,"train_accuracy":0.887962962962963,"_timestamp":1.7412030935579648e+09,"_runtime":36.302308653,"_wandb":{"runtime":36},"train_loss":0.3007523966508781,"_step":8,"val_loss":0.32698363868294555}