{"train_accuracy":0.9330925925925926,"_runtime":188.331123774,"_wandb":{"runtime":190},"val_loss":0.319758291039675,"_timestamp":1.7422205634296036e+09,"val_accuracy":0.8863333333333333,"epoch_time":4.908426761627197,"epoch":40,"train_loss":0.18867982828944274,"total_training_time":187.63398456573486,"_step":40}