{"val_accuracy":0.8848333333333334,"confusion_matrix_table":{"size":2927,"artifact_path":"wandb-client-artifact://7gojy1e6inpfl7og06zqslboaa3tmdj678an9plhww6o15ejn891djvh5bsbrlott6bymej6yoyxv0iovj69zoaokib2sn3ruvxxsglu2ifsddfpo6kd44yrwzfnprib/confusion_matrix_table.table.json","_latest_artifact_path":"wandb-client-artifact://c1rki9d0uxq5rvnasy3gwnho2p2xyvgjrphu01bej61m1rvhrurn9i6r7z2y7gdk928bpcxxo0fl1bl81ffzpjt2akfc0oz2tgbjf5kmnj18r1od5g07u2f5guwb3vn1:latest/confusion_matrix_table.table.json","path":"media/table/confusion_matrix_table_43_3dc9f8ed6305d6518944.table.json","ncols":3,"nrows":100,"_type":"table-file","sha256":"3dc9f8ed6305d6518944f385c611a608b94f173536c92fa55808a86a9d96a49a"},"epoch":40,"train_loss":0.2966834307108944,"total_training_time":294.3884491920471,"Model Run history":{"val_loss":[0.4437340848903615,0.43184544367669797,0.3974450988594408,0.3786576071834603,0.3528352270789455,0.35841256610262906,0.3544346393952281,0.3455875995621752,0.3863427517256221,0.390319583710716,0.33235175845846493,0.32878670143384,0.340742760545378,0.3652908569976538,0.4043384487488594,0.33966747932697444,0.3242066694056341,0.3363688306527474,0.31965697427870654,0.315090649081842,0.3678064094475972,0.3247124787297525,0.32767031641578237,0.3226841498622276,0.34440724887580426,0.3130991465525172,0.357898580754791,0.3238360886769197,0.3567282179741103,0.3435792582872689,0.3201376469581347,0.36041395050016695,0.3178149060729224,0.3560455109511024,0.31729097692531927,0.31905042380482346,0.33347087691149,0.3646735640781753,0.3708400476092753,0.3095760024948846],"val_acc":[0.8345,0.8355,0.8513333333333334,0.8573333333333333,0.8696666666666667,0.8668333333333333,0.8628333333333333,0.871,0.8536666666666667,0.8538333333333333,0.874,0.8848333333333334,0.8685,0.8646666666666667,0.8476666666666667,0.8753333333333333,0.8793333333333333,0.8728333333333333,0.8836666666666667,0.8835,0.8596666666666667,0.8813333333333333,0.881,0.8838333333333334,0.873,0.8853333333333333,0.8688333333333333,0.8788333333333334,0.8701666666666666,0.8743333333333333,0.8791666666666667,0.8681666666666666,0.8848333333333334,0.8723333333333333,0.8818333333333334,0.8863333333333333,0.8805,0.8678333333333333,0.8671666666666666,0.8848333333333334],"train_loss":[0.5374417530371473,0.42332620546476196,0.3864514467675922,0.36863627014712247,0.358515564780711,0.35071635534138657,0.3402050839169159,0.3370388899721589,0.3315404441314971,0.328647142883794,0.3244298940037617,0.32357862937557225,0.3204267884827251,0.31844333133945024,0.31617393635196844,0.3160721742228905,0.3115418034090963,0.31297696770812883,0.30974149245594834,0.30812695530312806,0.30802702705620677,0.30712915168215515,0.3076561612907409,0.3056575991862901,0.30424287882020973,0.3039334640415028,0.2999956988509204,0.3001125955235943,0.2989265695071642,0.3012211311710761,0.2994304367594826,0.30018249186314827,0.2982956151934643,0.29605592508948686,0.29831504563370564,0.3006520499921641,0.2941304670731308,0.29482067379250954,0.29771463281714805,0.2966834307108944],"train_acc":[0.8065185185185185,0.8488703703703704,0.8609814814814815,0.8662592592592593,0.8700185185185185,0.8730370370370371,0.8772777777777778,0.8775925925925926,0.8805925925925926,0.8806666666666667,0.8822222222222222,0.8817777777777778,0.8837407407407407,0.882425925925926,0.8842777777777778,0.8837962962962963,0.884537037037037,0.8867777777777778,0.8860185185185185,0.8875740740740741,0.8881296296296296,0.8876851851851851,0.8877962962962963,0.8879814814814815,0.8880925925925925,0.8888703703703704,0.8914814814814814,0.8904814814814814,0.8896851851851851,0.8898888888888888,0.8903148148148148,0.8896111111111111,0.8911481481481481,0.8910555555555556,0.8904444444444445,0.8895740740740741,0.8923518518518518,0.8916481481481482,0.890537037037037,0.8921111111111111]},"test_accuracy":0.8775,"_timestamp":1.7413462002939386e+09,"epoch_time":7.220072269439697,"_step":43,"train_accuracy":0.8921111111111111,"val_loss":0.3095760024948846,"_runtime":295.908492401,"_wandb":{"runtime":295}}