{"confusion_matrix_table":{"_type":"table-file","sha256":"77d6ad696c5be22c7ce875e264330a44759925ea9ed0fe52d5034eb141f73061","size":2932,"artifact_path":"wandb-client-artifact://rpi7ojnq1y733fqeg1ksjjdmcfd4rb3mr4ivpnbw18rkaonjhq5zv62638ql7hvchwrvpjg14ivrlxpbwre2vbsobiyxrm4d8dg2nl29ick8kz6kjxadvhwn053os7ve/confusion_matrix_table.table.json","_latest_artifact_path":"wandb-client-artifact://fxwa1reqmqm3sg15jkezsbfqeolpf8gznfq72vd0vtjghvq1zairzfie2ijecb4c0yxvrzmbgkd994gnt3k3s0o6jhdep2ipymikdjgepfre25lhpwz6srw97onsyd2k:latest/confusion_matrix_table.table.json","path":"media/table/confusion_matrix_table_13_77d6ad696c5be22c7ce8.table.json","ncols":3,"nrows":100},"total_training_time":25.411421298980713,"val_loss":0.3557471177413796,"val_accuracy":0.8766666666666667,"_step":13,"epoch":10,"_timestamp":1.7412414531853616e+09,"test_accuracy":0.8677,"train_loss":0.2773821801839646,"_wandb":{"runtime":26},"_runtime":26.496433684,"Model Run history":{"train_loss":[0.53341387717339,0.3994668129220191,0.3653219168341936,0.3451685145069788,0.3291034515953152,0.3137906120640711,0.3033475948869281,0.2944325612047874,0.28494692569021396,0.2773821801839646],"train_acc":[0.8135,0.8574444444444445,0.8682592592592593,0.8747592592592592,0.8789259259259259,0.8849814814814815,0.8887777777777778,0.8908148148148148,0.8933888888888889,0.8975740740740741],"val_loss":[0.44063476194252643,0.40725067990040825,0.40530038952226366,0.3780546152857922,0.3845226526207091,0.3719187086194455,0.3737024301757827,0.3707772451371529,0.3488484343114803,0.3557471177413796],"val_acc":[0.844,0.8588333333333333,0.8558333333333333,0.8675,0.8641666666666666,0.8663333333333333,0.8696666666666667,0.8713333333333333,0.8768333333333334,0.8766666666666667]},"train_accuracy":0.8975740740740741,"epoch_time":2.6070644855499268}