{"_timestamp":1.7412010372145903e+09,"confusion_matrix_table":{"sha256":"3c7caaac101775d5ac5bb29a00d1af516fa029db72bacd81c314dd8d6445cccb","size":2936,"artifact_path":"wandb-client-artifact://5m7gvfx8517grsp9owsgni8pgrslqztwbmp18u9m0a3y0zwj8ak0t9g2mp3r5gtfqo8du06l9d2y4eypiu5iwgz1yg7rqw593pea71rlqpbqezq7xskzrnz5uiaf0zxp/confusion_matrix_table.table.json","_latest_artifact_path":"wandb-client-artifact://f9cm7utlfcfy275qst82aj59tjmouzjjlq7rscv9dr9h2dkimu8pp0vdnnsd7qglsmj6eylfgnm2u1ftakph1xy6wma5nbgkpexj7nbchzz2rx2zt70fnjkht8xy0xb8:latest/confusion_matrix_table.table.json","path":"media/table/confusion_matrix_table_8_3c7caaac101775d5ac5b.table.json","ncols":3,"nrows":100,"_type":"table-file"},"val_accuracy":0.8383333333333334,"epoch_time":1.1670458316802979,"test_accuracy":0.8322,"val_loss":0.44801921661896515,"_runtime":7.2007869,"epoch":5,"train_loss":0.4445300337373907,"total_training_time":6.220767498016357,"train_accuracy":0.8447592592592592,"_step":8,"Model Run history":{"val_acc":[0.8008333333333333,0.7861666666666667,0.828,0.838,0.8383333333333334],"train_loss":[0.8767737012181012,0.5394793765836374,0.4883316708886315,0.4613673551290549,0.4445300337373907],"train_acc":[0.7071666666666667,0.8130740740740741,0.8293333333333334,0.8395370370370371,0.8447592592592592],"val_loss":[0.5751071626106827,0.5798203771338877,0.48301862537375145,0.4616954753725291,0.44801921661896515]},"_wandb":{"runtime":7}}