{"epoch":2,"test_accuracy":0.8603,"train_loss":0.3656785980063962,"total_training_time":11.275681257247925,"_runtime":12.665981117,"_step":4,"_wandb":{"runtime":12},"confusion_matrix":{"format":"png","width":1000,"height":800,"_type":"image-file","sha256":"7252a4ceff786c9d7685caa8ff39821b32d1271eeb686059a29e5bb0cca2630d","size":60400,"path":"media/images/confusion_matrix_4_7252a4ceff786c9d7685.png"},"val_loss":0.34795903612833035,"val_accuracy":0.869,"train_accuracy":0.8659259259259259,"_timestamp":1.7410055759280965e+09,"epoch_time":5.386196136474609}