{"_wandb":{"runtime":18},"train_loss":0.10526516534713716,"epoch":10,"test_accuracy":0.9565,"Model Run history":{"val_acc":[0.91,0.9285,0.939,0.9471666666666667,0.9458333333333333,0.9525,0.9561666666666667,0.9543333333333334,0.9578333333333333,0.9575],"train_loss":[0.5338593918213204,0.25734210281948117,0.20664828474953628,0.17699028246343926,0.1565475689240989,0.14236729370900628,0.13078022874740694,0.1204910612682834,0.11246820780271194,0.10526516534713716],"train_acc":[0.843,0.9242962962962963,0.9393703703703704,0.9483518518518519,0.9536111111111111,0.9581296296296297,0.9610925925925926,0.9653888888888889,0.966462962962963,0.9690185185185185],"val_loss":[0.2980963687294377,0.23360212136802938,0.20005539554998739,0.17306904118565467,0.17650551104529036,0.15294625333521394,0.1443001222918407,0.14740548149654223,0.13297316380142551,0.13620923284137534]},"_runtime":18.074697788,"val_accuracy":0.9575,"_step":13,"val_loss":0.13620923284137534,"confusion_matrix_table":{"path":"media/table/confusion_matrix_table_13_5db8da7f2472691abf38.table.json","ncols":3,"nrows":100,"_type":"table-file","sha256":"5db8da7f2472691abf386b42f2914a6ec9b321793832c5a14f8b5e6e7bedaa3d","size":1796,"artifact_path":"wandb-client-artifact://1kk1jg8edkh29x6hdk0emyp22th1xzmwgjyw4erwv513af2ie3tr05ffkfr3pe75drvp97mmxp6achsfgo2re1evee3sjsdpaqh82jkq7p1582rkjuq2rx2parfauc88/confusion_matrix_table.table.json","_latest_artifact_path":"wandb-client-artifact://bkgf2o03fvlso2h8n4vs5yqzst61l9c0e7k9qasppwofmd3yalxstaalma79katu1cbyo6yhfbwlbqmglcavn0qpfm0yeneo7inepfffye9k3v5lkojskpkm1p0xy6al:latest/confusion_matrix_table.table.json"},"train_accuracy":0.9690185185185185,"_timestamp":1.7422144757304153e+09,"epoch_time":1.5491812229156494,"total_training_time":16.953948974609375}