{"val_loss":0.35707569199310873,"_wandb":{"runtime":19},"val_accuracy":0.8705,"Model Run history":{"train_acc":[0.8153518518518519,0.8555555555555555,0.8662222222222222,0.8725925925925926,0.878962962962963],"val_loss":[0.4245040072797332,0.3864822193158631,0.38012771515357036,0.35334763002182423,0.35707569199310873],"val_acc":[0.8496666666666667,0.8591666666666666,0.8593333333333333,0.8686666666666667,0.8705],"train_loss":[0.5244412695754,0.39893480047523283,0.36652549177601595,0.34605938979941014,0.3309854850267376]},"train_loss":0.3309854850267376,"_step":8,"test_accuracy":0.863,"total_training_time":18.659698486328125,"train_accuracy":0.878962962962963,"epoch_time":3.2377994060516357,"epoch":5,"_timestamp":1.7412015653542416e+09,"_runtime":19.65944549,"confusion_matrix_table":{"_latest_artifact_path":"wandb-client-artifact://d3j7yma98x088vc1p8555qt500a45pon4didstk9dawhjzbplx2b9vi5bvgjrk3k2tw300w67gfcz5rrrvut6fhy2hnia1tzq0ogffmgex4gfp7pb5mpvoi4w7w6hezo:latest/confusion_matrix_table.table.json","path":"media/table/confusion_matrix_table_8_cc25890acf1719f039ee.table.json","ncols":3,"nrows":100,"_type":"table-file","sha256":"cc25890acf1719f039eec38354a4b236072461dcafedb2074226d134b89f60bf","size":2931,"artifact_path":"wandb-client-artifact://ivf7bfc8xhbcvdcfp99dzctl90iitq04z9dgac0chf3ik3e1uphetvqzqefuuf2ngjd3e3vuhq05jmkq6h3kso38uxrvdp0p3wu2hboij9h72mrlea2joyd16pc7la5f/confusion_matrix_table.table.json"}}