{"val_accuracy":0.8603333333333333,"epoch":5,"_timestamp":1.741204842715224e+09,"Model Run history":{"val_acc":[0.8433333333333334,0.8446666666666667,0.8493333333333334,0.8488333333333333,0.8603333333333333],"train_loss":[0.5205282294985123,0.434412730536454,0.4202307572617739,0.4097976806302409,0.40395713443999326],"train_acc":[0.8225370370370371,0.8474259259259259,0.8499814814814814,0.8538703703703704,0.8569814814814815],"val_loss":[0.4376690384886447,0.43047678454970684,0.41985436386621494,0.41997832283214337,0.38737735848173815]},"val_loss":0.38737735848173815,"confusion_matrix_table":{"nrows":100,"_type":"table-file","sha256":"9084665fe46ed50a94438d0e813301dc07581e23c2b18fa3b809d093886ceebe","size":2935,"artifact_path":"wandb-client-artifact://7axo4ua4r4rxvcit90zrqclhs13q6ayhpkt8mzrmxuo9nr0phbqnwe1vtgq9yqmz7g222kkrwy21pfrilipr58nmd9m7sakcir6yl87y0nh476x4xtj9k8bjcifz9oem/confusion_matrix_table.table.json","_latest_artifact_path":"wandb-client-artifact://ldjngrjze99jdup95b7plyoyfmq2yussudpiees6tscs2zt1e9g00lzpnx0p1vcpfqsentxef19pwn2mclp9frcix9irigw9wif1t3fxuzcfmn3yk9i4xeh67xsza2rj:latest/confusion_matrix_table.table.json","path":"media/table/confusion_matrix_table_8_9084665fe46ed50a9443.table.json","ncols":3},"_wandb":{"runtime":67},"_step":8,"epoch_time":12.808632373809814,"train_loss":0.40395713443999326,"_runtime":67.723393512,"total_training_time":66.44763708114624,"test_accuracy":0.855,"train_accuracy":0.8569814814814815}