{"val_loss":0.3388949058218531,"_wandb":{"runtime":43},"epoch":5,"confusion_matrix_table":{"path":"media/table/confusion_matrix_table_8_880be70b50afed1eedcd.table.json","ncols":3,"nrows":100,"_type":"table-file","sha256":"880be70b50afed1eedcd1ae3161f446fbc9aeef72124eb59e28c280058fa551b","size":2929,"artifact_path":"wandb-client-artifact://yxspch0xr0pp4bcqcwwa2ound9f116d0vyeyke3nbm95ax3nssiq4yf7aikg9r869sl11knbgqd6zm77q0juscayro3xl46n60sm3xpn7nb6afyuqq3wwcnlqynhf3xy/confusion_matrix_table.table.json","_latest_artifact_path":"wandb-client-artifact://c5hqq2rt242u0eb3i6rfwb2al2fwaa4sg2vc6jek6l5bba7rgfdtxadxbjuz45gyaij7hu5h35m8o1y6rgf9xkxjtbavqrynv8bf8qw8e18t5s10n1uvaf6k77c2wguo:latest/confusion_matrix_table.table.json"},"train_accuracy":0.8859074074074074,"_runtime":43.470393995,"test_accuracy":0.8686,"train_loss":0.3064044808947079,"_step":8,"_timestamp":1.7411998594001157e+09,"val_accuracy":0.8776666666666667,"epoch_time":7.817186594009399,"Model Run history":{"val_acc":[0.861,0.8613333333333333,0.8718333333333333,0.8746666666666667,0.8776666666666667],"train_loss":[0.4576978747583739,0.36577661576469006,0.33620649129428054,0.3195636461026391,0.3064044808947079],"train_acc":[0.8322962962962963,0.8656111111111111,0.8772592592592593,0.8815740740740741,0.8859074074074074],"val_loss":[0.3801009564595373,0.3791727078714494,0.34292935001310654,0.33779733634758574,0.3388949058218531]},"total_training_time":41.74032640457153}