{"_step":4,"val_accuracy":0.8783333333333333,"train_accuracy":0.8702962962962963,"total_training_time":11.435198068618774,"confusion_matrix":{"size":60252,"path":"media/images/confusion_matrix_4_af7e8417ea7ea7c89c5c.png","format":"png","width":1000,"height":800,"_type":"image-file","sha256":"af7e8417ea7ea7c89c5c38e6569e2b467c78976f51621e62407e3b754ff00e8e"},"_timestamp":1.7410059259478314e+09,"_runtime":12.86448111,"epoch":2,"epoch_time":5.761497497558594,"val_loss":0.3362279685643559,"test_accuracy":0.8635,"_wandb":{"runtime":12},"train_loss":0.35323666703742335}