{"_wandb":{"runtime":35},"_timestamp":1.741240837809156e+09,"train_loss":0.4201428380063148,"_step":13,"epoch_time":3.530435562133789,"Model Run history":{"val_acc":[0.8276666666666667,0.8381666666666666,0.847,0.842,0.8396666666666667,0.853,0.8475,0.82,0.8273333333333334,0.8423333333333334],"train_loss":[0.6040180970976755,0.47274897873660726,0.45676522598986585,0.44945562370988973,0.4382437553966986,0.4319680743278505,0.43024128679761264,0.42863379467068136,0.4226282396852317,0.4201428380063148],"train_acc":[0.792037037037037,0.8360555555555556,0.8403888888888889,0.8449814814814814,0.8475555555555555,0.8496481481481482,0.8507407407407407,0.8492407407407407,0.8516851851851852,0.852],"val_loss":[0.5145516501470847,0.4639234861327968,0.44271218109155025,0.44840636732642636,0.44617308758992913,0.41764609757847376,0.4308653003863612,0.4870738126369431,0.46640302548439544,0.4391143582674556]},"test_accuracy":0.8307,"total_training_time":34.248204946517944,"train_accuracy":0.852,"_runtime":35.375058961,"confusion_matrix_table":{"size":2937,"artifact_path":"wandb-client-artifact://xgfc1rknq2hyu9zmz0jvpedkhb1lt3edi7e9g8gwjgybyhwd4r89ro2i4irwsqcaa49fhaf0376xn16i39hohec2z0pczxghz9s1h69x9n8z15msl0wjjf7m3i9634b2/confusion_matrix_table.table.json","_latest_artifact_path":"wandb-client-artifact://t4z7o79b1qdyh5wdqg764j7v3v5u1qzogrvp3k0o3fm3phpywo0l202rjpv01eddx5joyexi7gq8y0g3gz9i310p320znvkhn9dhc2gj0wudssuw4jhp3rwla17q3aqr:latest/confusion_matrix_table.table.json","path":"media/table/confusion_matrix_table_13_0cd151ac9c404740b96b.table.json","ncols":3,"nrows":100,"_type":"table-file","sha256":"0cd151ac9c404740b96bcc68257d4e753604cd4e6f49a4884d1a8c308e2fa9fd"},"val_accuracy":0.8423333333333334,"epoch":10,"val_loss":0.4391143582674556}