{"val_accuracy":0.875,"_runtime":140.671239149,"_step":8,"_timestamp":1.7412014802972634e+09,"epoch_time":27.998632669448853,"train_loss":0.34825711159930245,"Model Run history":{"train_acc":[0.8223703703703704,0.8517592592592592,0.8652777777777778,0.8688703703703704,0.8741296296296296],"val_loss":[0.4178633066851885,0.3830480894037094,0.3857451568709859,0.34439495636056844,0.3482607185132371],"val_acc":[0.8481666666666666,0.8628333333333333,0.8628333333333333,0.8723333333333333,0.875],"train_loss":[0.5108167913045462,0.4116215262890414,0.3817526702110002,0.3652523035529363,0.34825711159930245]},"test_accuracy":0.866,"_wandb":{"runtime":140},"confusion_matrix_table":{"artifact_path":"wandb-client-artifact://p3djn8sib8p02a3t46qplfjthntz3s8e16fekf6u9qrfnpb3jeqcrte2e6wk817p0rfvvq574xcpipgcj0rcow3wid40lchabw4mkvv3hn0zhmd4vybl3vigfz1bgji7/confusion_matrix_table.table.json","_latest_artifact_path":"wandb-client-artifact://tje5cs9v0r6y3uuor4pjf0988yb21kwjipk6smgq6qxe9mlz1o9lfxmqxvx4sm2udhwn63bx8deoe21fhp6pzs92agabyjxl9agxggwyh5102iu3mzct6i9iwwnhxlf9:latest/confusion_matrix_table.table.json","path":"media/table/confusion_matrix_table_8_8bc30f29eae223c62e57.table.json","ncols":3,"nrows":100,"_type":"table-file","sha256":"8bc30f29eae223c62e578ae674b5ba525c7821bf93ff10d7a01cfdbdadc363d6","size":2932},"val_loss":0.3482607185132371,"train_accuracy":0.8741296296296296,"total_training_time":139.30164289474487,"epoch":5}