{"_step":8,"train_accuracy":0.87,"val_accuracy":0.8648333333333333,"_runtime":8.148856331,"_timestamp":1.7411943807153563e+09,"Model Run history":{"train_acc":[0.7852962962962963,0.8428148148148148,0.8561111111111112,0.8641851851851852,0.87],"val_loss":[0.48442296907129834,0.43657805265452826,0.41053357955649356,0.39277486765816017,0.3760584767165237],"val_acc":[0.83,0.849,0.8536666666666667,0.8563333333333333,0.8648333333333333],"train_loss":[0.6554396397063923,0.4480262612140855,0.40870604329156285,0.38562004688824486,0.3697828107611488]},"_wandb":{"runtime":8},"train_loss":0.3697828107611488,"confusion_matrix_table":{"path":"media/table/confusion_matrix_table_8_c4211391d0e80cbd064b.table.json","ncols":3,"nrows":100,"_type":"table-file","sha256":"c4211391d0e80cbd064bb72dbdd09182b596d437d4f9d163896a3bfc3ebe1201","size":2933,"artifact_path":"wandb-client-artifact://r11pni41hf4m0k6a0r9lqkuhhrxq6vfnv9kt11dxfbmxndvpxu11a042pl0wg83484hy5ilm33zvnvuu45ejy5j5rvpw8fszgexxmwk6ldvi2ejei1vif88xbs0c5ja2/confusion_matrix_table.table.json","_latest_artifact_path":"wandb-client-artifact://rxfft481e7n94ljz39krho74olk6lmd8br9kgtf2xb0nfsq935wsuyyyc8i38pltt9pgwf78rsm0nh031ravq96ptxjce25y9ui8oszwhg8iopwxqbg5ripxqukn6lgb:latest/confusion_matrix_table.table.json"},"total_training_time":7.124622583389282,"epoch":5,"epoch_time":1.4307057857513428,"val_loss":0.3760584767165237,"test_accuracy":0.8568}