{"val_accuracy":0.0968,"epoch":10,"_wandb":{"runtime":18},"train_accuracy":0.09962,"_timestamp":1.740910974126758e+09,"train_loss":2.3029734138727163,"_runtime":18.529473923,"confusion_matrix":{"height":800,"_type":"image-file","sha256":"0fe066c8fdb923cdb97cee6773f03e55aa7aef3c5f5bf29b9990bb39b0849e2d","size":47739,"path":"media/images/confusion_matrix_12_0fe066c8fdb923cdb97c.png","format":"png","width":1000},"epoch_time":1.6565499305725098,"_step":12,"val_loss":2.302997029203862,"total_training_time":17.430949926376343,"test_accuracy":0.1}