{"train_loss":0.06755399083741938,"_wandb":{"runtime":20},"val_loss":0.1286394392175247,"_timestamp":1.7422138558870478e+09,"val_accuracy":0.965,"_step":13,"epoch_time":1.469402551651001,"epoch":10,"_runtime":20.29322767,"train_accuracy":0.9782962962962963,"test_accuracy":0.968,"confusion_matrix_table":{"ncols":3,"nrows":100,"_type":"table-file","sha256":"cae7aaa29168f97c6d45d717df6b8b0211b640cae0848672aa0ca65e44ce012e","size":1791,"artifact_path":"wandb-client-artifact://rex3ajh7ttn47qtzwlf9jx01xlokw8xqot14ujr6l0fct947elt44uc2x51xurvrf8gpyfw1k1eqhlkb0jpadb7qih9koxkwnx9pxyr9ip4u8vhk1iq7gid953dv43wc/confusion_matrix_table.table.json","_latest_artifact_path":"wandb-client-artifact://clkbbfqw08gbhs2wc0hpu5a61ofwbkgbzc8ma9r3svvn7vs2a9aus7m5tiiq2c0ppg2i738ilwkr2ptna6az1ctlzi1wm42jquf9hus4qzfxy9vfx081dpai21p4ellw:latest/confusion_matrix_table.table.json","path":"media/table/confusion_matrix_table_13_cae7aaa29168f97c6d45.table.json"},"total_training_time":19.223443746566772,"Model Run history":{"train_acc":[0.9112962962962963,0.9516481481481481,0.9603888888888888,0.9657037037037037,0.9693148148148149,0.9716111111111111,0.9732037037037037,0.9746851851851852,0.9753888888888889,0.9782962962962963],"val_loss":[0.18596138020597475,0.1461115899704553,0.14994761893057618,0.1186438618111765,0.14237045890356848,0.12621186104424306,0.11492253214209781,0.11468244585349316,0.1264632571411196,0.1286394392175247],"val_acc":[0.941,0.9536666666666667,0.9548333333333333,0.9626666666666667,0.9601666666666666,0.9621666666666666,0.964,0.964,0.9616666666666667,0.965],"train_loss":[0.2951977092969843,0.1604914293773325,0.1293296621939362,0.11189675654553109,0.10152512931975474,0.09193549884197813,0.08585885884720126,0.07957149133243556,0.07732040566578359,0.06755399083741938]}}