{"total_training_time":16.668086528778076,"_timestamp":1.7412407934254947e+09,"test_accuracy":0.8598,"_wandb":{"runtime":18},"_step":13,"val_loss":0.3862857531598492,"confusion_matrix_table":{"_latest_artifact_path":"wandb-client-artifact://khu7zurs8x6ig3qe3c5q9d4xi3p2uxuuyj60ay75k92lr9hf06bzdczcldgb1xctbe53w1r16w9odklb87epqxpred05vclc6fbj69pth4k47xan5k4qoprdn4q1bzt2:latest/confusion_matrix_table.table.json","path":"media/table/confusion_matrix_table_13_c5d1cdd638becfa3b078.table.json","ncols":3,"nrows":100,"_type":"table-file","sha256":"c5d1cdd638becfa3b0780ebe0afe1936ec09ed9b77f1c7951edce6414427416c","size":2932,"artifact_path":"wandb-client-artifact://4sckm9nzcznyu15llptr822mq4sbl5xlfnzsij0pgno5mea9sul49ra2yztg0uub3pw4y406z0j1aol6vesezsxxkexsw82q1lhobc7cy1dzvbc032i4bs6fjznoytni/confusion_matrix_table.table.json"},"_runtime":18.10160759,"train_loss":0.29448769447748857,"val_accuracy":0.8641666666666666,"epoch":10,"train_accuracy":0.8917962962962963,"Model Run history":{"train_loss":[0.5882853697085418,0.42566071335801975,0.38481033408645804,0.3600430953534623,0.3432096220268758,0.3293144985973832,0.3184390701574772,0.30998818328996164,0.3009138187202591,0.29448769447748857],"train_acc":[0.7946111111111112,0.8473703703703703,0.8619259259259259,0.8695185185185185,0.8747592592592592,0.878537037037037,0.8838888888888888,0.886962962962963,0.8902037037037037,0.8917962962962963],"val_loss":[0.5436548938921469,0.4535114332129865,0.41858691012648924,0.4110174943933306,0.3969338586509303,0.38072043696290786,0.362651240324013,0.38037631107008585,0.3552282809602967,0.3862857531598492],"val_acc":[0.8046666666666666,0.8398333333333333,0.8476666666666667,0.8573333333333333,0.859,0.8683333333333333,0.8735,0.8691666666666666,0.8803333333333333,0.8641666666666666]},"epoch_time":1.9992406368255615}