{"train_accuracy":0.8519629629629629,"train_loss":0.41262694715676146,"epoch":10,"_timestamp":1.7412397975174868e+09,"val_loss":0.4157017424662573,"val_accuracy":0.8496666666666667,"_step":13,"epoch_time":2.7803611755371094,"test_accuracy":0.8427,"confusion_matrix_table":{"nrows":100,"_type":"table-file","sha256":"5f95a9fb2558f59de53617845ca77dfd21dccdfbd0d9df649ebcb4ac8edd1884","size":2934,"artifact_path":"wandb-client-artifact://m9ofwcgflf198itby5p3rnu7n37xbys154e34kdmkfcwitr7bh4q52wfssfrzq6ieg17pwkaz22f5cf8j8tc08hzn00s977qtbmzdeqa171cmn31k5sz2mwiby1ojlw3/confusion_matrix_table.table.json","_latest_artifact_path":"wandb-client-artifact://h0rbm0alohkmd0yyfqeeyhasvwnlig9hgbnw522zu4tuir31ly9fbl8ebtj3l28i4zxdkanqftvj65ia06ktzeaczeqaxhdh6i3d034px502o1nutx13dreyk8zttxq9:latest/confusion_matrix_table.table.json","path":"media/table/confusion_matrix_table_13_5f95a9fb2558f59de536.table.json","ncols":3},"Model Run history":{"train_acc":[0.7903703703703704,0.8328518518518518,0.8375925925925926,0.8424444444444444,0.8443333333333334,0.8475370370370371,0.8474444444444444,0.8492777777777778,0.8517222222222223,0.8519629629629629],"val_loss":[0.46963318351620237,0.45038959889433505,0.44489771625877245,0.4968388546749951,0.46054214617194184,0.43002564853096376,0.42534550595585696,0.41134406938182716,0.4262792820217871,0.4157017424662573],"val_acc":[0.835,0.8318333333333333,0.8433333333333334,0.8181666666666667,0.8371666666666666,0.8446666666666667,0.8483333333333334,0.8535,0.845,0.8496666666666667],"train_loss":[0.5989157258522659,0.47061064728786905,0.45394088472559013,0.43874367400203157,0.43319574588982285,0.42764716797764446,0.4243346389365035,0.42057497917295783,0.41517623194964265,0.41262694715676146]},"_wandb":{"runtime":23},"_runtime":23.356188406,"total_training_time":21.991020917892456}