{"Model Run history":{"val_acc":[0.8125,0.8308333333333333,0.8368333333333333,0.8576666666666667,0.8588333333333333,0.8693333333333333,0.8736666666666667,0.874,0.8776666666666667,0.8748333333333334,0.8786666666666667,0.8741666666666666,0.8848333333333334,0.8888333333333334,0.8845,0.8841666666666667,0.8893333333333333,0.8866666666666667,0.8923333333333333,0.8911666666666667,0.8776666666666667,0.8915,0.8755,0.8881666666666667,0.8916666666666667,0.8905,0.8921666666666667,0.8913333333333333,0.8925,0.8766666666666667,0.895,0.8948333333333334,0.8673333333333333,0.8918333333333334,0.8968333333333334,0.8951666666666667,0.8928333333333334,0.8976666666666666,0.865,0.8943333333333333],"train_loss":[0.6903684792231561,0.46754057596749393,0.419277075822635,0.39114971725262754,0.37073948540477036,0.35220421934009216,0.3408686281141557,0.3315156444473366,0.3205193058136151,0.3122155905738832,0.304974280288595,0.2973535803461106,0.2905229418140529,0.28535718076836103,0.27898008706508204,0.2731686831038031,0.267675817025714,0.26437088417895116,0.26018121620737783,0.25432245501391404,0.2506935786654268,0.24791749476599637,0.24300876627237153,0.23817607176631825,0.2352256705398115,0.2314378489872612,0.22892836667530192,0.2240447530946902,0.22108798999091742,0.21731736682172287,0.21516355180653263,0.21218739613864052,0.21020171997320677,0.20648009126442743,0.20454186642647243,0.2012757329902207,0.19776891977042635,0.19532797413814296,0.19346841425646458,0.1913133562864592],"train_acc":[0.7648333333333334,0.8385185185185186,0.8543333333333333,0.8622407407407408,0.8702407407407408,0.8742962962962963,0.8791111111111111,0.8812407407407408,0.8851666666666667,0.89,0.8903148148148148,0.8932037037037037,0.8960555555555556,0.8975185185185185,0.8994629629629629,0.9021111111111111,0.9037037037037037,0.9053148148148148,0.9065555555555556,0.9081111111111111,0.910537037037037,0.9106666666666666,0.9135,0.9147222222222222,0.9161851851851852,0.9172962962962963,0.9192592592592592,0.92,0.9217222222222222,0.9222962962962963,0.923074074074074,0.9249444444444445,0.9251296296296296,0.9272037037037038,0.9272962962962963,0.928037037037037,0.9301851851851852,0.9313888888888889,0.9322407407407407,0.9319259259259259],"val_loss":[0.5276095440472632,0.4687205212138792,0.4359230285860437,0.38748676149486055,0.3793422679024765,0.36089237062878843,0.34104022724734595,0.3361068367652974,0.3334472721260267,0.33776106190922073,0.3354776435308029,0.3361550689237569,0.3222092424527454,0.30785093623312726,0.3212236485229628,0.3192304843214115,0.3055384489962796,0.3045722589742849,0.30433571665277875,0.2994938235475706,0.32764801030830887,0.2946833371772791,0.3339697703284334,0.2975898001970368,0.301265822283458,0.29590379942231454,0.2964968885106177,0.30339663685165713,0.297838579479052,0.3369251982249955,0.29343975201770706,0.2924785052196407,0.36235754429578665,0.3006588027622688,0.28826665552323977,0.2987628569161368,0.30404173342829577,0.2922214634908686,0.37252442204387953,0.3068105079573976]},"test_accuracy":0.8867,"train_accuracy":0.9319259259259259,"epoch_time":4.85245418548584,"_timestamp":1.741361772338203e+09,"train_loss":0.1913133562864592,"_step":43,"val_loss":0.3068105079573976,"confusion_matrix_table":{"artifact_path":"wandb-client-artifact://ktwlv0xxzz4reopk7n7xnnpbxzaufcj87znqbptessi1l6yc7eda72g6pxcq0vxdippt5eo5jzgl05przvtrzsgp732gi20bxa0u0fa1zep0o9rl69kfxbu0tcnctxyf/confusion_matrix_table.table.json","_latest_artifact_path":"wandb-client-artifact://kbv35yakt697bvo9rw7arepj6rzd99ax9kqe4kgyl8bcsirhcof9aqvhp83qamz0u2i4y2knyljr0zq7i3htczrow52dhecouzphgvf26exvu6g0s05hdxf8bthvlrtu:latest/confusion_matrix_table.table.json","path":"media/table/confusion_matrix_table_43_644c886782301cd9a640.table.json","ncols":3,"nrows":100,"_type":"table-file","sha256":"644c886782301cd9a640c5bc5398d15f3c27e9f612af7968ac3c70ce9e4f3b3b","size":2930},"val_accuracy":0.8943333333333333,"epoch":40,"_wandb":{"runtime":221},"total_training_time":220.65465450286865,"_runtime":221.858969289}