{"epoch":2,"_runtime":8.183455592,"total_training_time":5.908954620361328,"train_accuracy":0.8383333333333334,"test_accuracy":0.8369,"confusion_matrix":{"size":61692,"path":"media/images/confusion_matrix_4_2f030a60cc4b8a35ce43.png","format":"png","width":1000,"height":800,"_type":"image-file","sha256":"2f030a60cc4b8a35ce43fbdafb0bd37671d2497fed3f6c41d20fcefd18b4e433"},"_wandb":{"runtime":8},"_step":4,"train_loss":0.4492575150544685,"val_loss":0.42539831761236213,"val_accuracy":0.8391666666666666,"epoch_time":2.7018048763275146,"_timestamp":1.741024634186167e+09}