{"epoch_time":3.950648307800293,"train_loss":0.2904319296375231,"_step":13,"val_accuracy":0.8756666666666667,"_runtime":39.309799738,"_wandb":{"runtime":39},"_timestamp":1.741195169316255e+09,"total_training_time":38.24878120422363,"test_accuracy":0.865,"val_loss":0.3440541467326604,"epoch":10,"confusion_matrix_table":{"sha256":"e58407135eecc9caaf4cdf3d11ddd8c77137f45f132a56cebb78a26b352c2ff8","size":2931,"artifact_path":"wandb-client-artifact://4vlixsd3f2egp5y7g1olxxvssiqyhds6h2h2qcctjeqmqtwhakxovbbjisod8b0vkr9oefn2wtke58gkienqcfgns2dzyfqqtlwma3cyxd2asr3w5kz61oiyn3m27sdr/confusion_matrix_table.table.json","_latest_artifact_path":"wandb-client-artifact://7mtvxblu668ufzpev57mpvkewjzplrit2b2j59xwbhc0itkyu5doqxt5kfjmx056sz0b47egldmre1m9z4nzdnjo3y453hjkjd0hq1suxrf0bol8wpbkzw250xfyego8:latest/confusion_matrix_table.table.json","path":"media/table/confusion_matrix_table_13_e58407135eecc9caaf4c.table.json","ncols":3,"nrows":100,"_type":"table-file"},"train_accuracy":0.8908518518518519,"Model Run history":{"val_loss":[0.4584866874351825,0.41767133408360047,0.408985508311399,0.38282518666989185,0.3812696658685816,0.35092235600373134,0.3416359258325812,0.3451738456058295,0.3282234328793728,0.3440541467326604],"val_acc":[0.8333333333333334,0.8463333333333334,0.8506666666666667,0.8648333333333333,0.8636666666666667,0.8736666666666667,0.8746666666666667,0.8765,0.8846666666666667,0.8756666666666667],"train_loss":[0.6290732910889851,0.434233695333426,0.3885243412546865,0.3640957487232833,0.3449345628873592,0.3302684529664775,0.31930471037709646,0.3095359815864907,0.29928994429479555,0.2904319296375231],"train_acc":[0.7769444444444444,0.8420185185185185,0.858,0.8663333333333333,0.8727962962962963,0.8780925925925926,0.8808333333333334,0.8842962962962962,0.8881111111111111,0.8908518518518519]}}