{"val_accuracy":0.8603333333333333,"epoch_time":1.5095598697662354,"total_training_time":15.996588706970215,"Model Run history":{"train_loss":[0.779473891735696,0.5149794344746849,0.46800700725912303,0.43866044119841996,0.4184704713141798,0.40405426971405617,0.3917021928423978,0.3816641201235327,0.3737750349750702,0.36774943746161004],"train_acc":[0.7422777777777778,0.8218333333333333,0.835462962962963,0.8452777777777778,0.8517962962962963,0.8569629629629629,0.862537037037037,0.864462962962963,0.8678518518518519,0.8685555555555555],"val_loss":[0.5395993039717507,0.4987571626453245,0.44954490271958486,0.43042813686257214,0.4365204286535861,0.41784685160426377,0.3990138260844108,0.4072409647031704,0.3899573345776577,0.3933588435422736],"val_acc":[0.819,0.8225,0.846,0.8488333333333333,0.8443333333333334,0.856,0.8618333333333333,0.8536666666666667,0.8633333333333333,0.8603333333333333]},"test_accuracy":0.8541,"train_accuracy":0.8685555555555555,"val_loss":0.3933588435422736,"_runtime":17.290258933,"_wandb":{"runtime":17},"train_loss":0.36774943746161004,"epoch":10,"confusion_matrix_table":{"nrows":100,"_type":"table-file","sha256":"ec48a47c69ac88faedea0ee96ba2a266e295e92360996a7bfccb3b3cdc9b3403","size":2936,"artifact_path":"wandb-client-artifact://4zv5m267iyjmlhqqj5fr71kbqhm4cga7c7btvb8jo79gigjlqf87gt3xtg11aaa6kw1vdhb7uaxt9jl2ley9irs19k3rdxhpt6nio17m242fk3l8fatrl9pliimjrcei/confusion_matrix_table.table.json","_latest_artifact_path":"wandb-client-artifact://0umx5hz9f8aygm41eeuagt0t8zhcn84t2i8rna8zc0kisroao5938xuyvrc4buav9o5fyc8657vb83jbl9g1uoh0u33xuoqxy5wr9pjpj9v9mp0y0zwo8md7befejp56:latest/confusion_matrix_table.table.json","path":"media/table/confusion_matrix_table_13_ec48a47c69ac88faedea.table.json","ncols":3},"_step":13,"_timestamp":1.7412405223864772e+09}