{"test_accuracy":0.8495,"epoch":5,"_wandb":{"runtime":87},"Model Run history":{"val_loss":[0.4403372745614397,0.41533263514092184,0.40835859504035654,0.4014255124441656,0.3984278846285587],"val_acc":[0.8385,0.8461666666666666,0.849,0.8573333333333333,0.8598333333333333],"train_loss":[0.5320616930716661,0.4439860698455223,0.42858105428343846,0.41555516343913007,0.40690011772139817],"train_acc":[0.816462962962963,0.8437777777777777,0.8473888888888889,0.8520555555555556,0.8556481481481482]},"val_accuracy":0.8598333333333333,"_timestamp":1.7412043061174717e+09,"_step":8,"epoch_time":17.162839889526367,"train_loss":0.40690011772139817,"_runtime":87.459644281,"confusion_matrix_table":{"_type":"table-file","sha256":"fe48bddcd7b344fc11fe5de285bd0998ec91ba1071685759af88b8a559763b7d","size":2938,"artifact_path":"wandb-client-artifact://nxssz3rrdxv6nv7r5e8kvft2vicur2yb50ilxhqmn2dw2lzbojshggpii57v8j78rtmm41f6on2bk8yl2mqkwr5mj64dj46tyiaerftzg80syhoqw2fhby2uvl90eijw/confusion_matrix_table.table.json","_latest_artifact_path":"wandb-client-artifact://bwa0g0ux44nqiurul0xg3cao4xqmds4q0uc2ecg6679hjozvkzn16fpf4saxo63u0iwc19120yfsg5cfr761jb7eteeiyjfcuuctxxpkec8q6cmvc36b1gal1mvi065q:latest/confusion_matrix_table.table.json","path":"media/table/confusion_matrix_table_8_fe48bddcd7b344fc11fe.table.json","ncols":3,"nrows":100},"total_training_time":86.15906095504761,"train_accuracy":0.8556481481481482,"val_loss":0.3984278846285587}