{"train_loss":0.38182847678157344,"val_loss":0.3748897646608149,"total_training_time":54.072441816329956,"train_accuracy":0.8648148148148148,"confusion_matrix_table":{"size":2935,"artifact_path":"wandb-client-artifact://4ktgbq6h6vtfjncmpfspp3ezzqucew0iqoqsyd2hm15i3o4oiyl1agois3x5l7znw8kxc25setyj4p7xs36se1teikiu5x5ukb7997l8rt58ryd2dke96exuhmw1z9c6/confusion_matrix_table.table.json","_latest_artifact_path":"wandb-client-artifact://oqss9l1am3qhk9886jqhdjj31yjx9i7wmeypg2wi5jw7duxp06e7xpmga8h211shhu9qkg16m3lgyg4ss3uv6xorqdgjvp1wbm3yu26qvhj39h5pkl5r5lgfcahvz4oh:latest/confusion_matrix_table.table.json","path":"media/table/confusion_matrix_table_13_1fc29ea011bb2d930b89.table.json","ncols":3,"nrows":100,"_type":"table-file","sha256":"1fc29ea011bb2d930b89506f0684f4de8ed711db810b67aa3f60eb87a84f0911"},"val_accuracy":0.8655,"_timestamp":1.7412044861587484e+09,"_step":13,"test_accuracy":0.85,"_runtime":55.454446172,"epoch_time":5.1336283683776855,"_wandb":{"runtime":55},"Model Run history":{"train_acc":[0.8222777777777778,0.8493888888888889,0.8532777777777778,0.8565925925925926,0.8599074074074075,0.8603703703703703,0.8630925925925926,0.8625555555555555,0.8660555555555556,0.8648148148148148],"val_loss":[0.45086536857212933,0.4317819111268716,0.4407078554411609,0.3872802886533011,0.39162137217667353,0.40509019637219085,0.41923800465859334,0.41535827485695004,0.38863222787712964,0.3748897646608149],"val_acc":[0.8398333333333333,0.8348333333333333,0.8428333333333333,0.8601666666666666,0.8563333333333333,0.854,0.8523333333333334,0.8538333333333333,0.8596666666666667,0.8655],"train_loss":[0.5227833346674176,0.4321273460271606,0.41653442590097944,0.4067177762356841,0.3994456026332083,0.3944965091546147,0.3894696783234935,0.3863030865097039,0.3837340445937475,0.38182847678157344]},"epoch":10}