{"Model Run history":{"val_acc":[0.81,0.8591666666666666,0.8726666666666667,0.8725,0.8756666666666667,0.8673333333333333,0.8723333333333333,0.8745,0.878,0.8808333333333334],"train_loss":[0.5263123964107947,0.39809785404818443,0.37229620841576166,0.3507520640284489,0.3413889009245559,0.32958566556878954,0.32458271606694866,0.31680733911887154,0.31166800848338017,0.3042275185365776],"train_acc":[0.8096851851851852,0.8547777777777777,0.8648518518518519,0.8739629629629629,0.8760185185185185,0.8805925925925926,0.8817037037037037,0.8855555555555555,0.8859074074074074,0.8878888888888888],"val_loss":[0.4857658475868751,0.380255537328044,0.36306907252914244,0.34787813298843595,0.3394449484636718,0.35167670858083216,0.3422642456223124,0.3397335669039785,0.33759412666450245,0.32442471199669365]},"epoch":10,"val_accuracy":0.8808333333333334,"total_training_time":54.771557092666626,"_step":13,"_runtime":55.889342831,"val_loss":0.32442471199669365,"confusion_matrix_table":{"ncols":3,"nrows":100,"_type":"table-file","sha256":"8f2b80d2a87037f44fcc49569ed5ce33b42ca72d78078159af8551c8586e98df","size":2931,"artifact_path":"wandb-client-artifact://nx6rxu7wyevbhk8xquf9i117gkso8wyulwlhq5otyqv2ijixslolo701h5vafg3nowuq8zsmguhotx6brg4gviza40rurtbb1ut7to7umivx69391x0jab70o4hxnybn/confusion_matrix_table.table.json","_latest_artifact_path":"wandb-client-artifact://pu785bgtsw9teeyrnwadozaulka02pa6l8xfr665o1v9eq8c60epjulq6subfbpyx06gnickxvb3hm2m81de5c7yf8gouco2lbv6yakn1hhts2pj8drfyq5wae2k6kgm:latest/confusion_matrix_table.table.json","path":"media/table/confusion_matrix_table_13_8f2b80d2a87037f44fcc.table.json"},"test_accuracy":0.8666,"train_loss":0.3042275185365776,"epoch_time":5.925772666931152,"_wandb":{"runtime":55},"_timestamp":1.7412003539681196e+09,"train_accuracy":0.8878888888888888}