{"total_training_time":13.32818603515625,"val_loss":0.3639998921894302,"Model Run history":{"val_acc":[0.7885,0.8518333333333333,0.8691666666666666,0.8505,0.8661666666666666,0.8656666666666667,0.8725,0.871,0.8696666666666667,0.8678333333333333],"train_loss":[0.5969855059534472,0.4227200105397609,0.3839912875876388,0.3602156780922499,0.34444969609183407,0.3315781567090257,0.3224502096548575,0.3129994482786847,0.3042458913601458,0.2985311070907633],"train_acc":[0.7952592592592592,0.8499074074074074,0.861537037037037,0.8702407407407408,0.8751666666666666,0.8801481481481481,0.8822592592592593,0.8856666666666667,0.8885,0.8916111111111111],"val_loss":[0.5864744364123786,0.41299759687541915,0.3744699016928079,0.42610724858071286,0.3725364912144577,0.38010646090335604,0.3568277159119597,0.37023502527553115,0.3704667045026793,0.3639998921894302]},"_runtime":14.510373099,"epoch":10,"epoch_time":1.5086331367492676,"val_accuracy":0.8678333333333333,"train_accuracy":0.8916111111111111,"_wandb":{"runtime":14},"train_loss":0.2985311070907633,"_timestamp":1.7412421522050042e+09,"test_accuracy":0.8656,"_step":13,"confusion_matrix_table":{"_type":"table-file","sha256":"3e1e93301b48552a3be01cb78481199d18108bc1447a2bf76e822cd27898ac36","size":2932,"artifact_path":"wandb-client-artifact://qpxuoqnyz10j3c7nuzkoniir9l1u4atpxr5li8tazbselu1vynom91an8tvi6rb03bwvahf063pglwow9mou87lgacvjx0040jvkoe6kt0wvz5meq8jcqn07kvj9ufkx/confusion_matrix_table.table.json","_latest_artifact_path":"wandb-client-artifact://yek80u9iza2empjzwqcqc6sfk0gsn1ne4uhzyw26g2a1ftqfxolfsose38ykavym2eyqruarlzy6momqwpbrmfdzcpqzddiolpgzkaoj16kdl5tir64scvfwkmmsizgk:latest/confusion_matrix_table.table.json","path":"media/table/confusion_matrix_table_13_3e1e93301b48552a3be0.table.json","ncols":3,"nrows":100}}