{"_wandb":{"runtime":6},"val_accuracy":0.8576666666666667,"train_accuracy":0.8511851851851852,"_runtime":6.223139927,"_timestamp":1.7410057473260972e+09,"test_accuracy":0.8437,"confusion_matrix":{"sha256":"9f14c02bc9c845db5c4d26c949576685c98f1db7d2f3eb852fa4df8429b3374a","size":60397,"path":"media/images/confusion_matrix_4_9f14c02bc9c845db5c4d.png","format":"png","width":1000,"height":800,"_type":"image-file"},"total_training_time":5.105040788650513,"epoch_time":2.466923475265503,"train_loss":0.4100916454426816,"epoch":2,"val_loss":0.39916519299860215,"_step":4}