{"_wandb":{"runtime":55},"Model Run history":{"train_acc":[0.7765,0.8414444444444444,0.8559814814814815,0.8664444444444445,0.8723703703703704,0.8759629629629629,0.8793518518518518,0.8837037037037037,0.8866851851851851,0.8903703703703704,0.893537037037037,0.8956296296296297,0.897962962962963,0.9000370370370371,0.9018148148148148],"val_loss":[0.5797770157740024,0.44500473123044443,0.40875482298002,0.4078523947952053,0.36777316118724407,0.3611036549013313,0.33629781260450686,0.3578548123353417,0.35723152374582157,0.3563622798989819,0.35403334216036486,0.327507821785312,0.3063556046992814,0.31362157632025633,0.31351310764593276],"val_acc":[0.779,0.8355,0.8511666666666666,0.846,0.8653333333333333,0.8693333333333333,0.8781666666666667,0.8703333333333333,0.8688333333333333,0.8708333333333333,0.8711666666666666,0.8808333333333334,0.8865,0.8871666666666667,0.8873333333333333],"train_loss":[0.6582116602124224,0.45563685799563686,0.4104847679488341,0.3823558612592806,0.36300138655320424,0.34850632998997444,0.33622191268041296,0.3245027948796881,0.31522747338163415,0.3062627237950679,0.2986105242833141,0.29161317206207854,0.2840756554155287,0.2790922849922062,0.27356068714938175]},"val_accuracy":0.8873333333333333,"train_accuracy":0.9018148148148148,"_timestamp":1.7413590607540033e+09,"test_accuracy":0.8753,"epoch":15,"confusion_matrix_table":{"nrows":100,"_type":"table-file","sha256":"6079327e21fff3c45a27968652c3d5343a0de28c4aed8a82f01d554a305cbd15","size":2931,"artifact_path":"wandb-client-artifact://y1yb1wpvy3plki0qpmu7j3qsqf3lv0xugcg9xo08qemieed8xu4vssqva2gqarsaz3xnvnb1i9gm1t4xibgqwaehj6ahiyazvgf90obd5uvbfwqutimg25ur8ndzmph1/confusion_matrix_table.table.json","_latest_artifact_path":"wandb-client-artifact://nuuxzo78kp2tajuaetefoftcp6nduwu99jrxhtqrpokz6jypk3cr3l5jwksgjt7m4ot99z0ene91nt1dl0nz4533p4ews9wkp6x5ezmwiqdj0aq2lzs6g0j5p0ok2dbk:latest/confusion_matrix_table.table.json","path":"media/table/confusion_matrix_table_18_6079327e21fff3c45a27.table.json","ncols":3},"_runtime":55.545046362,"train_loss":0.27356068714938175,"val_loss":0.31351310764593276,"epoch_time":3.596951723098755,"total_training_time":54.36685299873352,"_step":18}