{"train_loss":0.5674783671408405,"_wandb":{"runtime":7},"_runtime":6.788484087,"train_acc":0.82222,"val_loss":6.282603426234253,"_step":1,"_timestamp":1.7406844071555805e+09,"epoch":2,"val_acc":0.8181}