{"_wandb":{"runtime":8},"epoch":2,"train_accuracy":0.8381481481481482,"total_training_time":7.030860900878906,"val_accuracy":0.8398333333333333,"confusion_matrix":{"size":62204,"path":"media/images/confusion_matrix_4_ff58f4423366424cda9b.png","format":"png","width":1000,"height":800,"_type":"image-file","sha256":"ff58f4423366424cda9bc2005accab901d7150e37f18dccb28f98434640c45c0"},"test_accuracy":0.8379,"val_loss":0.4305960734043604,"_step":4,"_timestamp":1.741005474209424e+09,"train_loss":0.45626580228435576,"epoch_time":3.270540714263916,"_runtime":8.181583588}