{"confusion_matrix_table":{"_type":"table-file","sha256":"414a1bf76928345a44aee89ef97f45d29731470625736b2e56549a20272844fd","size":2932,"artifact_path":"wandb-client-artifact://irt55fuq6w68xyyob4czv751jfxqkeltb5m5ckjqnvdolu5dhvn7ephgznq3q9zgr93x2hy1yuht1jhl2y2cv84m5lakm22yz7c3rvx68ps6zpo1aoh2obe0vs1crdjk/confusion_matrix_table.table.json","_latest_artifact_path":"wandb-client-artifact://wrnbeqqlonjxola6k0afzk6ky6zh9g6vvf70jv3i7dbqag6z0hz3k8gn5shkfi82uev86lmsc0k9aycajl4ame86i12h4rdbmjg2xghij05sv0totapn45dqosaq28hp:latest/confusion_matrix_table.table.json","path":"media/table/confusion_matrix_table_13_414a1bf76928345a44ae.table.json","ncols":3,"nrows":100},"train_loss":0.32118685403948777,"epoch":10,"val_loss":0.3605782859583771,"epoch_time":2.144284963607788,"_runtime":18.215931443,"_wandb":{"runtime":18},"Model Run history":{"train_acc":[0.7960185185185186,0.8499814814814814,0.8599814814814815,0.8669259259259259,0.8711851851851852,0.8752222222222222,0.8778703703703704,0.8809074074074074,0.8820555555555556,0.884962962962963],"val_loss":[0.4466273324445161,0.41850574351259934,0.39462298942126023,0.38541290041182663,0.3769127779257104,0.3703545725458647,0.36664538131053104,0.35511927278610184,0.36388350722224616,0.3605782859583771],"val_acc":[0.8398333333333333,0.8541666666666666,0.86,0.867,0.8708333333333333,0.8738333333333334,0.8718333333333333,0.8816666666666667,0.8676666666666667,0.8793333333333333],"train_loss":[0.5978707988034618,0.4243836190410496,0.39553355304007193,0.37495118355547935,0.3633046425767882,0.3490725453657266,0.3411489318523154,0.33444794587625515,0.3286666226735269,0.32118685403948777]},"train_accuracy":0.884962962962963,"val_accuracy":0.8793333333333333,"total_training_time":16.829508543014526,"_timestamp":1.7412426749846141e+09,"test_accuracy":0.8646,"_step":13}