{"train_accuracy":0.8851,"train_loss":0.31679572703795783,"total_training_time":19.606762409210205,"confusion_matrix":{"_type":"image-file","sha256":"0220ad2b611dc62191940b59cf31e38e740fd107c1f687f489a7d272ea7d95ba","size":59870,"path":"media/images/confusion_matrix_7_0220ad2b611dc6219194.png","format":"png","width":1000,"height":800},"test_accuracy":0.8588,"_step":7,"_wandb":{"runtime":20},"epoch":5,"val_accuracy":0.87,"_runtime":20.859256416,"epoch_time":3.795840263366699,"_timestamp":1.7409112736560376e+09,"val_loss":0.3501220654473936}