{"confusion_matrix_table":{"ncols":3,"nrows":100,"_type":"table-file","sha256":"dedbd69e0d327984597363a35f7a25f1053d48f820cd0eb347636e21c02709ee","size":2935,"artifact_path":"wandb-client-artifact://1b02w5ukj3f12lqiufw9pkva9wpq8y1q9ca71y7qq4zadca6u5cu5qeumthwmyhg9g7ymqf78u04n1pddqoe2u46xu88pw03fbb2njkgom845qmi2y80hfgfx73txo4y/confusion_matrix_table.table.json","_latest_artifact_path":"wandb-client-artifact://ii44wu7xx5gafdw2ea0zpjd9l1xtetqr166nqmkbofeaggf68ygeix3wx4hhz2juxjgvfxwfbp2i95ter70brrjt78cqzk9je9dr7e07krh13o1n6zp101tx99o5sxcw:latest/confusion_matrix_table.table.json","path":"media/table/confusion_matrix_table_8_dedbd69e0d3279845973.table.json"},"_timestamp":1.741205061401535e+09,"_wandb":{"runtime":30},"epoch_time":6.387560844421387,"train_accuracy":0.8753703703703704,"Model Run history":{"train_acc":[0.8165925925925926,0.8566851851851852,0.8646851851851852,0.8697407407407407,0.8753703703703704],"val_loss":[0.407720874879443,0.3638157672685873,0.35622831310258685,0.3783353231715062,0.33209388705595916],"val_acc":[0.8553333333333333,0.863,0.8691666666666666,0.8635,0.878],"train_loss":[0.5116011043242726,0.3979748838313784,0.3706881071263329,0.356694432381981,0.3441296532710651]},"test_accuracy":0.8691,"total_training_time":29.490556716918945,"epoch":5,"train_loss":0.3441296532710651,"val_accuracy":0.878,"val_loss":0.33209388705595916,"_step":8,"_runtime":30.538745836}