{"_runtime":21.100456279,"_timestamp":1.741240661719018e+09,"test_accuracy":0.8624,"total_training_time":19.867892026901245,"epoch_time":2.2410926818847656,"train_loss":0.2996799083198209,"epoch":10,"val_loss":0.365483035484216,"Model Run history":{"train_acc":[0.7926111111111112,0.8503703703703703,0.8632222222222222,0.8683333333333333,0.8742037037037037,0.8791296296296296,0.8811666666666667,0.8835,0.8872037037037037,0.8903148148148148],"val_loss":[0.4476066922786638,0.40567989041867053,0.39907578015131717,0.39781595925212293,0.3770032697258576,0.3666740520627909,0.399927325322388,0.3582611245329548,0.34991273931730804,0.365483035484216],"val_acc":[0.8453333333333334,0.8603333333333333,0.8573333333333333,0.8578333333333333,0.8695,0.8735,0.8573333333333333,0.8763333333333333,0.8793333333333333,0.8703333333333333],"train_loss":[0.6022782922079234,0.4243988662412343,0.386469848030871,0.3648235065384408,0.34650299702230736,0.33274458857886424,0.3257737463120271,0.3180791482468085,0.3085061903746989,0.2996799083198209]},"_wandb":{"runtime":21},"confusion_matrix_table":{"sha256":"2a043d21bb15ca0795f4a015a01a6bb09d04365d50892988575488619ae56d18","size":2934,"artifact_path":"wandb-client-artifact://n0dbhpx7nplbg1ov9ppbojnsnh3dw8bo4m3cb2fgpor07i7w54stnsjoe4j5hj0xh44jufg0afen5dnn0nnuu9a7qj21r2jsb3jrnukfgr8jwxpccwk121lnd0cpyx0e/confusion_matrix_table.table.json","_latest_artifact_path":"wandb-client-artifact://nxntzc01fxj7kx0eabxtzsy90b6m67cdzwypxm1ofdzxw9qi1sxttvmlgr4lkfl0437810xui4rhjov5xupko3zhhr2jz81dvzk2osa81ernttrykedbhhs3fk8zae19:latest/confusion_matrix_table.table.json","path":"media/table/confusion_matrix_table_13_2a043d21bb15ca0795f4.table.json","ncols":3,"nrows":100,"_type":"table-file"},"val_accuracy":0.8703333333333333,"_step":13,"train_accuracy":0.8903148148148148}