{"epoch":10,"total_training_time":24.333987712860107,"train_loss":0.3445230352852465,"val_loss":0.37643921009295167,"_step":13,"train_accuracy":0.8757222222222222,"epoch_time":1.4851279258728027,"Model Run history":{"val_acc":[0.8413333333333334,0.8453333333333334,0.864,0.8536666666666667,0.859,0.8586666666666667,0.8663333333333333,0.8426666666666667,0.8646666666666667,0.8655],"train_loss":[0.5378613315811726,0.4201259900793851,0.3946808879471937,0.37775991435654754,0.36389074413360084,0.3611303848825181,0.3536062202574865,0.3484928904841009,0.34381753468174564,0.3445230352852465],"train_acc":[0.8065925925925926,0.8476481481481482,0.8574259259259259,0.8628148148148148,0.8676851851851852,0.8694074074074074,0.8701481481481481,0.8724074074074074,0.8745925925925926,0.8757222222222222],"val_loss":[0.4431856736631649,0.42648721911387555,0.3904653200892676,0.3922491688835696,0.380247909774288,0.395152328156695,0.3620464234581756,0.4220756400840622,0.3689252906904436,0.37643921009295167]},"_runtime":25.358641415,"confusion_matrix_table":{"sha256":"f8a1b0a28ebe86f1ca5b3daaca5b947428ba8d33e42125085cb59c5570859e6f","size":2935,"artifact_path":"wandb-client-artifact://eb7sx7f7gyfy31kmsrnyihb0dnczty40h10e8836xmpnkl12xpkpdeg678l36md5hsdnvd7qoz6miys1vqc6xbr0xvhd98h1b74zyy2zpeiih4aculteps7fvse3xm8a/confusion_matrix_table.table.json","_latest_artifact_path":"wandb-client-artifact://3w5fkphqt871m79gqy3ga69r9a61drz1l1f64ikl2sxlhb88jw8aj6cleyx3mqjwqmutke9mhqpiikm6oehibdo7re8ddtu32u7yn82603xa5pmxvoq6h5470cxd0nyn:latest/confusion_matrix_table.table.json","path":"media/table/confusion_matrix_table_13_f8a1b0a28ebe86f1ca5b.table.json","ncols":3,"nrows":100,"_type":"table-file"},"_wandb":{"runtime":25},"val_accuracy":0.8655,"_timestamp":1.7412424011968718e+09,"test_accuracy":0.8562}