{"Model Run history":{"train_acc":[0.10959259259259259,0.10994444444444444,0.10903703703703704,0.10872222222222222,0.11074074074074074,0.10990740740740741,0.10868518518518519,0.11137037037037037,0.10903703703703704,0.10974074074074074],"val_loss":[2.303992840495989,2.303105188805401,2.3039139214153495,2.303940226346595,2.304916908843648,2.3048359086086063,2.302984141563121,2.303055527669119,2.3041885193866873,2.301894965055285],"val_acc":[0.10516666666666667,0.10516666666666667,0.10516666666666667,0.10516666666666667,0.10516666666666667,0.105,0.10516666666666667,0.10516666666666667,0.0995,0.10516666666666667],"train_loss":[2.3026394200242404,2.302707060845562,2.3024726392756314,2.3026755910571857,2.3024499121311526,2.302538773050795,2.3027630707137967,2.3027320727685887,2.3026442210614597,2.3027444955593355]},"_step":13,"epoch":10,"_runtime":20.457051784,"epoch_time":1.6607868671417236,"_wandb":{"runtime":20},"val_loss":2.301894965055285,"train_loss":2.3027444955593355,"confusion_matrix_table":{"path":"media/table/confusion_matrix_table_13_2b35394379a5c5204b1f.table.json","ncols":3,"nrows":100,"_type":"table-file","sha256":"2b35394379a5c5204b1fe26e6cc5b44a352795caeb30c2a6807321008b711fd8","size":1787,"artifact_path":"wandb-client-artifact://rc5zttg0naeh87yjyfon0g9o8lettbh0wmc2e6i98l81oqkukxy0lg3kpi3wv7v85inarjioio020dw1si4r9qkkzzzllap2sce47zmg1h70mgesc51b8srpyaq0nakr/confusion_matrix_table.table.json","_latest_artifact_path":"wandb-client-artifact://s4sp0okxm2fvay3wg9niuk5skvo3lllbtxhpmsxdzupqwumicypyzd12zp3eiqb3s353lpxpyqfcvb9z6oureisqhd5zxl8rg29cgo3wu468fwartiono2v9tq3i2ug2:latest/confusion_matrix_table.table.json"},"val_accuracy":0.10516666666666667,"total_training_time":19.222435474395752,"test_accuracy":0.1135,"train_accuracy":0.10974074074074074,"_timestamp":1.7422135091682947e+09}