{"_runtime":4.10069423,"_step":4,"confusion_matrix":{"width":1000,"height":800,"_type":"image-file","sha256":"f786ef22ed63a099cb8a71c47839474a58284ee37cfc9de5243497378fdc7ea5","size":61166,"path":"media/images/confusion_matrix_4_f786ef22ed63a099cb8a.png","format":"png"},"epoch":2,"test_accuracy":0.8442,"train_loss":0.41281713493746597,"val_loss":0.3902637645225125,"val_accuracy":0.8631666666666666,"train_accuracy":0.8518148148148148,"total_training_time":2.9441845417022705,"_timestamp":1.7410057019467468e+09,"_wandb":{"runtime":4},"epoch_time":1.4475464820861816}