{"val_accuracy":0.8473333333333334,"epoch":5,"train_accuracy":0.8341666666666666,"_timestamp":1.7411930620483768e+09,"val_loss":0.4325269441606022,"_runtime":95.882923609,"test_accuracy":0.8374,"_step":8,"confusion_matrix_table":{"artifact_path":"wandb-client-artifact://krydkqjuteb7ql93b4mm2i0hh2zoz21uivci24oi1q45zer4v69pccunqj66d9b9wyzx4a3jik6iue2u4vb63npzet6de81xjnbo2b64tbpguzggs14cjd6d1n0nzl79/confusion_matrix_table.table.json","_latest_artifact_path":"wandb-client-artifact://0vj5vrvvqqokbmjxe371azwattm7p7nooduc60l0xl55xzzdtg892iz00pzdhhcvszcdnrjxs0fhaqpt1ayf7igw02t66qpl00satw5bhl49kq5msur69t07dd5fzv1x:latest/confusion_matrix_table.table.json","path":"media/table/confusion_matrix_table_8_1bdbed485900f0af0834.table.json","ncols":3,"nrows":100,"_type":"table-file","sha256":"1bdbed485900f0af08349893ba716e11ec51741b2bd985298d6d78e9a3099b9c","size":2934},"epoch_time":16.534401655197144,"_wandb":{"runtime":95},"total_training_time":93.53167414665222,"Model Run history":{"val_loss":[0.5020253864272316,0.43386285099640043,0.5085436923205133,0.4333540453475948,0.4325269441606022],"val_acc":[0.8216666666666667,0.8458333333333333,0.817,0.8461666666666666,0.8473333333333334],"train_loss":[0.6413731099946329,0.48754988663992427,0.48244505405791616,0.4763497487018252,0.47317565672388423],"train_acc":[0.8059074074074074,0.8297962962962963,0.8319444444444445,0.8332222222222222,0.8341666666666666]},"train_loss":0.47317565672388423}