{"train_loss":0.08112471938906483,"epoch_time":1.604600429534912,"_runtime":18.053665208,"test_accuracy":0.9676,"val_loss":0.10683775739472287,"_step":13,"epoch":10,"total_training_time":17.028667211532593,"_timestamp":1.7422139669606142e+09,"val_accuracy":0.9658333333333333,"Model Run history":{"val_acc":[0.9375,0.9536666666666667,0.9536666666666667,0.9561666666666667,0.959,0.9641666666666666,0.9583333333333334,0.967,0.9618333333333333,0.9658333333333333],"train_loss":[0.3328297595741675,0.17337754591299573,0.13788509124570988,0.12027719649290743,0.10739044345040953,0.10045207832598196,0.09306033303196694,0.08703708435096552,0.08217311950569693,0.08112471938906483],"train_acc":[0.8997407407407407,0.9499074074074074,0.9606481481481481,0.9639629629629629,0.9674444444444444,0.9699074074074074,0.9719814814814814,0.9738888888888889,0.9749444444444444,0.9760185185185185],"val_loss":[0.21295812207289452,0.14969620946454576,0.1529822238367838,0.1409074383577781,0.1280280579002574,0.11797013816689254,0.1269976201226977,0.1053331109894745,0.1176923788562513,0.10683775739472287]},"train_accuracy":0.9760185185185185,"_wandb":{"runtime":18},"confusion_matrix_table":{"artifact_path":"wandb-client-artifact://uli2ach193rii8plqk6oj26ilkic2ju7qj7p5b870vqjuxw1n4bfj9dq8vrd4if0m8tvby98tfrtod56zlcqcuja5k6uvoma91d4hfuwybig6mkwjbmp2zby6s20hb25/confusion_matrix_table.table.json","_latest_artifact_path":"wandb-client-artifact://mb2f4dfvn04e6k9yxvbqyyxc8tx5dz8r9y1ecpmcgjf285ssemzvp33mmia4kjb95rcnfifmgaeiq3uldsy20yn1yjpihq04d8c2vjy9kmp14ileozfuwgjrvjsq8d0h:latest/confusion_matrix_table.table.json","path":"media/table/confusion_matrix_table_13_1ff22aecc71085464153.table.json","ncols":3,"nrows":100,"_type":"table-file","sha256":"1ff22aecc710854641536cde31695aa57986449f3f13b2cfeafae4f84d820055","size":1793}}