{"test_accuracy":0.8782,"Model Run history":{"val_loss":[0.41764561722164706,0.37911769676877344,0.37242404913231886,0.3384562349845831,0.3397865643633983,0.32056233315027505,0.317223880421898,0.3330758181449784,0.3165677435857699,0.3202338725992007,0.3372682359941634,0.3073387772913883,0.305642236054078,0.2917288468205345,0.29702779148791486,0.29220667812403234,0.2976422536061082,0.30403175246162123,0.2901661472356,0.2951952774847728,0.2917724198799034,0.3045228624492069,0.3241895137893194,0.29552054157193486,0.31631296586134844,0.31060666796142267,0.31938250132949897,0.29750388415857576,0.2983867469855887,0.3150192966032896,0.31792335897981805,0.2888000500236628,0.30594451779534654,0.30750459053863827,0.30511094168454284,0.29718587410341685,0.29651164376248035,0.2822892684533397,0.30025005078930805,0.32768655842687],"val_acc":[0.8421666666666666,0.8643333333333333,0.8618333333333333,0.8728333333333333,0.8746666666666667,0.8793333333333333,0.8868333333333334,0.8756666666666667,0.883,0.884,0.8726666666666667,0.8846666666666667,0.8875,0.8905,0.8918333333333334,0.892,0.888,0.8853333333333333,0.8903333333333333,0.8928333333333334,0.8918333333333334,0.888,0.8885,0.894,0.8926666666666667,0.89,0.8838333333333334,0.8945,0.8955,0.8881666666666667,0.8928333333333334,0.8955,0.8871666666666667,0.8905,0.8933333333333333,0.8966666666666666,0.8996666666666666,0.901,0.898,0.88],"train_loss":[0.5291802159940607,0.3838852492884464,0.3479154465947012,0.32467516169216354,0.3109743711830588,0.297247697396659,0.2872102693966557,0.2783761647716821,0.2722605372824428,0.2636256055395519,0.2581559437739822,0.2528167363630391,0.24785159854966674,0.24348963328566142,0.23851166347934094,0.23681101184737013,0.23357096589881662,0.22713705628196323,0.2244290138432488,0.22049508272280968,0.2174282092235347,0.21624582108194448,0.2147433865308663,0.21221031024314682,0.2065661117784982,0.20634814251097225,0.20514330513662557,0.19906710099921968,0.20174536988118333,0.19822235571731767,0.19542961634320488,0.19395368158356574,0.1922124478701276,0.19305023142823868,0.19181678024836116,0.188580526513239,0.18405286351626227,0.1869418020267251,0.18180127947762362,0.1818606938303204],"train_acc":[0.8115740740740741,0.8620185185185185,0.8735,0.8826666666666667,0.8852592592592593,0.891,0.8941851851851852,0.8975925925925926,0.8983518518518518,0.9014629629629629,0.9046111111111111,0.9057592592592593,0.9077037037037037,0.9107592592592593,0.9116111111111111,0.9122037037037037,0.9130370370370371,0.9160925925925926,0.9173148148148148,0.9182777777777777,0.9197222222222222,0.9197407407407407,0.921074074074074,0.9217407407407407,0.9240925925925926,0.9233333333333333,0.923037037037037,0.9259074074074074,0.9244629629629629,0.9265925925925926,0.9259814814814815,0.9280925925925926,0.9284444444444444,0.9285555555555556,0.9288703703703703,0.9310925925925926,0.9308333333333333,0.9307962962962963,0.9322222222222222,0.9322592592592592]},"total_training_time":163.1748468875885,"epoch_time":3.8234410285949707,"_step":43,"train_loss":0.1818606938303204,"_wandb":{"runtime":164},"val_accuracy":0.88,"train_accuracy":0.9322592592592592,"_runtime":164.309131072,"_timestamp":1.7413510665190337e+09,"epoch":40,"val_loss":0.32768655842687,"confusion_matrix_table":{"sha256":"b97dc8742f31c466bf95e00a5e476bfa912610c227fde6ea000b7f24dc734376","size":2931,"artifact_path":"wandb-client-artifact://ky5nf52mogqvuna2o7uxnven0o2ihjpaftwxgylrtn1r13ijgduppm76wwvenex06ysw6ime4gj5i9bggr8onc4k39s4i28ww9e3kh6drs8gylvzobxq4arrz2oxrpzh/confusion_matrix_table.table.json","_latest_artifact_path":"wandb-client-artifact://zhlgfu2fnr843p5s3ap6wrpiym4tqzf1wkl532t2w4x0gdjyoepj3yw1gy5oem7ct8sm2dnwtzex6w25tp0k05kn80k7o0accpmir4r1opkqzlxixsv7f7luz3felutg:latest/confusion_matrix_table.table.json","path":"media/table/confusion_matrix_table_43_b97dc8742f31c466bf95.table.json","ncols":3,"nrows":100,"_type":"table-file"}}