{"val_accuracy":0.876,"confusion_matrix_table":{"nrows":100,"_type":"table-file","sha256":"4016b3fa2b5013b7b3eab6e7ebaeb4bd885d87db310674c150ceb291b475eedc","size":2932,"artifact_path":"wandb-client-artifact://aw073uefota09xn0j9ma0z9trej1vd1w0fjj1yl5dvzg7pqq5j18olexg3trnstwsfzjvy0k2240buyf9oy09jakak8xud65kx3yrz9x7qn81iiilh1dewxen510vak3/confusion_matrix_table.table.json","_latest_artifact_path":"wandb-client-artifact://dw9prieojmgm78epar5m3ver3y1jbotnatgfzlcrbsv37mc6qfddbi094i5n38zxsjzmtusakzqdjhli6q2j3p604axwmrk0mvukqv3djvts93aqcky4quhiz6bg2gnz:latest/confusion_matrix_table.table.json","path":"media/table/confusion_matrix_table_13_4016b3fa2b5013b7b3ea.table.json","ncols":3},"total_training_time":17.52607750892639,"_timestamp":1.7412426052773323e+09,"_wandb":{"runtime":18},"test_accuracy":0.8665,"epoch_time":1.8412435054779053,"_step":13,"train_accuracy":0.8858888888888888,"epoch":10,"val_loss":0.35151109572962347,"Model Run history":{"val_acc":[0.8398333333333333,0.8533333333333334,0.8608333333333333,0.862,0.8676666666666667,0.8733333333333333,0.8701666666666666,0.865,0.8706666666666667,0.876],"train_loss":[0.5896736855140131,0.4230580933372705,0.3873202653653769,0.3667817174508575,0.3534591467359254,0.3432303290256693,0.32995427046779024,0.32723715745897997,0.31680221091754684,0.3145050709405417],"train_acc":[0.793537037037037,0.8515,0.8616481481481482,0.8674074074074074,0.8735555555555555,0.8762407407407408,0.880962962962963,0.8806666666666667,0.8849444444444444,0.8858888888888888],"val_loss":[0.44536894043525005,0.4169800970257469,0.390875766320568,0.3969524763234987,0.37490927664523266,0.3593279306968966,0.35726670374435904,0.3783278232453179,0.3660859406146207,0.35151109572962347]},"_runtime":18.583066022,"train_loss":0.3145050709405417}