{"Model Run history":{"val_loss":[0.3316515653474412,0.257097122891662,0.22594001116170062,0.19651096124341014,0.18654583318801568,0.17017216925146814,0.16246832100890252,0.15545439252274973,0.14898885846389173,0.14855043387716804],"val_acc":[0.906,0.9235,0.9351666666666667,0.943,0.9458333333333333,0.9505,0.9526666666666667,0.953,0.9558333333333333,0.9561666666666667],"train_loss":[0.5273728848931047,0.2858495896872277,0.23515140407132604,0.20594632190964898,0.18590602389376049,0.1707581937230888,0.15826614789346366,0.1480917015585577,0.1395872114088511,0.1321375538161309],"train_acc":[0.8632407407407408,0.9201481481481482,0.9344259259259259,0.9427777777777778,0.9477407407407408,0.9522037037037037,0.9566296296296296,0.9595,0.9618518518518518,0.9637592592592592]},"val_loss":0.14855043387716804,"train_accuracy":0.9637592592592592,"_runtime":20.397409694,"_wandb":{"runtime":20},"total_training_time":19.151527404785156,"train_loss":0.1321375538161309,"_timestamp":1.7422147422722795e+09,"confusion_matrix_table":{"nrows":100,"_type":"table-file","sha256":"07897308def9c0352538d49c4ca14b4c0d77c4cf0e8176bca6ab27d93d20164c","size":1800,"artifact_path":"wandb-client-artifact://zui3wx6lm97ekhyt8vo39hgos8xxbtl307kpulxln98vae6spy1407tdpwms7oou0wal25ba1c67sfcvwrmzwvuui83rqmc4ftldu5oc0ym61ogq5wnnibxbfiox613k/confusion_matrix_table.table.json","_latest_artifact_path":"wandb-client-artifact://cok2wi311gweakvt8nrx78a7vbxtpdy8gc0wf1jt2o0cqwcnxbx6rg4o1poawg0tm6rpdpv4u2k1c9bwm8f0vv77hia7wl3qe9bc5bpumbip2nj7vytcpw0jj4qbmu70:latest/confusion_matrix_table.table.json","path":"media/table/confusion_matrix_table_13_07897308def9c0352538.table.json","ncols":3},"epoch_time":1.7239482402801514,"_step":13,"val_accuracy":0.9561666666666667,"epoch":10,"test_accuracy":0.9553}