{"val_accuracy":0.852,"_runtime":16.254426464,"epoch":10,"_wandb":{"runtime":16},"confusion_matrix_table":{"path":"media/table/confusion_matrix_table_13_db7c32fb16cdf915faa0.table.json","ncols":3,"nrows":100,"_type":"table-file","sha256":"db7c32fb16cdf915faa0b290cc9ebdd8aa12cc853e6820685ca5759e399bac28","size":2939,"artifact_path":"wandb-client-artifact://ygg5uha0hbznm6gk79vjokbpun1ydciga7cfsz4542lq1in3qbyu8smnzxmdomqktjbpr4x2jo2toinyqezw2ldn7b9u7u0lm9wvwqtev1ecvhvb91b28r378a6rc3c8/confusion_matrix_table.table.json","_latest_artifact_path":"wandb-client-artifact://1t6m27a6058fyn48a0f93nlivvhuaovvz1mtbywcjpu8mbe3bnht4vs6v86j4qdna57pdsryluykwnnrmqi55lspdtml3dqugzrngduzn2yaavsivav3vmts3tovnag0:latest/confusion_matrix_table.table.json"},"test_accuracy":0.8433,"train_accuracy":0.8601851851851852,"total_training_time":15.022212028503418,"_step":13,"val_loss":0.40900661401484867,"epoch_time":1.6549255847930908,"Model Run history":{"val_acc":[0.7865,0.8131666666666667,0.8255,0.8335,0.8356666666666667,0.8391666666666666,0.8435,0.8466666666666667,0.8523333333333334,0.852],"train_loss":[0.8781804777348864,0.5878505575475066,0.5155336553713943,0.4792472901762016,0.4557944534575751,0.43900547752298774,0.42630289940117244,0.41557963290538935,0.4065347357218996,0.39860112026977895],"train_acc":[0.7182962962962963,0.8054629629629629,0.8257962962962963,0.8353148148148148,0.8415925925925926,0.8470185185185185,0.8507962962962963,0.8538333333333333,0.8560740740740741,0.8601851851851852],"val_loss":[0.6510658551071382,0.5452463661716707,0.495607229242681,0.4682423042961138,0.45116988222433063,0.4454409076760551,0.43181797334344535,0.4174208213432225,0.4118129574641629,0.40900661401484867]},"train_loss":0.39860112026977895,"_timestamp":1.741240316452442e+09}