{"_step":8,"test_accuracy":0.8641,"_timestamp":1.74119525798015e+09,"epoch_time":8.073550939559937,"_wandb":{"runtime":38},"val_loss":0.35495714924354815,"Model Run history":{"train_acc":[0.8132592592592592,0.8528148148148148,0.8622962962962963,0.8672222222222222,0.8719259259259259],"val_loss":[0.43209953165070325,0.4696484366369249,0.3594389243590184,0.3531897512621526,0.35495714924354815],"val_acc":[0.8413333333333334,0.8358333333333333,0.8651666666666666,0.8746666666666667,0.873],"train_loss":[0.5194920501616248,0.4104308945873836,0.38282675945814676,0.3668608819264858,0.3525645560152306]},"_runtime":38.68093118,"confusion_matrix_table":{"path":"media/table/confusion_matrix_table_8_c527bf9041f85ad004ed.table.json","ncols":3,"nrows":100,"_type":"table-file","sha256":"c527bf9041f85ad004edb7755dd84b17e85f984a4b1911a60ed674aadee4a9f2","size":2929,"artifact_path":"wandb-client-artifact://r8iauq2xxl189vhs6i5fy7qwkfc9vxwotcukioj2vo98qwuvyon5q58iweus7kzl85bfg49414kktz8mkkny1lneymedqrr3sijoyhhaxnrxgg4yajyhb9lafvidhdqk/confusion_matrix_table.table.json","_latest_artifact_path":"wandb-client-artifact://zmvnq2ut1ncpa7js84s4busrz3undeb1lbxgmmx9d8ujlry0r33tjrblu2kiy1wd7qvok6oiy0lvpb9dls8xpw8oiof6tm049nbpeb5sl3cxx7im40k7cw6ai43zgfqa:latest/confusion_matrix_table.table.json"},"total_training_time":37.285324811935425,"val_accuracy":0.873,"epoch":5,"train_accuracy":0.8719259259259259,"train_loss":0.3525645560152306}