{"val_loss":0.36553026402147937,"test_accuracy":0.8544,"train_loss":0.35741822670130513,"epoch_time":7.995103120803833,"_step":4,"train_accuracy":0.8686111111111111,"epoch":2,"val_accuracy":0.8595,"_runtime":17.153582986,"_timestamp":1.7410059080940142e+09,"total_training_time":15.829801797866821,"_wandb":{"runtime":17},"confusion_matrix":{"path":"media/images/confusion_matrix_4_87259a822b2b86e92169.png","format":"png","width":1000,"height":800,"_type":"image-file","sha256":"87259a822b2b86e9216950ef05b37e099d81d3ce3fe11b9ffc25129a9f1af1ad","size":59950}}