{"confusion_matrix":{"path":"media/images/confusion_matrix_4_ffad32d884fcfb6ca44f.png","format":"png","width":1000,"height":800,"_type":"image-file","sha256":"ffad32d884fcfb6ca44fbff57e58669229678011ec9ac62fe32b0ea969cc8331","size":60784},"val_loss":0.4606557053487268,"train_accuracy":0.8492222222222222,"epoch_time":4.611536026000977,"test_accuracy":0.8335,"epoch":2,"val_accuracy":0.84,"train_loss":0.4151040071206919,"_timestamp":1.741006279141321e+09,"_step":4,"_wandb":{"runtime":10},"_runtime":10.543727641,"total_training_time":9.282163619995117}