{"train_loss":0.4154361255090152,"_timestamp":1.7410057130501316e+09,"confusion_matrix":{"size":60661,"path":"media/images/confusion_matrix_4_c3b153ab11ec02a34f4c.png","format":"png","width":1000,"height":800,"_type":"image-file","sha256":"c3b153ab11ec02a34f4c41fbb167305d2fa17ca9a6de5dd551899257b1d84128"},"_wandb":{"runtime":4},"train_accuracy":0.8507962962962963,"epoch":2,"epoch_time":1.4979829788208008,"_step":4,"test_accuracy":0.8456,"val_loss":0.3983671908608099,"val_accuracy":0.8606666666666667,"total_training_time":3.063911199569702,"_runtime":4.225681632}