{"_step":6,"epoch":5,"train_loss":0.7487316140307121,"test_accuracy":0.7421,"val_acc":0.7573,"_timestamp":1.7406830091556387e+09,"_wandb":{"runtime":15},"sample_predictions":{"_type":"image-file","sha256":"aa883b2bcdc20f37e71383b434b26f1c28d93c8a7ba823110fda7352e06d4781","size":21262,"path":"media/images/sample_predictions_6_aa883b2bcdc20f37e713.png","format":"png","width":1200,"height":300},"val_loss":8.382561031044823,"_runtime":15.334996143,"train_acc":0.75842}