{"_wandb":{"runtime":17},"_step":12,"_runtime":17.715129628,"confusion_matrix":{"size":48048,"path":"media/images/confusion_matrix_12_d718fd620d48d3de254b.png","format":"png","width":1000,"height":800,"_type":"image-file","sha256":"d718fd620d48d3de254bd7d6b123b64f2097c537aec1fda468eee27dd764429b"},"val_loss":2.303002546240252,"total_training_time":16.580262184143066,"epoch_time":1.3358614444732666,"val_accuracy":0.0955,"test_accuracy":0.1,"train_accuracy":0.10022,"train_loss":2.3033216811134163,"_timestamp":1.740907276930047e+09,"epoch":10}