{"val_accuracy":0.852,"_timestamp":1.7412040970239644e+09,"epoch":10,"epoch_time":5.129388093948364,"train_loss":0.42286667580313747,"Model Run history":{"val_acc":[0.8211666666666667,0.832,0.8376666666666667,0.8386666666666667,0.8431666666666666,0.8386666666666667,0.8365,0.8445,0.8483333333333334,0.852],"train_loss":[0.6886021605210864,0.5099605777772234,0.47771283361696637,0.4602817455822574,0.4422438748585613,0.43942687908935796,0.4326218353943716,0.42719274697515786,0.4252340065848116,0.42286667580313747],"train_acc":[0.7502222222222222,0.8208518518518518,0.8325370370370371,0.8384814814814815,0.8453888888888889,0.8449444444444445,0.8482592592592593,0.8488148148148148,0.8504259259259259,0.8517777777777777],"val_loss":[0.4935815809710904,0.4644985605689373,0.4443844963293673,0.4384859008266219,0.4250648758202923,0.45206651768655587,0.4531500874068788,0.43063770008338664,0.424162717802381,0.4176280168020972]},"train_accuracy":0.8517777777777777,"test_accuracy":0.8417,"_step":13,"confusion_matrix_table":{"nrows":100,"_type":"table-file","sha256":"27f3d303f0934d06efb2c7407bb76b7e066af3da613e47b4e9ecfc60fc02d298","size":2936,"artifact_path":"wandb-client-artifact://xk9zkdl05s8vrs3ykqgm7vf4cvkt4gl3epkpbcmrcf003bg3bcuk2w4ggoyxwqhyboa51pujthybe63pnmkqcypwuwnouhlel5cj0qaorn4cmx0rls5e6wwyasyv15fu/confusion_matrix_table.table.json","_latest_artifact_path":"wandb-client-artifact://wa1bhqjshr6mhuqbv2fif8b5xitqwt789i67m5guf11i9zm9nmjyl90ct46ptzgmy4ecpzhkrad7xu1ds1gchw9muwqwl67ho7uwjwbvkp6vdjd4xryq0hwhlfb6gmfg:latest/confusion_matrix_table.table.json","path":"media/table/confusion_matrix_table_13_27f3d303f0934d06efb2.table.json","ncols":3},"total_training_time":48.41621375083923,"_wandb":{"runtime":49},"val_loss":0.4176280168020972,"_runtime":49.648708157}