{"_wandb":{"runtime":19},"epoch":10,"test_accuracy":0.1,"epoch_time":1.9484446048736572,"train_loss":2.305306319825749,"val_accuracy":0.0968,"train_accuracy":0.10064,"val_loss":2.3028437155882315,"_step":12,"_runtime":19.707857367,"total_training_time":18.57907009124756,"_timestamp":1.7409072523527284e+09,"confusion_matrix":{"_type":"image-file","sha256":"0fe066c8fdb923cdb97cee6773f03e55aa7aef3c5f5bf29b9990bb39b0849e2d","size":47739,"path":"media/images/confusion_matrix_12_0fe066c8fdb923cdb97c.png","format":"png","width":1000,"height":800}}