{"_wandb":{"runtime":32},"train_accuracy":0.8936111111111111,"confusion_matrix_table":{"_latest_artifact_path":"wandb-client-artifact://s4mjnm0h5083w8io20bb2jl483ummc1pruszmd0lefbf7pp087cd0sxj24tq1d95wri8mq7no47oqjcbs1z93y13dvrsxtcw1vw1eqcwygepk808e5uxbdhgsxjxnuin:latest/confusion_matrix_table.table.json","path":"media/table/confusion_matrix_table_13_828fac3ddd018d255804.table.json","ncols":3,"nrows":100,"_type":"table-file","sha256":"828fac3ddd018d2558046f194a515455c8cf3e4e0d9e2ac369b077e1addd4bfa","size":2931,"artifact_path":"wandb-client-artifact://m0budpo6i5xzmhkz36ywvt6dtjvuo2a8mlpwj5137b3rjet3j6tak6kjqdqkewa1tliujtivx4a819migysva42fz8m7ftd0txdlszxtwzis9f9j3pd9ov4rkiooxjcl/confusion_matrix_table.table.json"},"val_accuracy":0.8775,"train_loss":0.2866107193136852,"epoch_time":3.5548548698425293,"_step":13,"epoch":10,"_runtime":32.72860184,"_timestamp":1.7412408787189848e+09,"val_loss":0.3542154408241237,"total_training_time":31.44654941558838,"Model Run history":{"train_acc":[0.8069259259259259,0.8534814814814815,0.8640555555555556,0.8729444444444444,0.8765925925925926,0.8810740740740741,0.8849074074074074,0.8878148148148148,0.8904814814814814,0.8936111111111111],"val_loss":[0.43824323106016033,0.40807407806807666,0.3944634018753212,0.3727265621374072,0.3617940817131996,0.34795712711128757,0.3662542306159939,0.35810600945439486,0.38376195136867197,0.3542154408241237],"val_acc":[0.8423333333333334,0.8513333333333334,0.8578333333333333,0.8691666666666666,0.873,0.8768333333333334,0.8751666666666666,0.879,0.863,0.8775],"train_loss":[0.5572442786063627,0.41123232247686725,0.37515935600342426,0.3509105606137884,0.33519613586457103,0.3215916815570295,0.31014553126970207,0.3005372641295772,0.2936942592943221,0.2866107193136852]},"test_accuracy":0.8692}