{"train_loss":0.450160494484023,"total_training_time":165.88861322402954,"_timestamp":1.7411939560210755e+09,"_step":13,"Model Run history":{"train_acc":[0.786074074074074,0.8227962962962962,0.8298518518518518,0.8342592592592593,0.8370185185185185,0.838574074074074,0.8404444444444444,0.8421666666666666,0.8428148148148148,0.8434074074074074],"val_loss":[0.4694917422677965,0.5119525353477372,0.45847478826357735,0.44038304322368443,0.43371500905159893,0.46598788207725367,0.5210807605735467,0.5044640651266895,0.48354070838146856,0.41288372366480897],"val_acc":[0.8305,0.821,0.8375,0.8388333333333333,0.8443333333333334,0.8298333333333333,0.8211666666666667,0.8246666666666667,0.832,0.8563333333333333],"train_loss":[0.6269306075683889,0.5074669825713929,0.48368601974858805,0.47320810888481174,0.4674800799859483,0.4619821935554701,0.45689393621444746,0.4517329744223463,0.4515266294661205,0.450160494484023]},"confusion_matrix_table":{"artifact_path":"wandb-client-artifact://m1mjss0u3pf093x14zk8nyky8evty2l11n6qnmcxg2ztlpyuy6jcm5zrapmlg7dctzp6bm5jpnphbv5gicgft9erd1kqa8ae2v67ahojvsj0vsdta61l2x47zdho4x2n/confusion_matrix_table.table.json","_latest_artifact_path":"wandb-client-artifact://qlwrietrqkd3s2rfyvzphyzm1ypenwtue750104236cmtoj3nio8fe4uktzzd6rrltq52ly5b9t3ivqfrz6u4127u54ed848wr9d90k3lacj9axlr4m1o22oyj13sck3:latest/confusion_matrix_table.table.json","path":"media/table/confusion_matrix_table_13_d26f03d9ecf0448ce870.table.json","ncols":3,"nrows":100,"_type":"table-file","sha256":"d26f03d9ecf0448ce870e94414e6914d90e3a346e30c4707b68c6f77bae90ef3","size":2935},"val_loss":0.41288372366480897,"_runtime":167.258371913,"train_accuracy":0.8434074074074074,"test_accuracy":0.8462,"val_accuracy":0.8563333333333333,"epoch":10,"epoch_time":15.90568470954895,"_wandb":{"runtime":167}}