{"epoch":2,"val_accuracy":0.8338333333333333,"_wandb":{"runtime":103},"_step":5,"train_loss":0.4683609024748467,"_runtime":103.916739902,"epoch_time":55.01293230056763,"Model Run history":{"val_acc":[0.8303333333333334,0.8338333333333333],"train_loss":[0.5599133286754844,0.4683609024748467],"train_acc":[0.8036666666666666,0.8338888888888889],"val_loss":[0.4778634990359554,0.4664088956333771]},"confusion_matrix_table":{"artifact_path":"wandb-client-artifact://ikbb6alo7f687pdudzveu6y2tgyts7c8cc3cdx5poj1pfynpij41e1ok5hpmgerms3mgmez2kuosya1hcisuhsmjfyoi2v8fx6zak9yamll0rwih83675wb7htpeftsa/confusion_matrix_table.table.json","_latest_artifact_path":"wandb-client-artifact://y8utk0qon93pr64wda0c0b8hk61vphdynxfomog6ecnjuu112cgs50kf4344lve8g73ppmc81mdieu0e93dbnc1h254ogls8rwg7k77y47blkaeoamnu1qsg982knhor:latest/confusion_matrix_table.table.json","path":"media/table/confusion_matrix_table_5_0336289d15a6cc817b11.table.json","ncols":3,"nrows":100,"_type":"table-file","sha256":"0336289d15a6cc817b11a83afa17a45ee40f226522d9f983f7dfb864293d92c9","size":2933},"val_loss":0.4664088956333771,"total_training_time":102.66416931152344,"test_accuracy":0.8258,"train_accuracy":0.8338888888888889,"_timestamp":1.7411695988241513e+09}