{"_wandb":{"runtime":5},"_runtime":5.380551479,"_step":4,"val_accuracy":0.8736666666666667,"train_loss":0.3802895223434147,"train_accuracy":0.8626296296296296,"total_training_time":4.188500881195068,"_timestamp":1.7410056225552547e+09,"epoch":2,"epoch_time":2.122379779815674,"confusion_matrix":{"sha256":"780e8d42804e7ea0344fa51ad1fda9ca125ed422f23dec5f43bce8bdc133d7f9","size":60255,"path":"media/images/confusion_matrix_4_780e8d42804e7ea0344f.png","format":"png","width":1000,"height":800,"_type":"image-file"},"val_loss":0.3561173334293111,"test_accuracy":0.8632}