{"_timestamp":1.741341059243748e+09,"val_accuracy":0.8768333333333334,"val_loss":0.3497427698762831,"Model Run history":{"val_loss":[0.5230900507367332,0.4626028216758239,0.49094338221644124,0.42808786426279655,0.41714539163180975,0.40334370717002516,0.3970826074664448,0.4067968921793528,0.4000550486662425,0.37743759298431084,0.4409363610359074,0.36382325346358596,0.4125307992961847,0.36521151120486683,0.37449246119997853,0.41105930010582875,0.36240185371449274,0.38261794649976066,0.36541779179449446,0.4194795473988373,0.35947109484833356,0.3834439676329115,0.34983850137348954,0.3794528318242247,0.39439053785005135,0.3535315054021623,0.37045652087141073,0.36192571112341976,0.4018694877698723,0.4229261414543772,0.41850379257314996,0.3666350359730294,0.3661854070476334,0.41478806219455017,0.3649610528108099,0.3497413572950003,0.36728763219948724,0.3767767302264803,0.33574689756868636,0.3497427698762831],"val_acc":[0.822,0.8323333333333334,0.8251666666666667,0.8435,0.8511666666666666,0.8546666666666667,0.86,0.855,0.8571666666666666,0.8655,0.8373333333333334,0.8718333333333333,0.8545,0.872,0.8673333333333333,0.8543333333333333,0.871,0.8636666666666667,0.8691666666666666,0.8425,0.8748333333333334,0.863,0.8778333333333334,0.8615,0.8545,0.8725,0.8646666666666667,0.8723333333333333,0.8516666666666667,0.8525,0.85,0.8678333333333333,0.8731666666666666,0.8476666666666667,0.8655,0.8783333333333333,0.8668333333333333,0.8611666666666666,0.8831666666666667,0.8768333333333334],"train_loss":[0.7605093508569117,0.5405107008246471,0.49279163109843727,0.4644860844097691,0.4439192017275763,0.4292084304551443,0.41788725506228486,0.4087143681846225,0.40102145720939714,0.39395134423519235,0.3885202936870121,0.3827455226585382,0.3794532229136986,0.3745603360299329,0.37173422645947835,0.36704623693639965,0.36457244625271124,0.3607922285861754,0.3597861217466845,0.35731620864542757,0.3547261648025529,0.3536319100706288,0.35174827174836043,0.35019952698263607,0.3476881231359805,0.34593302654067304,0.34265132962070655,0.34206138297819033,0.3410796331647306,0.3395923729458052,0.3382595058787749,0.33618895927595194,0.3367485472781583,0.335066606362061,0.33284822645363404,0.33151896355910665,0.3305468077942353,0.3299754974551259,0.32944455893894703,0.32768195319399473],"train_acc":[0.7650185185185185,0.8342592592592593,0.8452777777777778,0.8533333333333334,0.8583703703703703,0.8618518518518519,0.8652777777777778,0.8658703703703704,0.8684074074074074,0.8687962962962963,0.8704444444444445,0.8719629629629629,0.8721481481481481,0.8725740740740741,0.8724814814814815,0.8753703703703704,0.8752962962962964,0.8775,0.8765185185185185,0.8768333333333334,0.8787777777777778,0.8782037037037037,0.8786851851851852,0.8794814814814815,0.8813703703703704,0.8803703703703704,0.8830925925925925,0.8821111111111111,0.8831296296296296,0.8839074074074074,0.883425925925926,0.8852592592592593,0.883462962962963,0.8836296296296297,0.8853888888888889,0.8862407407407408,0.886,0.8865555555555555,0.8869444444444444,0.8869444444444444]},"total_training_time":177.4802644252777,"epoch_time":3.8988571166992188,"_wandb":{"runtime":178},"_step":43,"test_accuracy":0.8624,"_runtime":178.753502951,"train_accuracy":0.8869444444444444,"confusion_matrix_table":{"ncols":3,"nrows":100,"_type":"table-file","sha256":"1ee356d1685855e2c1a730b22e7db7c5d216fdb4b975d39fcdefd7db2d03ec2a","size":2930,"artifact_path":"wandb-client-artifact://q53lnsvh01fscx5xnpzbu6obpfs2nv2srgyikxos8nmszfvjoro079m5pzc7q4u9cx24iknons3p5xqsxw875wfz57nhf3ord1u6kwmqzl22wl4wmntmrrxgjc0qab50/confusion_matrix_table.table.json","_latest_artifact_path":"wandb-client-artifact://5dpgwx8qt4ctjrvtts3rdany7lr2gb8u9bqangpuyxw6lw7w7jp26akwwn6wycr06vhpxmzjk1evkp0y1g68l5zoc6ysh8j6mii1yklorchzcvg6u3hj4wc1q78lefqd:latest/confusion_matrix_table.table.json","path":"media/table/confusion_matrix_table_43_1ee356d1685855e2c1a7.table.json"},"epoch":40,"train_loss":0.32768195319399473}