{"train_loss":0.3334485143257851,"test_accuracy":0.865,"train_accuracy":0.8777592592592592,"total_training_time":46.50001001358032,"_timestamp":1.741201700244693e+09,"val_accuracy":0.873,"_wandb":{"runtime":47},"_runtime":47.754920539,"_step":8,"val_loss":0.35300891900977593,"epoch_time":8.720780611038208,"confusion_matrix_table":{"nrows":100,"_type":"table-file","sha256":"03dd8efc1f659ec8298eb469d30d64e1040ac1ce23d137df3fb654dfdf03b675","size":2929,"artifact_path":"wandb-client-artifact://j2rhfi6pefqfjl4oefbdaecu02w8n50u5f1vkj1t02z172pzezs9i0ajtcc7dvwjyo0ey4cqyzk0ps1w9tl6ap2dmavixyjn7mbvn29ausy1we22r48vw2vneqah1gfb/confusion_matrix_table.table.json","_latest_artifact_path":"wandb-client-artifact://lu28j4iuz2bdbxmyf9bia4lyu2wvunxdbx573n03bk953pogehxpju0bc0blddqdoqgm8bd82e9fu17pksfoco3wnunfnydps6vm0hgtaxzobxwdyy91qlnpjn7njqfw:latest/confusion_matrix_table.table.json","path":"media/table/confusion_matrix_table_8_03dd8efc1f659ec8298e.table.json","ncols":3},"epoch":5,"Model Run history":{"train_loss":[0.4766953536299459,0.38700936511692247,0.3594429432362778,0.3405278549584237,0.3334485143257851],"train_acc":[0.8254074074074074,0.8583518518518518,0.8687037037037038,0.873537037037037,0.8777592592592592],"val_loss":[0.38750560929610733,0.3824821219200133,0.3623760781073667,0.3826113188838683,0.35300891900977593],"val_acc":[0.8603333333333333,0.8631666666666666,0.8735,0.855,0.873]}}