{"_timestamp":1.7413417880902317e+09,"Model Run history":{"val_loss":[0.4329015484482245,0.4119603069223831,0.43141037829902396,0.4468566205595772,0.42096912947858195,0.3741617156726151,0.3618486621606417,0.37150173958996163,0.3913445420572083,0.37267363032603706,0.3697086917546497,0.37403914644127345,0.3721183290757531,0.382171906412392,0.41463458335989306,0.3723891763670982,0.3744591178876601,0.36811186406010343,0.3867116831339504,0.3697743746358685,0.3732051451306849,0.3641237335280867,0.3776089673343408,0.36853479840070796,0.34851506465914883,0.3759071877535222,0.38439047285716793,0.35206574887650244,0.371779403393858,0.36770471685812217,0.3661901054919132,0.3791187131393482,0.4052160137926848,0.375946229604978,0.37339391634546026,0.37916703967497695,0.3759457283560919,0.38722580452214733,0.37645269623211697,0.35458885655994626],"val_acc":[0.8495,0.8498333333333333,0.8433333333333334,0.8395,0.841,0.8648333333333333,0.8728333333333333,0.865,0.8573333333333333,0.8631666666666666,0.8638333333333333,0.8631666666666666,0.8676666666666667,0.8631666666666666,0.8478333333333333,0.862,0.8586666666666667,0.8665,0.8578333333333333,0.8638333333333333,0.8663333333333333,0.865,0.8568333333333333,0.8623333333333333,0.8716666666666667,0.8631666666666666,0.8566666666666667,0.873,0.8651666666666666,0.868,0.8673333333333333,0.8643333333333333,0.853,0.8615,0.8651666666666666,0.8601666666666666,0.8631666666666666,0.8611666666666666,0.8596666666666667,0.875],"train_loss":[0.5701723131286668,0.43369645873287127,0.4079083657566087,0.39716645487124724,0.39112028535397225,0.3864045986543368,0.3807748077972512,0.37802836300337206,0.3739727606776177,0.37306272223541237,0.3698212142844912,0.3677553846994376,0.3688459055948642,0.3665416054921796,0.3644787139643071,0.366177302968006,0.36587623972858113,0.3634983313370325,0.3622418964825478,0.36173982077506384,0.36257413417746,0.360497200092802,0.3609205327601211,0.36199324027101504,0.3578158791941435,0.3604562345921973,0.360756611962435,0.3609868880370515,0.3586820306390366,0.3600555262339874,0.3601323652431446,0.36140027564617067,0.35898007750632316,0.358783688179606,0.35915044878587604,0.3591536240680683,0.36085027890584415,0.3591194443572691,0.3557880940949403,0.35854584755064006],"train_acc":[0.8091851851851852,0.8523703703703703,0.857,0.8617592592592592,0.8616666666666667,0.8630555555555556,0.8655185185185185,0.8662222222222222,0.8667962962962963,0.8672592592592593,0.8684259259259259,0.8691851851851852,0.8686296296296296,0.869574074074074,0.8701111111111111,0.8700740740740741,0.8685,0.8704259259259259,0.8703888888888889,0.8711481481481481,0.8715185185185185,0.8720185185185185,0.8728518518518519,0.8708888888888889,0.8723703703703704,0.8725740740740741,0.8715925925925926,0.8713888888888889,0.8729074074074074,0.8724259259259259,0.8735185185185185,0.8711666666666666,0.8718518518518519,0.8731111111111111,0.8728888888888889,0.8718703703703704,0.8713703703703704,0.8741481481481481,0.8738888888888889,0.8719259259259259]},"train_accuracy":0.8719259259259259,"epoch":40,"_runtime":114.563445444,"_wandb":{"runtime":114},"_step":43,"test_accuracy":0.8633,"train_loss":0.35854584755064006,"epoch_time":2.4656150341033936,"val_loss":0.35458885655994626,"confusion_matrix_table":{"sha256":"98cf2a7e01c7034a5614c1c7f2e0526e527a1179333754ae840199e71526f48d","size":2932,"artifact_path":"wandb-client-artifact://v9jiji3lq1se9pfuc66k73k8u21r2eybv9hhemrisvej2jmn0i4cbim95fvye1bsxeoyfmwskfdka16jevj6c1233wgcwqe186dp71p6g9j75sd6ewrvh2bgwvnjcb48/confusion_matrix_table.table.json","_latest_artifact_path":"wandb-client-artifact://e7dbuq6eb0l6pdy7z33s9pc8ogn44t53euhgi2n0mhexlhrprsmeffqhteucbq280qzjdct05lqfmqozb8vt7v88p3bre22f09mgpqm8wme1whu7y5iu7y6jri5b4up2:latest/confusion_matrix_table.table.json","path":"media/table/confusion_matrix_table_43_98cf2a7e01c7034a5614.table.json","ncols":3,"nrows":100,"_type":"table-file"},"total_training_time":113.47750210762024,"val_accuracy":0.875}