{"train_accuracy":0.8807592592592592,"_runtime":28.548102421,"val_loss":0.4460928784145464,"epoch_time":3.1229939460754395,"_step":13,"total_training_time":27.13624095916748,"_wandb":{"runtime":28},"epoch":10,"confusion_matrix_table":{"size":2933,"artifact_path":"wandb-client-artifact://4frx0p8v1ic1w9ifyslvuj0drk1riwdfeeg9y5olbkaxrdh1l6i4ja2bdq4eve7a12y309sg3eo4cp0shssws4uldfummfpxw5klqulkhe5gy7bcof53iab2h2njy9at/confusion_matrix_table.table.json","_latest_artifact_path":"wandb-client-artifact://ig7m96666yu8elq6z9wtjzx0wnwqyhyiocnc5csnxredvlkhsxw8htpxua2dcpp36y2z88tjksqo5djaq11c5ctq2ta87pqbvsg5v3qqqh2zgxroujdfvkfomdmrfqfm:latest/confusion_matrix_table.table.json","path":"media/table/confusion_matrix_table_13_d7315d97cabc9e73f935.table.json","ncols":3,"nrows":100,"_type":"table-file","sha256":"d7315d97cabc9e73f935b3c239c9867555092b3df20b3455cf18cf27a287b4a5"},"Model Run history":{"train_loss":[0.5807416863752836,0.42286407438182283,0.38991322354840735,0.37162680375090085,0.3599078013484591,0.34957177453942234,0.3426655707280113,0.33868948409010874,0.33205742134918814,0.3290745816773178],"train_acc":[0.7935925925925926,0.8492592592592593,0.8596296296296296,0.8657222222222222,0.8704074074074074,0.8728333333333333,0.8755555555555555,0.8771296296296296,0.8799074074074074,0.8807592592592592],"val_loss":[0.4299858979926069,0.4397955533003031,0.441825650284111,0.46718842157869583,0.4520497906550903,0.37714801711340623,0.39037743141659503,0.4255016084753118,0.4530269990278872,0.4460928784145464],"val_acc":[0.848,0.8391666666666666,0.8443333333333334,0.833,0.8311666666666667,0.8651666666666666,0.8663333333333333,0.8523333333333334,0.8383333333333334,0.836]},"train_loss":0.3290745816773178,"test_accuracy":0.8319,"_timestamp":1.7412415172866838e+09,"val_accuracy":0.836}