{"_wandb":{"runtime":19},"_timestamp":1.7410056579558775e+09,"epoch":2,"val_accuracy":0.8658333333333333,"total_training_time":17.799561738967896,"confusion_matrix":{"path":"media/images/confusion_matrix_4_b82a20223cbf1ba81f90.png","format":"png","width":1000,"height":800,"_type":"image-file","sha256":"b82a20223cbf1ba81f9056a86a9d979bdac0c2a50a63855b9524dbaf9a77e8f3","size":60174},"test_accuracy":0.8452,"val_loss":0.3747050159219412,"_runtime":19.014711842,"train_accuracy":0.8577777777777778,"epoch_time":8.936558723449707,"_step":4,"train_loss":0.38845375368329466}