{"val_loss":0.28160186302511675,"test_accuracy":0.89,"val_accuracy":0.902,"Model Run history":{"train_loss":[0.642316073649033,0.44783253068394663,0.4030647128339528,0.37522455494514245,0.3567904828892516,0.3406018064095607,0.32827132478052345,0.31691901777688275,0.30693717368555007,0.29649348672546066,0.28813410041608123,0.28254085750954083,0.2750910908505149,0.2669751637007133,0.26157689228413383,0.2550622380628522,0.24853269623036223,0.24308564020561776,0.23784916411384677,0.23251609376680127,0.2291549156348858,0.22437814150675753,0.2206974277863012,0.21449975164893725,0.21067229021088676,0.20743451099176533,0.20236149721068628,0.19887057730876964,0.19519012002005426,0.19151428288035197,0.18839162284838842,0.18509476569442146,0.18146552823627748,0.1789721992643066,0.1752422708619317,0.1716247538609223,0.1686183710843461,0.16556493124133753,0.16312298838918132,0.16054176371244577],"train_acc":[0.7878148148148149,0.8472037037037037,0.8608703703703704,0.8710925925925926,0.8755925925925926,0.8800740740740741,0.8850740740740741,0.890425925925926,0.8927037037037037,0.8968333333333334,0.8997777777777778,0.9007407407407407,0.9031296296296296,0.9065740740740741,0.909074074074074,0.9112407407407408,0.9130925925925926,0.915537037037037,0.9168148148148149,0.9174074074074074,0.9197037037037037,0.9212592592592592,0.9229074074074074,0.9256851851851852,0.9265,0.9276851851851852,0.9301111111111111,0.9308518518518518,0.9326666666666666,0.9333518518518519,0.9353703703703704,0.9364259259259259,0.9366481481481481,0.9380740740740741,0.9397777777777778,0.9410925925925926,0.9424814814814815,0.9435370370370371,0.9435740740740741,0.9445925925925925],"val_loss":[0.5522162116308612,0.4572450797871915,0.40019745355965886,0.36301375866730873,0.33637350222091555,0.34340127864720893,0.33501221800468106,0.31719687854374373,0.31726583740534586,0.31578391654732735,0.3720622215481741,0.29556525588805044,0.33562857312516076,0.31549186149046243,0.3138224697319418,0.3142016460932252,0.29612673303828047,0.28813422106029024,0.28928692690389013,0.3177345314725066,0.3041979944576825,0.2940058613937217,0.29491562608476884,0.28764198416728387,0.29260170047180856,0.28693090461509296,0.3048531320642553,0.29629014356250716,0.277721356616662,0.2965355187224988,0.2959439329817182,0.2924000850594584,0.295687927200802,0.29278540180224744,0.3006372155626997,0.3041988596323841,0.2759128126607904,0.29030683374173333,0.28648151753000084,0.28160186302511675],"val_acc":[0.8028333333333333,0.8381666666666666,0.8531666666666666,0.8666666666666667,0.8768333333333334,0.8715,0.878,0.8815,0.8876666666666667,0.8845,0.8653333333333333,0.89,0.8738333333333334,0.8873333333333333,0.8833333333333333,0.8805,0.8921666666666667,0.8953333333333333,0.8955,0.8846666666666667,0.8881666666666667,0.8973333333333333,0.8941666666666667,0.898,0.8913333333333333,0.897,0.893,0.8941666666666667,0.8973333333333333,0.8931666666666667,0.8963333333333333,0.8976666666666666,0.8905,0.8926666666666667,0.8903333333333333,0.8961666666666667,0.8991666666666667,0.8995,0.9028333333333334,0.902]},"_timestamp":1.741348497667048e+09,"confusion_matrix_table":{"sha256":"d6c604dab5c74e54c84aaa3a9d06f291412a4887a06ab61e6ee9e1ee79312867","size":2931,"artifact_path":"wandb-client-artifact://e3bknhpcjp7vnwf890lm4r9o6kbhp0928h8xdt4hh20wcqtt00t0pki9hr6op4cq0w1ntpwbo4k21vefyh5i73mv841wwb8x1dl1tp3geestqqqz431i6fbu00edga9d/confusion_matrix_table.table.json","_latest_artifact_path":"wandb-client-artifact://suiva7044huopdv23bw1uv07girpmmyjcq38makx4as1tsovbfrljymudp3yln355swu85fqq3k712k4bmltw5q3elcberpalgk2kgg5m8q2x3jo8ywkahgtzrezvn5y:latest/confusion_matrix_table.table.json","path":"media/table/confusion_matrix_table_43_d6c604dab5c74e54c84a.table.json","ncols":3,"nrows":100,"_type":"table-file"},"_wandb":{"runtime":401},"_runtime":401.578539267,"epoch":40,"_step":43,"train_loss":0.16054176371244577,"total_training_time":400.34179401397705,"train_accuracy":0.9445925925925925,"epoch_time":8.970207452774048}