{"epoch_time":3.3697104454040527,"_timestamp":1.7410058565144918e+09,"train_accuracy":0.8603703703703703,"epoch":2,"test_accuracy":0.85,"confusion_matrix":{"path":"media/images/confusion_matrix_4_7c02b1e4c42740b35d28.png","format":"png","width":1000,"height":800,"_type":"image-file","sha256":"7c02b1e4c42740b35d28fa13a4adffe0ba81209d76871a64ea1da8260fa8ca46","size":60800},"_runtime":7.864828387,"_wandb":{"runtime":7},"val_loss":0.40128442835028816,"val_accuracy":0.8626666666666667,"_step":4,"total_training_time":6.654771327972412,"train_loss":0.38135953265725336}