{"epoch":1,"_step":0,"_runtime":31.506197827,"val_accuracy":0.09916666666666667,"epoch_time":30.90911602973938,"_wandb":{"runtime":40},"val_loss":2.3162209972698653,"_timestamp":1.7411690847461565e+09,"train_accuracy":0.10044444444444445,"train_loss":2.904918340880626}