{"val_accuracy":0.8595,"test_accuracy":0.8513,"epoch_time":2.7236897945404053,"_timestamp":1.7412005111096034e+09,"_step":8,"val_loss":0.3692136885100397,"confusion_matrix_table":{"_type":"table-file","sha256":"39822152fd730c18a225104de62d9bc61879bbe5a695ae7b6cfd740e05c594ea","size":2933,"artifact_path":"wandb-client-artifact://5mox3wknthmyeu3rat25bs4oil3280d5o4bjt71zjnei3kisns3qna9y4vyusxzjf58ojn7fu2dvr7ioytkxt6dt6wu5hj78glshh9h3pa4rln0e2vunh1oo3w4j58sd/confusion_matrix_table.table.json","_latest_artifact_path":"wandb-client-artifact://c4pdzvin8rhnzpjdi74227kkc84pgy8wfkqrwzl5ekppnj2ndjzsenvf2r6sstftuj24ayj3wdpchy1x2hwsp7kzq0l1s3xnfyvj0hktxmhugp89w21b7ht8qvy7ie9a:latest/confusion_matrix_table.table.json","path":"media/table/confusion_matrix_table_8_39822152fd730c18a225.table.json","ncols":3,"nrows":100},"Model Run history":{"val_acc":[0.8251666666666667,0.8618333333333333,0.855,0.8618333333333333,0.8595],"train_loss":[0.5560250136322773,0.40803144933117275,0.37361049156385956,0.35618839816862014,0.34146916493361446],"train_acc":[0.8012777777777778,0.8522407407407407,0.8647037037037038,0.8705925925925926,0.8744444444444445],"val_loss":[0.4656301728365239,0.3796262220269146,0.3719962351247384,0.3742846608617531,0.3692136885100397]},"epoch":5,"train_loss":0.34146916493361446,"_wandb":{"runtime":19},"total_training_time":17.58129119873047,"train_accuracy":0.8744444444444445,"_runtime":19.754832016}