{"epoch_time":2.824139356613159,"_step":7,"val_accuracy":0.8649,"epoch":5,"_wandb":{"runtime":17},"train_loss":0.3651385958630117,"_runtime":17.14675813,"_timestamp":1.7409116832836225e+09,"test_accuracy":0.8532,"total_training_time":15.982333183288574,"val_loss":0.3741547464712387,"confusion_matrix":{"size":61661,"path":"media/images/confusion_matrix_7_e2160c93fac91f8760c9.png","format":"png","width":1000,"height":800,"_type":"image-file","sha256":"e2160c93fac91f8760c95e95a3749036b7bab9e15c0b178cac09844adcf2dad4"},"train_accuracy":0.86982}