{"train_loss":0.32950342414854,"val_accuracy":0.8803333333333333,"test_accuracy":0.869,"_step":13,"_wandb":{"runtime":26},"val_loss":0.3423501041205601,"confusion_matrix_table":{"sha256":"b4124fb9f7aa2eabcf1f3930818b250bdfa70b594fe3a3c9dcd66f4262d1355f","size":2931,"artifact_path":"wandb-client-artifact://q7tp99fize4t2jhlhqswm1gu1x6jgy5mmwpvwexe6hlp9xmt0gkk2orcj6609wksx18gr8ie2oqp1trl85pgbkes1uu5o3d2iobxchp7j251glnm5roe33c739ol6ec9/confusion_matrix_table.table.json","_latest_artifact_path":"wandb-client-artifact://87uvrxy1flh9pj0hh2np5hmz3i7mmagkwuqv9qdn5vsva83dbcwbovq1z30w1o58b9oebkvpcjn6rfb3xhmjcq7nlgg82typv1oswq4ew6s9l288k8lhqqj5m9mxz4es:latest/confusion_matrix_table.table.json","path":"media/table/confusion_matrix_table_13_b4124fb9f7aa2eabcf1f.table.json","ncols":3,"nrows":100,"_type":"table-file"},"train_accuracy":0.8799814814814815,"epoch_time":2.7832672595977783,"total_training_time":25.4450740814209,"_runtime":26.54610136,"epoch":10,"_timestamp":1.7412419472954319e+09,"Model Run history":{"train_loss":[0.5377497660352135,0.4079709242810458,0.38162881284273537,0.36361910052783336,0.35349008342364585,0.34550273273624427,0.3395469783976962,0.33469221365792345,0.33332305551553193,0.32950342414854],"train_acc":[0.8127222222222222,0.853,0.862037037037037,0.8696111111111111,0.8726296296296296,0.8738888888888889,0.8759629629629629,0.878537037037037,0.8787962962962963,0.8799814814814815],"val_loss":[0.4351815187658682,0.42659736268150855,0.39567228767584783,0.38687208886840085,0.36984160143972195,0.36101551525140413,0.3580768623517567,0.3795417814983982,0.36361750876748306,0.3423501041205601],"val_acc":[0.8416666666666667,0.8475,0.8595,0.8621666666666666,0.8721666666666666,0.8688333333333333,0.8743333333333333,0.8675,0.8705,0.8803333333333333]}}