{"_runtime":18.622098622,"epoch_time":1.9647681713104248,"_step":13,"_timestamp":1.7412415443721392e+09,"test_accuracy":0.8638,"train_accuracy":0.8882037037037037,"total_training_time":17.277029991149902,"val_accuracy":0.8741666666666666,"val_loss":0.3703269445599181,"_wandb":{"runtime":18},"Model Run history":{"train_acc":[0.7908333333333334,0.8452962962962963,0.8589814814814815,0.8667037037037038,0.8719814814814815,0.8774259259259259,0.8811666666666667,0.8834814814814815,0.8862222222222222,0.8882037037037037],"val_loss":[0.4807787047401748,0.421725088416113,0.42442366126124026,0.43757885687976783,0.38497643990404506,0.373598541745067,0.3640741740919157,0.39438447853383773,0.37943489464670743,0.3703269445599181],"val_acc":[0.8235,0.8513333333333334,0.8473333333333334,0.8478333333333333,0.8661666666666666,0.8691666666666666,0.8733333333333333,0.8645,0.8708333333333333,0.8741666666666666],"train_loss":[0.6073240070500013,0.4314792300944391,0.39583824192700207,0.3715474911307312,0.3546234348234848,0.3410592963800832,0.3299141071811043,0.3198069525213233,0.31358933555697754,0.3052072405307491]},"epoch":10,"confusion_matrix_table":{"size":2932,"artifact_path":"wandb-client-artifact://cnwbzmtc673pq8arr64rlmj1ctd32170f4fj7qoefj0aqf84ng5i36o9jscftdz18r21te0gkj10wpd6ju3tdjinyc2t3voc1bcvlmi44gj9ypvl09kd9df34a3g211q/confusion_matrix_table.table.json","_latest_artifact_path":"wandb-client-artifact://jwkuo9rxgyymu1n74187eqdvchutg488rslfqvfot31xrj0cxf5oub1kgdfyeceqnfpkz1wyt8zfkd3gi2pnsamrgan2ba5v73t5i4ipy1im3v4ofaqd64dk1bypl7fb:latest/confusion_matrix_table.table.json","path":"media/table/confusion_matrix_table_13_1ba5cd5f24e8890b6b75.table.json","ncols":3,"nrows":100,"_type":"table-file","sha256":"1ba5cd5f24e8890b6b7505954caa3ccf1d82209b6082adc2c1a3ddb94e51857d"},"train_loss":0.3052072405307491}