{"val_accuracy":0.8827,"train_accuracy":0.89458,"total_training_time":45.36568212509155,"epoch":10,"_wandb":{"runtime":46},"_runtime":46.516096608,"confusion_matrix":{"width":1000,"height":800,"_type":"image-file","sha256":"bc8a3270bdb55558c8588aaa86e614b7c9083dd59cf08c1115abfa739827b8bb","size":60349,"path":"media/images/confusion_matrix_12_bc8a3270bdb55558c858.png","format":"png"},"_timestamp":1.7409086802490633e+09,"_step":12,"val_loss":0.3343897556436659,"train_loss":0.2879675841507515,"epoch_time":3.9746906757354736,"test_accuracy":0.8738}