{"_wandb":{"runtime":268},"_timestamp":1.741357698676036e+09,"_step":43,"test_accuracy":0.8755,"epoch":40,"epoch_time":6.429400682449341,"Model Run history":{"val_acc":[0.8356666666666667,0.8475,0.8651666666666666,0.8666666666666667,0.8761666666666666,0.8783333333333333,0.8748333333333334,0.8883333333333333,0.8735,0.8878333333333334,0.8905,0.8888333333333334,0.883,0.887,0.8946666666666667,0.8928333333333334,0.8898333333333334,0.8893333333333333,0.8933333333333333,0.893,0.897,0.8973333333333333,0.8823333333333333,0.8866666666666667,0.8966666666666666,0.8848333333333334,0.8898333333333334,0.8798333333333334,0.8888333333333334,0.8933333333333333,0.8923333333333333,0.8991666666666667,0.8926666666666667,0.899,0.9038333333333334,0.8953333333333333,0.8941666666666667,0.8983333333333333,0.9021666666666667,0.8858333333333334],"train_loss":[0.6016094439399428,0.43151871992715696,0.38939556754326443,0.36383736203162803,0.34537649881101345,0.33028252018767296,0.3176597185777069,0.3071678827680222,0.29667803559735023,0.29019506711186255,0.2823331779391429,0.2757370399409642,0.2693649050229026,0.2633798992891115,0.2569850089732695,0.25244180523967297,0.24700954097492983,0.24279398404956773,0.23894363630667226,0.23357802638720193,0.23027940813769246,0.22651992333478568,0.22339861090464458,0.21950484763331332,0.21578329760652243,0.21283708313896316,0.20982275888321825,0.2066234083171998,0.2031565382298373,0.20010609639781143,0.20000797233218523,0.19528104716226055,0.19358674628453712,0.19007636056101312,0.18876744463156372,0.18516631180180182,0.18261660989962297,0.18186940418205402,0.17899792292682112,0.17623559635031197],"train_acc":[0.7920925925925926,0.8488148148148148,0.8646111111111111,0.872,0.8797777777777778,0.8830740740740741,0.8876481481481482,0.8909444444444444,0.8946481481481482,0.8972592592592593,0.9004814814814814,0.9021111111111111,0.9050370370370371,0.9059444444444444,0.9095555555555556,0.9106851851851852,0.9132407407407407,0.9148703703703703,0.9164629629629629,0.9176296296296297,0.9173888888888889,0.9195925925925926,0.9203703703703704,0.9218148148148149,0.924074074074074,0.9246481481481481,0.9255925925925926,0.9272407407407407,0.9286851851851852,0.9295925925925926,0.9293333333333333,0.9310925925925926,0.9309074074074074,0.9323703703703704,0.9338888888888889,0.935037037037037,0.9359074074074074,0.9358148148148148,0.9371111111111111,0.9376296296296296],"val_loss":[0.44123885158038334,0.40339220291089933,0.3586352001106363,0.35747468497948204,0.3335604786480157,0.3300114127840644,0.333439649211189,0.3062777128820655,0.34319904087285674,0.3094487359575007,0.30126044155156334,0.30235353614542065,0.3125111528311989,0.3073921549310168,0.2869345458783009,0.2878599245866727,0.3001189964896083,0.29624591699253944,0.2956601901993489,0.3047346404414246,0.28178537701470785,0.2856860904664852,0.3250762379635957,0.3007175510962366,0.29343908547587555,0.3094941739593865,0.29492794459657345,0.3244557737261458,0.3101452299015959,0.3059250004430829,0.31593097234848594,0.28405895740697235,0.2996696235105904,0.2932337945693203,0.28297156800470696,0.29784831788076505,0.3024190484045599,0.2820222678696336,0.28916542227707515,0.32698122839209115]},"val_accuracy":0.8858333333333334,"train_loss":0.17623559635031197,"_runtime":268.53043283,"total_training_time":267.4062075614929,"confusion_matrix_table":{"path":"media/table/confusion_matrix_table_43_cd8bb6ee497f17774801.table.json","ncols":3,"nrows":100,"_type":"table-file","sha256":"cd8bb6ee497f1777480101655e35af5b1573e7d81bb71cc25006dfbca836f490","size":2927,"artifact_path":"wandb-client-artifact://0onaw26x4b1pndx3s417ed23w24uuzlrkuvvuo7r1rtwnwp56b4kgb0xy7mvok1k8hylwsm5y4z2nedvckcnvg2h7bf4hdw093zjxrg7ad1vy5kwt5qcjcdcv04uewfg/confusion_matrix_table.table.json","_latest_artifact_path":"wandb-client-artifact://b26f2vu6dis2gtzvrfc3za0uvfeyupnv7jg915ioi439q6x2xy3cunz5xhsuax8iqls7skn3qr5mcl3lnks78249q5wzh35ehfiydbgvkda522unw13kc9u45zzrfv49:latest/confusion_matrix_table.table.json"},"train_accuracy":0.9376296296296296,"val_loss":0.32698122839209115}