{"Model Run history":{"val_acc":[0.8475,0.8646666666666667,0.8558333333333333,0.8683333333333333,0.8735,0.8693333333333333,0.8681666666666666,0.8795,0.882,0.8738333333333334],"train_loss":[0.5060869099857237,0.38284667470456846,0.35299471109335906,0.3315701532254548,0.31958934142223877,0.3078463221820595,0.29962523465061114,0.2935397502442411,0.2844303213417754,0.27910099092340607],"train_acc":[0.8213333333333334,0.8613703703703703,0.8707222222222222,0.8790370370370371,0.8825,0.8859814814814815,0.8903333333333333,0.8916851851851851,0.8963703703703704,0.8972407407407408],"val_loss":[0.4264260268334865,0.38568631349990184,0.39484301741156347,0.36863936751074994,0.3602971984549069,0.3620955495918284,0.3706527765707048,0.3462000838110912,0.3498828446333228,0.3697950912186253]},"_wandb":{"runtime":24},"epoch":10,"_timestamp":1.7412418308278294e+09,"confusion_matrix_table":{"_latest_artifact_path":"wandb-client-artifact://qjxy0u00avdoo9r1qb92dyliajvivt3ox9gk8x1qtyc9zgafbe7w29mgbf2thr5f3g9obpbrtozspr0taa31oh8mojt102ic4m0nvuiblq0cmje57gnbxnh459c6jxbe:latest/confusion_matrix_table.table.json","path":"media/table/confusion_matrix_table_13_726db84d991116460fdd.table.json","ncols":3,"nrows":100,"_type":"table-file","sha256":"726db84d991116460fdde83d33ff9e80f12ea6eb5a9d8ece6d30a0322c3705ee","size":2930,"artifact_path":"wandb-client-artifact://0vezg836j81lpuvenuab306nentkhehctrnyxv5r9dc8twivzg9w1rta7ksenaxpbu1pofgozpi8f3ufbw05r749vmw6flgn2q1oajym2yme00hdi9zzqy2kmmwoqs8k/confusion_matrix_table.table.json"},"train_loss":0.27910099092340607,"_step":13,"total_training_time":22.913005113601685,"epoch_time":2.3884360790252686,"train_accuracy":0.8972407407407408,"val_accuracy":0.8738333333333334,"val_loss":0.3697950912186253,"test_accuracy":0.8667,"_runtime":24.085446392}