{"_timestamp":1.7412424765347388e+09,"train_loss":0.32325519090479765,"_wandb":{"runtime":35},"total_training_time":34.122276306152344,"_step":13,"val_loss":0.34131219661671625,"test_accuracy":0.8683,"train_accuracy":0.8827962962962963,"val_accuracy":0.8805,"Model Run history":{"train_loss":[0.5426775611832597,0.41326294463660224,0.38261606810383375,0.36415160715499595,0.3523028550971541,0.342087604936413,0.337015377771168,0.33239275471380597,0.3277142763015059,0.32325519090479765],"train_acc":[0.8118518518518518,0.8527592592592592,0.8649444444444444,0.8694259259259259,0.8731851851851852,0.8762222222222222,0.878,0.8789074074074074,0.8807962962962963,0.8827962962962963],"val_loss":[0.43199421245709474,0.4098448211400315,0.3832552737217298,0.3916519311299848,0.36097221414429276,0.3628255448238723,0.37073664803317885,0.3592904510028265,0.34365077541897204,0.34131219661671625],"val_acc":[0.842,0.8523333333333334,0.863,0.863,0.8746666666666667,0.8713333333333333,0.865,0.8706666666666667,0.8761666666666666,0.8805]},"epoch_time":2.9521803855895996,"confusion_matrix_table":{"_latest_artifact_path":"wandb-client-artifact://5a60qyk2fnaibk6w0ovxsbdgjl4phxp85a03bzwvr72qimfe4zk7dqw4zahp1jymhn6ipih6zen1fi6h5s64l51i3oaznvxhab4qws7t9glvntj0shkrb9gakdsnscqi:latest/confusion_matrix_table.table.json","path":"media/table/confusion_matrix_table_13_a763c1686cc0bc54289c.table.json","ncols":3,"nrows":100,"_type":"table-file","sha256":"a763c1686cc0bc54289cac60dce2986ec9604788bc66660b62df7f7046162832","size":2930,"artifact_path":"wandb-client-artifact://oryfdowx4imkd6yvp2ze45egqmz2jf51j6o13ue3ud656h17ofbuz04zwdksjgcc5o7tzgwe6i8qu48kfxek0rlneoyygg92axfjp4snxzyjs1rezzp2x1mqh50z034g/confusion_matrix_table.table.json"},"epoch":10,"_runtime":35.491086967}