{"_timestamp":1.7409090905212703e+09,"test_accuracy":0.866,"_step":12,"epoch_time":2.2934987545013428,"epoch":10,"train_loss":0.3309209877150759,"total_training_time":22.19688391685486,"confusion_matrix":{"path":"media/images/confusion_matrix_12_bd5b86f239e5cf68cca9.png","format":"png","width":1000,"height":800,"_type":"image-file","sha256":"bd5b86f239e5cf68cca92e06ef460776c19c283ed126e8795e98204648531a22","size":62367},"train_accuracy":0.88186,"val_loss":0.356927522814208,"_runtime":23.37388909,"val_accuracy":0.8705,"_wandb":{"runtime":23}}