{"val_loss":0.32658363004573937,"Model Run history":{"train_loss":[0.5829929861045768,0.4092595731227409,0.3745254771691974,0.3498815607224959,0.3362013243060454,0.3247491411997167,0.3133380739350808,0.30779361226924146,0.29976060102662283,0.2932573552458416,0.288424343144401,0.2830884808151397,0.280565911458609,0.2748768118011867,0.27295908466316426,0.27022265690578334,0.2673084084552191,0.26413148728513763,0.2647045169146053,0.2587624295897296,0.2546905318633346,0.2567464206281961,0.25659549051482144,0.25118228150308014,0.24956921626266018,0.24915437308841346,0.24786409212165028,0.24507065724021926,0.24584550838770622,0.24277380466627943,0.23967928148365122,0.2402335441681957,0.24066223432469772,0.2367087776188605,0.24105565373920776,0.23988749587027292,0.2367399937508026,0.23515706668961134,0.23477800568428497,0.23543465148911086],"train_acc":[0.7915185185185185,0.8515370370370371,0.863037037037037,0.8708518518518519,0.8765925925925926,0.8811666666666667,0.8836111111111111,0.8866296296296297,0.8898703703703704,0.8922037037037037,0.8935925925925926,0.8958703703703703,0.897074074074074,0.8976296296296297,0.8986481481481482,0.9005925925925926,0.900074074074074,0.9013333333333333,0.9011851851851852,0.9037962962962963,0.9053333333333333,0.9057407407407407,0.9051481481481481,0.9074629629629629,0.9073333333333333,0.9083888888888889,0.9083333333333333,0.9094814814814814,0.9079074074074074,0.9100185185185186,0.9107592592592593,0.9117407407407407,0.9101111111111111,0.9119074074074074,0.9091851851851852,0.9098888888888889,0.9119814814814815,0.9119074074074074,0.9123148148148148,0.913425925925926],"val_loss":[0.4252742365648651,0.43089553900648275,0.37421509258378366,0.34074765668422635,0.34854091981664204,0.3779357712627834,0.3332200442163224,0.3101242058012666,0.32888791441359083,0.31104124215340606,0.2996113485115912,0.3250649340750485,0.3131842827253845,0.2995369807662967,0.328739143095867,0.30104313919754555,0.3481972827905928,0.30553330002714196,0.3037291237449921,0.3413705954369811,0.3168552853830374,0.3338443733221638,0.313190136471613,0.3376844085162291,0.3086836676845182,0.3128265355722567,0.349574059203704,0.3092105393332016,0.3032744504963339,0.3085725783856282,0.29480228269841463,0.3138430200390938,0.30571590198574955,0.318805528486418,0.31690914962186845,0.30645751740133265,0.3027698832716841,0.3278758511038147,0.30157125216699804,0.32658363004573937],"val_acc":[0.837,0.8388333333333333,0.8583333333333333,0.8748333333333334,0.8726666666666667,0.8628333333333333,0.8751666666666666,0.8805,0.8798333333333334,0.8845,0.891,0.8821666666666667,0.8851666666666667,0.8901666666666667,0.8805,0.8896666666666667,0.8695,0.8876666666666667,0.8883333333333333,0.8781666666666667,0.8891666666666667,0.8836666666666667,0.8805,0.8785,0.886,0.8851666666666667,0.8735,0.8893333333333333,0.8848333333333334,0.8826666666666667,0.8921666666666667,0.8868333333333334,0.892,0.8825,0.8868333333333334,0.8896666666666667,0.8868333333333334,0.8841666666666667,0.895,0.8858333333333334]},"epoch":40,"_wandb":{"runtime":201},"train_accuracy":0.913425925925926,"val_accuracy":0.8858333333333334,"_timestamp":1.7413608435192592e+09,"_step":43,"confusion_matrix_table":{"size":2927,"artifact_path":"wandb-client-artifact://fvdi20ojnig2hz33vtfj1elcrr9de9araz73bgj5ba9ppc3nvskkafdkiw79veczd6uf23oaycx5li50jyvhvzallhx0u1vqpzxp06zil1n4v59u78gbhah4cgdpgt7f/confusion_matrix_table.table.json","_latest_artifact_path":"wandb-client-artifact://df85p99f702ehum8w941p81xxp6ueix1zj0z5zrm65mroaunll12oin0zf7ucqm9fqs735k3jzz1e2o79yuirqhwmednw8dynnxt81dheos5v9itza2a8dic6irjnm2r:latest/confusion_matrix_table.table.json","path":"media/table/confusion_matrix_table_43_93a739e1b1907c03bfb3.table.json","ncols":3,"nrows":100,"_type":"table-file","sha256":"93a739e1b1907c03bfb39ed26db5d599c9e5e7f2ebf82b315bbd0bbdbdfc635a"},"epoch_time":5.017065525054932,"total_training_time":199.97720384597778,"train_loss":0.23543465148911086,"test_accuracy":0.8754,"_runtime":201.339476153}