{"val_loss":0.3274154739853617,"train_loss":0.19604431195085337,"total_training_time":95.59417247772217,"train_accuracy":0.9257777777777778,"confusion_matrix_table":{"sha256":"36b244fa8510574d95466c7c4dc372669de8b7dc24d7c709721068a981805e4c","size":2928,"artifact_path":"wandb-client-artifact://xnfuim844nyk6blhg0jz0jirtry370ppckywsvqvo6zxmdpropqisuqet8ds96l35r0z7lsdo3a7lzf2mqjcjwjkrc1bsy1zk54pm9w3m3jxunogyvbt3e7v9pntr2p7/confusion_matrix_table.table.json","_latest_artifact_path":"wandb-client-artifact://dwzjqsy7dsjlx85pyokxlvcbdcgk11igb2m0vsxxnm65vvfj54mpnuku9ogj15wc5wbo9x4cok0qqzi7sakf2kr1wr8w277atpfw87d5gcwcu7ua45939xp9hxvfye5c:latest/confusion_matrix_table.table.json","path":"media/table/confusion_matrix_table_43_36b244fa8510574d9546.table.json","ncols":3,"nrows":100,"_type":"table-file"},"_step":43,"_wandb":{"runtime":96},"epoch_time":2.5516364574432373,"val_accuracy":0.8853333333333333,"_timestamp":1.7413418915349288e+09,"_runtime":96.646826628,"test_accuracy":0.8749,"epoch":40,"Model Run history":{"train_loss":[0.562866022304911,0.40695312376012666,0.3657648236614446,0.34122545968151613,0.32348888362398576,0.3121091580601882,0.2986307327981272,0.2909764391039354,0.2826033837097264,0.27678907046119644,0.2714224640910953,0.2623762266847677,0.25628304252055034,0.2547128869878724,0.24916757285957383,0.24624768319169177,0.24105643038411306,0.2363308519810341,0.2367801121494196,0.23049862290247616,0.22759471969481812,0.22976951255346822,0.22413283307190995,0.22306829119724916,0.220828090650591,0.21615199942121613,0.21252808896343106,0.21272283098559416,0.20927372258206645,0.20738166649281542,0.20632078923394923,0.20464839053877604,0.20240671811520863,0.1995808628418185,0.20010576945515762,0.1957386753229461,0.19948752779762494,0.1962885290555324,0.19565734188336512,0.19604431195085337],"train_acc":[0.8003148148148148,0.8520740740740741,0.8674259259259259,0.8750555555555556,0.8799259259259259,0.8857407407407407,0.889962962962963,0.8930555555555556,0.8948703703703703,0.8972777777777777,0.8997037037037037,0.9029074074074074,0.9043518518518519,0.9047962962962963,0.9059259259259259,0.9079444444444444,0.9096481481481481,0.9126851851851852,0.9118518518518518,0.9132777777777777,0.9145740740740741,0.9138518518518518,0.9155185185185185,0.9161296296296296,0.9175,0.9176666666666666,0.9197222222222222,0.9196296296296296,0.9207407407407407,0.9217037037037037,0.9221481481481482,0.9231296296296296,0.9241851851851852,0.9257592592592593,0.9257407407407408,0.9272592592592592,0.9247962962962963,0.9271851851851852,0.9267037037037037,0.9257777777777778],"val_loss":[0.4418667722063009,0.37142158931325575,0.3506248733813597,0.36466705108983033,0.3518423148638811,0.3173003850394819,0.32073929070870505,0.3558583263350267,0.32267390291005243,0.30335267059625654,0.3072889381058351,0.3050232301953229,0.29253329335615536,0.3165147003058988,0.3203076878000829,0.3014702340933499,0.32661906234397026,0.3095224264811606,0.30949624819432886,0.28421224509834786,0.2978953276972696,0.29697031291839354,0.28870325704771366,0.297631903874164,0.3082299581804937,0.30444361405892456,0.32175868087329085,0.2985231930937726,0.3086995622986022,0.298102139961671,0.29312354964196874,0.2868489307846705,0.2933289890158736,0.28527540783556965,0.3165692204275056,0.3150859309031026,0.29826482454592335,0.30928101206749037,0.3148008387206188,0.3274154739853617],"val_acc":[0.8363333333333334,0.8581666666666666,0.8691666666666666,0.8625,0.8668333333333333,0.8815,0.8813333333333333,0.8626666666666667,0.8826666666666667,0.8858333333333334,0.8871666666666667,0.8878333333333334,0.8915,0.8851666666666667,0.8778333333333334,0.8896666666666667,0.8815,0.8895,0.8846666666666667,0.8963333333333333,0.891,0.8933333333333333,0.8938333333333334,0.8955,0.8891666666666667,0.8898333333333334,0.8855,0.8958333333333334,0.8903333333333333,0.8853333333333333,0.892,0.897,0.8958333333333334,0.8975,0.8858333333333334,0.888,0.8928333333333334,0.8886666666666667,0.8856666666666667,0.8853333333333333]}}