{"_step":4,"epoch_time":5.554915189743042,"train_loss":2.302716564415407,"test_accuracy":0.1,"confusion_matrix":{"format":"png","width":1000,"height":800,"_type":"image-file","sha256":"bdc00934b1ad4227a2c08ba7422a4ee889dcb689fccceafcf76a9576ab88eb72","size":47785,"path":"media/images/confusion_matrix_4_bdc00934b1ad4227a2c0.png"},"_timestamp":1.741004835689741e+09,"_runtime":12.507804585,"train_accuracy":0.09981481481481481,"total_training_time":11.22769021987915,"val_loss":2.3028359819517483,"_wandb":{"runtime":12},"val_accuracy":0.09516666666666666,"epoch":2}