{"_step":43,"epoch_time":4.813661813735962,"epoch":40,"confusion_matrix_table":{"path":"media/table/confusion_matrix_table_43_2a37bc0548c1fc8bbfec.table.json","ncols":3,"nrows":100,"_type":"table-file","sha256":"2a37bc0548c1fc8bbfec56df41f83104315c4a40fd672c7fc6216ef2cfe5ac05","size":2927,"artifact_path":"wandb-client-artifact://r60h6fzhf20fe22tu48wxwuhtihmss812f9d5ltyu7vxshmk9pqs84j827d00uq5275ig7nv1ltage7o3j6obrht0b26q7l8sgohexixichqdkzj7o4zgbu3nivc9k9z/confusion_matrix_table.table.json","_latest_artifact_path":"wandb-client-artifact://ud40k5js6nep6ifdlz7vjso81kvkqrr956qadfcrlwt599hogl5n04qohsmo1cgah7mwusx9zcq7nnm6rgxgfjech42ashdhp8vz9k4jja9qf4zn3uppokat271asvxp:latest/confusion_matrix_table.table.json"},"train_loss":0.18906673278540528,"test_accuracy":0.8794,"val_accuracy":0.8883333333333333,"train_accuracy":0.9326296296296296,"Model Run history":{"val_acc":[0.8316666666666667,0.8495,0.8513333333333334,0.8506666666666667,0.8708333333333333,0.8661666666666666,0.8765,0.8696666666666667,0.8746666666666667,0.8858333333333334,0.881,0.8868333333333334,0.8896666666666667,0.8696666666666667,0.891,0.8853333333333333,0.8816666666666667,0.8773333333333333,0.8731666666666666,0.883,0.8908333333333334,0.8855,0.8961666666666667,0.8886666666666667,0.8883333333333333,0.8926666666666667,0.8888333333333334,0.8805,0.8936666666666667,0.8916666666666667,0.8863333333333333,0.8721666666666666,0.8885,0.8808333333333334,0.8846666666666667,0.89,0.8866666666666667,0.8923333333333333,0.8868333333333334,0.8883333333333333],"train_loss":[0.6632277677157402,0.4566856068372038,0.41202715111675353,0.3835859100188466,0.36206024985852137,0.34807415859217367,0.33423301119280097,0.3250985459646519,0.3152437173207214,0.3070111097847255,0.29980627432662527,0.2923156383919982,0.2863231555691002,0.2802755419262958,0.27379566150533075,0.2704541981687613,0.2639626276191631,0.2592812208174116,0.25433480321129975,0.2501162358649674,0.2470262373585053,0.2429941918111454,0.23901078690145347,0.23509240605960333,0.2320908926997426,0.22914064062941567,0.22555746481997307,0.22243304981587003,0.21815452453312442,0.21508792061567536,0.21221928597073195,0.2086412414586767,0.2058634207310999,0.20356467263256126,0.20183572035070227,0.19833316974805143,0.19792347376154343,0.194267139396899,0.19130607201026514,0.18906673278540528],"train_acc":[0.7713148148148148,0.8442037037037037,0.8561296296296297,0.8662222222222222,0.8717962962962963,0.8763333333333333,0.8815925925925926,0.8830740740740741,0.887425925925926,0.8901296296296296,0.8927592592592593,0.8948703703703703,0.8971111111111111,0.8991851851851852,0.9014814814814814,0.9023518518518518,0.9048703703703703,0.9062222222222223,0.9081666666666667,0.9080555555555555,0.9100925925925926,0.9132407407407407,0.9141111111111111,0.9155185185185185,0.9163888888888889,0.9172407407407407,0.9187407407407407,0.9191666666666667,0.9219074074074074,0.9221666666666667,0.9235,0.9255,0.9254444444444444,0.9278148148148149,0.9273703703703704,0.9294814814814815,0.9291666666666667,0.9299259259259259,0.9323148148148148,0.9326296296296296],"val_loss":[0.4725815458927655,0.4225308369253319,0.4032379120977978,0.419508169678725,0.3534171603619786,0.3606006305565001,0.34394784139146906,0.35743311472061595,0.3400391591816628,0.3195689878242868,0.3311158288110485,0.3212172559373607,0.30897078589404,0.3635180567960091,0.30265467362415654,0.3297672864959199,0.3208673127418782,0.319581343613059,0.3512762169613777,0.3062359036485119,0.30024542922058906,0.30046329125651144,0.2938926755223994,0.31269126480437914,0.3151870396710214,0.3053755705014969,0.31221481096916154,0.3082820769195154,0.2988107075446096,0.2986420400931253,0.30600542569043426,0.3410743530674031,0.30572168805521194,0.33198014963526384,0.3384040291161773,0.3103867848394831,0.3289709617030155,0.2990232678436583,0.3390553786390712,0.29962396846582673]},"_runtime":194.054621658,"_timestamp":1.7413574234403734e+09,"total_training_time":192.88713455200195,"_wandb":{"runtime":194},"val_loss":0.29962396846582673}