{"val_loss":0.3793684891553678,"confusion_matrix":{"format":"png","width":1000,"height":800,"_type":"image-file","sha256":"b927092da3bdbb85660cf3b6c5981aefab2a0632a565ba0bc591189e78fcaf4f","size":60575,"path":"media/images/confusion_matrix_7_b927092da3bdbb85660c.png"},"train_loss":0.35941828387745084,"epoch_time":4.016010046005249,"_timestamp":1.740912594461475e+09,"_runtime":22.188492349,"test_accuracy":0.8551,"total_training_time":21.10474944114685,"_wandb":{"runtime":22},"_step":7,"epoch":5,"train_accuracy":0.87142,"val_accuracy":0.8641}