{"_runtime":29.84567756,"confusion_matrix_table":{"ncols":3,"nrows":100,"_type":"table-file","sha256":"dfce21697889528e9b227c68c36aea6b981211536abb71c5f884575d8dd8d3b0","size":1794,"artifact_path":"wandb-client-artifact://qc36xxx8n8uledqjezbzcm2s6teer3eoex8w5yqj16u3nni7n6uh6w2m6omym67cfvbz83oicycz8yu08mfhf1bjuk5u1tx057zo2msbb7mc5k96op4gw8ttx0ivqb9b/confusion_matrix_table.table.json","_latest_artifact_path":"wandb-client-artifact://zusn603t1uj0tasbrstnm2gg4rjlk2z87o24bi7jnkq4mic7hke6mfoszq1nkmgts9chd69vyxg3ty0cborw8qlincevcwatl048ztccewob65wulwijdxoh3c26qjl2:latest/confusion_matrix_table.table.json","path":"media/table/confusion_matrix_table_13_dfce21697889528e9b22.table.json"},"epoch_time":1.8987727165222168,"Model Run history":{"train_acc":[0.9109814814814815,0.9501296296296297,0.9581111111111111,0.962574074074074,0.9649444444444445,0.9683333333333334,0.9689074074074074,0.9701666666666666,0.9712037037037037,0.9719444444444445],"val_loss":[0.18157038423212657,0.152730654376835,0.13170000349294647,0.13823955007003141,0.13233110513431376,0.10631130176480327,0.11356056556547281,0.12579874754313874,0.10732820487826396,0.10416571567332329],"val_acc":[0.9431666666666667,0.9506666666666667,0.958,0.9543333333333334,0.9585,0.9663333333333334,0.9636666666666667,0.961,0.9658333333333333,0.967],"train_loss":[0.2976700376008268,0.16950458221909173,0.14350542146094794,0.1272556463332355,0.11809710291680413,0.1095661452836363,0.10395861471978977,0.09953271769669576,0.09635541885055265,0.09429042865189018]},"_timestamp":1.7422140914149497e+09,"train_accuracy":0.9719444444444445,"_step":13,"train_loss":0.09429042865189018,"epoch":10,"val_accuracy":0.967,"total_training_time":28.783751487731934,"_wandb":{"runtime":29},"val_loss":0.10416571567332329,"test_accuracy":0.9645}