{"_wandb":{"runtime":29},"confusion_matrix_table":{"artifact_path":"wandb-client-artifact://b3elpyglufynyidfinhaw2iyycff0stidqrottdszeik6ujqsg7fjljeyus8ro6hf5vyzcledl3349ws5mrm2tqtl4ji7clwf417zka7up6yoy1zsir5cqc8tdkwcid2/confusion_matrix_table.table.json","_latest_artifact_path":"wandb-client-artifact://x8bfulwrvlei14gyxv6f967vbxwnkyq7faab8825t66s3qbpv9g9dsf91vv7xmgh4547v9iyckb66scgir59o3tf5hpvlbj785fn59u2vdk04jwxh6r1amui1ei836zp:latest/confusion_matrix_table.table.json","path":"media/table/confusion_matrix_table_8_5116f16bf12863b64220.table.json","ncols":3,"nrows":100,"_type":"table-file","sha256":"5116f16bf12863b642202dd71348b9b95810af139966b159a87237cc98fb9fbf","size":2931},"_step":8,"train_loss":0.4088724628696324,"epoch_time":5.751201868057251,"_runtime":29.10711533,"_timestamp":1.741200093664432e+09,"train_accuracy":0.8704259259259259,"test_accuracy":0.8554,"total_training_time":28.060245513916016,"epoch":5,"val_loss":0.44996158372222855,"Model Run history":{"train_acc":[0.8188518518518518,0.8561481481481481,0.8622592592592593,0.8667592592592592,0.8704259259259259],"val_loss":[0.39074890730492984,0.47383190159198263,0.44106974544646,0.49537450510950076,0.44996158372222855],"val_acc":[0.8591666666666666,0.839,0.856,0.8636666666666667,0.863],"train_loss":[0.5083227774589419,0.42619768834824684,0.41610289033124626,0.41149738891066334,0.4088724628696324]},"val_accuracy":0.863}