{"total_training_time":11.222950220108032,"test_accuracy":0.8641,"val_loss":0.3569531580863081,"epoch":10,"_step":13,"Model Run history":{"train_loss":[0.6262792203132793,0.42089958063751537,0.3804821694177978,0.355173631357649,0.3382840697616936,0.32599023051475584,0.31608863817992267,0.3062483914580353,0.2978060791178927,0.29178284461975296],"train_acc":[0.779074074074074,0.851,0.8620185185185185,0.8712037037037037,0.8780740740740741,0.8797222222222222,0.8832407407407408,0.8871851851851852,0.8897222222222222,0.8915555555555555],"val_loss":[0.4706840926124585,0.40600408218296197,0.3903959846535125,0.36863351480556755,0.37952377141612625,0.3724488052196865,0.35732682241055386,0.3669142078256045,0.34663502010656966,0.3569531580863081],"val_acc":[0.8308333333333333,0.854,0.856,0.8666666666666667,0.8666666666666667,0.8678333333333333,0.8711666666666666,0.8705,0.877,0.872]},"epoch_time":1.1314737796783447,"_timestamp":1.7412048931039877e+09,"train_loss":0.29178284461975296,"val_accuracy":0.872,"confusion_matrix_table":{"artifact_path":"wandb-client-artifact://fvce4h6hygrwdlt6u608lummeje05yhu2ze80xx7y2y4v72efyp5ghxg9strc8375hs99czlhqtkqtiqvyhm27o1wzh2n8efbrbv9vb9cqjbf63cxj7aebbwxrfqdm9y/confusion_matrix_table.table.json","_latest_artifact_path":"wandb-client-artifact://zqeip8y7wv9c8bzfxsxplmx9coccq1h8xrqauyn2hf9e5088g06jnkdklj8phs1s9eh2nqzestk9knrcj3r8bor76qv6vqhp37tkyjqv7e0rvk1b0ghn53m3za86qpx8:latest/confusion_matrix_table.table.json","path":"media/table/confusion_matrix_table_13_c3c80f55cf98844f0069.table.json","ncols":3,"nrows":100,"_type":"table-file","sha256":"c3c80f55cf98844f0069bf0d26a4966f8af73e058da8bec10922753fdeb5fd32","size":2932},"_wandb":{"runtime":12},"_runtime":12.241678488,"train_accuracy":0.8915555555555555}