{"_runtime":13.010341251,"total_training_time":11.711179256439209,"train_accuracy":0.8808,"val_loss":0.3822599826701138,"test_accuracy":0.8534,"_timestamp":1.7409078823763742e+09,"train_loss":0.32974849747260326,"confusion_matrix":{"width":1000,"height":800,"_type":"image-file","sha256":"22731ff1f431436f944cb2782d4931c62a274530e26c49da5a7245803caf1155","size":60089,"path":"media/images/confusion_matrix_7_22731ff1f431436f944c.png","format":"png"},"_wandb":{"runtime":13},"epoch_time":2.0703752040863037,"val_accuracy":0.8623,"_step":7,"epoch":5}