{"Model Run history":{"val_acc":[0.8246666666666667,0.866,0.8658333333333333,0.8695,0.8768333333333334,0.8711666666666666,0.8753333333333333,0.866,0.8821666666666667,0.886,0.8925,0.8768333333333334,0.8886666666666667,0.8858333333333334,0.8873333333333333,0.889,0.8925,0.8895,0.8895,0.8846666666666667,0.8905,0.8845,0.8865,0.8953333333333333,0.8926666666666667,0.8985,0.8795,0.8931666666666667,0.8956666666666667,0.8963333333333333,0.887,0.8928333333333334,0.8873333333333333,0.8943333333333333,0.899,0.8978333333333334,0.8995,0.8975,0.8933333333333333,0.8991666666666667],"train_loss":[0.6037080051099856,0.43206595513192403,0.3895470866813988,0.3666472898089185,0.3470174181820145,0.33364180134326016,0.3209968792730812,0.3107474609759918,0.30033063061701787,0.29275108444184955,0.2857241868176695,0.2787026906082232,0.2720611906712816,0.26693179642452025,0.261645939119434,0.25635225895014474,0.25100611306194315,0.24597697794546117,0.2420479321897146,0.23812412149723008,0.23383753336365276,0.22925335188382387,0.22703289597405235,0.22461875327714936,0.21977104893305638,0.21551781524239455,0.2133870815461352,0.20976252008131013,0.2076104399190536,0.2053250757960333,0.20086745924134636,0.19890705358766783,0.19621249239680918,0.19482003156567157,0.19215788044376095,0.1898223518527784,0.18725945256336365,0.18419115378514606,0.18107025880732402,0.1794477400069563],"train_acc":[0.7918703703703703,0.8499814814814814,0.862462962962963,0.8715,0.8781111111111111,0.8817962962962963,0.8862592592592593,0.8907407407407407,0.8934814814814814,0.8968888888888888,0.8976296296296297,0.9003518518518518,0.9032407407407408,0.9057407407407407,0.9068518518518518,0.9086111111111111,0.9111111111111111,0.9127037037037037,0.9135,0.9157592592592593,0.9167592592592593,0.9184444444444444,0.9197407407407407,0.9195555555555556,0.9223703703703704,0.923537037037037,0.9244629629629629,0.9252592592592592,0.9257777777777778,0.9271851851851852,0.9283703703703704,0.9298333333333333,0.9302407407407407,0.9307777777777778,0.9314074074074075,0.9328703703703703,0.9328703703703703,0.935,0.9350740740740741,0.9367777777777778],"val_loss":[0.4940694599063481,0.3795690057843859,0.3619715927267363,0.35371273675225373,0.33762667701470006,0.3473496013835836,0.33210532588745556,0.3657668732788632,0.3180152731853974,0.31145684954066355,0.29623992143901506,0.3273416488351043,0.3008646108694527,0.3148540373219591,0.3021283335144995,0.3041327557488304,0.3000238762187239,0.2984792245673855,0.30491098268578715,0.30643723366157916,0.29426035965941016,0.3334006837111028,0.3041423130001448,0.2859502983810619,0.2903813633671229,0.28969919163352437,0.3306605472056905,0.2945968205437208,0.2937891519654991,0.292909703875251,0.30807355539459574,0.2945739896237091,0.3031782159563793,0.2953872279247924,0.2915420031261666,0.2878702416376402,0.2835747315245705,0.29584501299746185,0.3103483082391357,0.29818929210486295]},"val_accuracy":0.8991666666666667,"epoch_time":6.26396369934082,"confusion_matrix_table":{"nrows":100,"_type":"table-file","sha256":"4832c20abce72b6fc1a68da2394523c00ea20c919be6df85248e1cd6b2c63ca9","size":2928,"artifact_path":"wandb-client-artifact://upf7hmk7io2w13ybjy7r5cyg5kcveklco4aebewrb1ssslbvp71baaql3l9es1dtk58am88ffz6bsbc1i10xj7p6vf90w8ex9hx4ldzpbklk9rdyiis45t2l5ji81heb/confusion_matrix_table.table.json","_latest_artifact_path":"wandb-client-artifact://6t48xcua7s56rvi0qwp1upbenwux2xu51yeqqry9e3ky4jmlkmabglvslp88s9ds0mh2oaszup3dtasgsl9b2z636yoepzabw9hr5wccidghgkhz2sr91djgwxucuyu5:latest/confusion_matrix_table.table.json","path":"media/table/confusion_matrix_table_43_4832c20abce72b6fc1a6.table.json","ncols":3},"val_loss":0.29818929210486295,"_runtime":240.072436174,"_timestamp":1.7413634487790208e+09,"epoch":40,"train_accuracy":0.9367777777777778,"total_training_time":238.91469264030457,"test_accuracy":0.8858,"_wandb":{"runtime":240},"_step":43,"train_loss":0.1794477400069563}