{"confusion_matrix_table":{"artifact_path":"wandb-client-artifact://3hg4l0hglojw2x2nwfnmkxujr0gf8kja68ms9wp0ik19xqxhh3ixe25py316cqyrasuhj7fbiy6qkx4zhrg9u13frzjkkjqomy6ccitl8r6ijllftvbeq6xvda2y2cb2/confusion_matrix_table.table.json","_latest_artifact_path":"wandb-client-artifact://842tcvkhxuruqmelgdnrygkzueyv6m8fx54ydtp7ws8w6wc58pb5usmo8h3ys874xfjo5n3plk5i3dida6tsll6w7ioxj51i3tla8xjm9tupzwx8wscr33d85ylvrvvc:latest/confusion_matrix_table.table.json","path":"media/table/confusion_matrix_table_8_f9693e2dd54bfaeddca4.table.json","ncols":3,"nrows":100,"_type":"table-file","sha256":"f9693e2dd54bfaeddca4acb1901c38f547a7600a22339a137be5ef4295d1472a","size":2931},"_wandb":{"runtime":18},"_timestamp":1.7412015904278436e+09,"train_loss":0.33417190910774885,"val_accuracy":0.8755,"epoch":5,"total_training_time":17.187008380889893,"val_loss":0.3462638035836346,"_step":8,"train_accuracy":0.8769814814814815,"_runtime":18.257257259,"test_accuracy":0.8679,"epoch_time":3.0519604682922363,"Model Run history":{"train_acc":[0.8097407407407408,0.8535,0.8648703703703704,0.8717592592592592,0.8769814814814815],"val_loss":[0.4234342639634473,0.3983465378687704,0.3719167050155427,0.37698812458494724,0.3462638035836346],"val_acc":[0.8415,0.8555,0.8681666666666666,0.8656666666666667,0.8755],"train_loss":[0.5301948952299774,0.4041666372668948,0.371023347550368,0.349284072829619,0.33417190910774885]}}