{"val_accuracy":0.8915,"_runtime":89.759639224,"epoch_time":17.69139003753662,"Model Run history":{"train_loss":[0.47137176829699123,0.36965516967245937,0.33809780735711725,0.31735099336591754,0.2977482123916146],"train_acc":[0.8291666666666667,0.8642407407407408,0.8762777777777778,0.8829444444444444,0.8881666666666667],"val_loss":[0.47171035340249806,0.35134819325733974,0.36292983961710007,0.3496262949515677,0.31253715321779135],"val_acc":[0.8386666666666667,0.871,0.8765,0.8758333333333334,0.8915]},"_timestamp":1.7411955283356802e+09,"train_accuracy":0.8881666666666667,"confusion_matrix_table":{"sha256":"dd48e6d13013d9b60c03aaba83a33d1165e40b26eb7139b2e2faaf1c5a35c035","size":2928,"artifact_path":"wandb-client-artifact://oih7ttd4juld94l9nkutw1hex31qkrwjvl998czia8t93cb964j9zgq3sv7hxjhx9nig0qt5qgvmhyazqbw99g3twrro4a2yywbeg26j2domy1viqosay2qxhodvv9sh/confusion_matrix_table.table.json","_latest_artifact_path":"wandb-client-artifact://183yvu864383pb549s21pphavaoo3ai6qc05rbifbibpr1kcsf9thtj3tujkoc9g2gmykx685736ssjll96ynp5ji6wxhpf3uz3yl3rsd9vxgezg3evw5aa1tkujtx7m:latest/confusion_matrix_table.table.json","path":"media/table/confusion_matrix_table_8_dd48e6d13013d9b60c03.table.json","ncols":3,"nrows":100,"_type":"table-file"},"train_loss":0.2977482123916146,"test_accuracy":0.877,"_wandb":{"runtime":89},"_step":8,"epoch":5,"val_loss":0.31253715321779135,"total_training_time":88.46598958969116}