{"epoch_time":2.7649924755096436,"Model Run history":{"train_loss":[0.5526396211427832,0.3872260592436262,0.35248839001422116,0.3314615558088975,0.3161253803617545,0.30327845057103503,0.2937329726204077,0.28457456350289445,0.27640815031697236,0.2697684693115793],"train_acc":[0.8125740740740741,0.8619814814814815,0.8741851851851852,0.8807407407407407,0.8864444444444445,0.8900740740740741,0.8933703703703704,0.8964444444444445,0.8986851851851851,0.9017962962962963],"val_loss":[0.42028158862343573,0.3810968425514363,0.3755188657219542,0.3534451227777524,0.3533810399739902,0.3594575598305764,0.3489409495990882,0.34282296519937644,0.357934662226332,0.3362893737941605],"val_acc":[0.8538333333333333,0.8633333333333333,0.8681666666666666,0.8755,0.878,0.874,0.8788333333333334,0.8785,0.8735,0.8796666666666667]},"_timestamp":1.7412425794143994e+09,"confusion_matrix_table":{"nrows":100,"_type":"table-file","sha256":"37b9f21b007666606b5665c815ed282b9018b7990eec24cdf3536f43da59a8c6","size":2928,"artifact_path":"wandb-client-artifact://jjnpa3v22p86jxxyvxdtiet1olckunnj2rzv0dpn8qjs5k3s6pms6zc8iig7fl8jj3o4vzh2op1jkgdadr98ztza2p59t7bajr90irjqpvv7drc17hpxw86cvlz5v9b2/confusion_matrix_table.table.json","_latest_artifact_path":"wandb-client-artifact://3eei1p1nq00rrs4gi8cmgs0qqgp0b1y4ukj27hxdidkn1nrlq0t4ym8ofp3adtmuwod8llcvrb1r2hos7mn2f0ksti045prllzpwbn204e2iic3inpwby71u6l204lo6:latest/confusion_matrix_table.table.json","path":"media/table/confusion_matrix_table_13_37b9f21b007666606b56.table.json","ncols":3},"total_training_time":18.393633365631104,"val_loss":0.3362893737941605,"_wandb":{"runtime":19},"train_loss":0.2697684693115793,"epoch":10,"val_accuracy":0.8796666666666667,"_step":13,"test_accuracy":0.875,"train_accuracy":0.9017962962962963,"_runtime":19.863117293}