{"val_accuracy":0.8578333333333333,"Model Run history":{"val_loss":[0.5335409155521263,0.41011053109261,0.3989192885434089,0.3809675795140252,0.41181818665011727],"val_acc":[0.7926666666666666,0.8531666666666666,0.8575,0.8681666666666666,0.8578333333333333],"train_loss":[0.518785889463021,0.4255898448800731,0.4043015758525422,0.3949166396795544,0.38474595228864616],"train_acc":[0.8114444444444444,0.8477222222222223,0.8560185185185185,0.8591851851851852,0.8600555555555556]},"_runtime":35.379453201,"epoch_time":6.693602561950684,"total_training_time":34.09792876243591,"_step":8,"_wandb":{"runtime":35},"train_loss":0.38474595228864616,"epoch":5,"confusion_matrix_table":{"artifact_path":"wandb-client-artifact://d6fw1v52dcfycd8ic5uxkmatipg1s3zbpqb9ps23f6duyxqlobiiavcd1bf6hch7i104y1mxnlafhu1qvcedl02tu3p7poiiu51brrrsiuiiljgsy78jqu9bg5zbj2je/confusion_matrix_table.table.json","_latest_artifact_path":"wandb-client-artifact://3b1s9o7kjo8s6nurg1mrmpapchv083778ndi4cwqyz06ugxpfdmt4j62vpzej4j434otpqzxz6prms6m3378bu36ba06okm0q3lcelagm4ufd0kjmfrghm1oxr69zrjy:latest/confusion_matrix_table.table.json","path":"media/table/confusion_matrix_table_8_e5392b5cbaac71fa1c4c.table.json","ncols":3,"nrows":100,"_type":"table-file","sha256":"e5392b5cbaac71fa1c4c5649ff0ca8f1564b3027ceb32c0a68f41a96e446bf51","size":2931},"val_loss":0.41181818665011727,"_timestamp":1.7411957021219647e+09,"test_accuracy":0.8478,"train_accuracy":0.8600555555555556}