{"train_accuracy":0.8442407407407407,"epoch_time":2.379251003265381,"Model Run history":{"train_loss":[0.5516408753072295,0.4685151388707054,0.4618981874435812,0.45694585889868977,0.4563487385576532],"train_acc":[0.8143333333333334,0.8399629629629629,0.843037037037037,0.8445555555555555,0.8442407407407407],"val_loss":[0.48712344792286494,0.4818680651188697,0.43960551321261493,0.4486644837881087,0.48562487242556185],"val_acc":[0.825,0.8206666666666667,0.8396666666666667,0.8386666666666667,0.8203333333333334]},"train_loss":0.4563487385576532,"_timestamp":1.7412009532766232e+09,"_wandb":{"runtime":14},"epoch":5,"val_accuracy":0.8203333333333334,"total_training_time":13.225695371627808,"_runtime":14.248627783,"test_accuracy":0.8167,"confusion_matrix_table":{"_latest_artifact_path":"wandb-client-artifact://5ome3gtzw51rz20ye7kpefw9yfsppih4t9hp6ign5ty7b352z0gluxdk2hro308jg4l275dzel5l2jgovdz51g0rxpfyp6f919st1345q0jrdrf0dxgmkwf2ax79s5qu:latest/confusion_matrix_table.table.json","path":"media/table/confusion_matrix_table_8_8691dc5d1505b012bf2c.table.json","ncols":3,"nrows":100,"_type":"table-file","sha256":"8691dc5d1505b012bf2cc36a9cc3099dd37b2827b78ba556525bb0262f771861","size":2931,"artifact_path":"wandb-client-artifact://h0ponuszv10pzvpm0801burgtvllhd0cqh1pki9gxl0ts949qp6wwm5ldwm7kzogs5tlzahspk2kjjkngb0ohbex5itaobt14qfk4b5bj91jm3902nukgm59xk0f27ch/confusion_matrix_table.table.json"},"_step":8,"val_loss":0.48562487242556185}