{"train_accuracy":0.87302,"val_accuracy":0.8729,"epoch_time":1.5946578979492188,"total_training_time":8.868249654769897,"_step":7,"epoch":5,"_wandb":{"runtime":10},"_timestamp":1.7409124429976752e+09,"val_loss":0.3621179977610574,"test_accuracy":0.8626,"confusion_matrix":{"_type":"image-file","sha256":"453a2b7bdf9bd47ce53237c883df8971cd846b18ef9584e435cd4248e17e636f","size":61356,"path":"media/images/confusion_matrix_7_453a2b7bdf9bd47ce532.png","format":"png","width":1000,"height":800},"train_loss":0.3485603747281889,"_runtime":10.193956238}