{"train_accuracy":0.77824,"epoch_time":5.901769161224365,"_wandb":{"runtime":62},"confusion_matrix":{"path":"media/images/confusion_matrix_12_69a021d4dfce411a7ecd.png","format":"png","width":1000,"height":800,"_type":"image-file","sha256":"69a021d4dfce411a7ecd9da023ee161f6720ba0bda082b9e9006a769281fce7f","size":61836},"_timestamp":1.7409113414574006e+09,"test_accuracy":0.7739,"total_training_time":60.74709701538086,"train_loss":0.6321067775181519,"epoch":10,"_runtime":62.048574097,"val_accuracy":0.7772,"_step":12,"val_loss":0.6298446332663967}