{"confusion_matrix":{"width":1000,"height":800,"_type":"image-file","sha256":"ef5cf3072828841549fc4fa3096e298627ba147727bcca418059f4365d58af80","size":60335,"path":"media/images/confusion_matrix_7_ef5cf3072828841549fc.png","format":"png"},"total_training_time":41.067959785461426,"_timestamp":1.7409117932521152e+09,"train_loss":0.33842006041185035,"epoch":5,"val_accuracy":0.8702,"val_loss":0.35232863681671295,"_step":7,"train_accuracy":0.87848,"_runtime":42.260873224,"test_accuracy":0.8646,"_wandb":{"runtime":42},"epoch_time":7.261645555496216}