{"_step":4,"train_accuracy":0.8514814814814815,"confusion_matrix":{"size":59930,"path":"media/images/confusion_matrix_4_761142161f8cd36cb969.png","format":"png","width":1000,"height":800,"_type":"image-file","sha256":"761142161f8cd36cb969f75574cd349b3e911a8e0cee4b388d137d4c9ee9b4a8"},"_wandb":{"runtime":7},"_runtime":7.434860863,"epoch":2,"total_training_time":6.222562074661255,"epoch_time":3.114359140396118,"test_accuracy":0.8237,"train_loss":0.40511465851415523,"val_loss":0.41591760754282003,"val_accuracy":0.8465,"_timestamp":1.7410059950525305e+09}