{"train_loss":0.17191896424970002,"epoch":40,"val_accuracy":0.9063333333333333,"_wandb":{"runtime":329},"_timestamp":1.741351643017432e+09,"val_loss":0.28121437274447053,"test_accuracy":0.8901,"_runtime":329.124632743,"_step":43,"total_training_time":327.7689456939697,"confusion_matrix_table":{"nrows":100,"_type":"table-file","sha256":"2da29b60e249330a1df8b583344c647fa3f499bf7ff969a4c9421a197b19cd94","size":2928,"artifact_path":"wandb-client-artifact://dm41kh5mrounq531b9dlusyhhzdo945a2xsms7luutg6nislflvpymfvmxgjrforsr9nq6mpuvwxh6vw6t7yf02nxmszkfk8o2eal41pyj1ph1jlzt3ory4zxuvd5ik4/confusion_matrix_table.table.json","_latest_artifact_path":"wandb-client-artifact://yijsrhnjdcah7ll0gm6m9rpfmkxyy1f3qmjiblnoho4aanxaink8ail6r63y3djsap9ewd59tpvdus5l08kfb1xqdp7a24ae7lfy9cn9q7xkyg4dbeyk0jobrqj2t1gk:latest/confusion_matrix_table.table.json","path":"media/table/confusion_matrix_table_43_2da29b60e249330a1df8.table.json","ncols":3},"train_accuracy":0.9357962962962963,"Model Run history":{"train_loss":[0.5464630773687215,0.38958212851676516,0.35613213464173415,0.3304150217026017,0.30940806321577985,0.2992296967540331,0.2848599536471268,0.2755675909921122,0.27062736655826863,0.26353313489046115,0.2528367712549585,0.246824237909675,0.24039594915650034,0.23668757399266585,0.23157414110887917,0.22849502477054698,0.22282890297671074,0.22238708013777989,0.21601814701229577,0.21353846422455713,0.2116788429401573,0.2083838204984815,0.2054522071387829,0.2010533475357542,0.20063166310792055,0.1976183088504461,0.19352757744508967,0.19260988342567895,0.19328583603656793,0.19077405825261928,0.18866626956380406,0.1855435511800712,0.18272892563174845,0.18400736273117668,0.17598539782327413,0.17657521131637022,0.17449911973089074,0.172194119706721,0.17146935775882613,0.17191896424970002],"train_acc":[0.8088333333333333,0.8601666666666666,0.8714444444444445,0.8800185185185185,0.8881481481481481,0.890537037037037,0.8956851851851851,0.8988703703703703,0.900074074074074,0.9023333333333333,0.9072592592592592,0.9089259259259259,0.9103703703703704,0.9117777777777778,0.9143333333333333,0.9143333333333333,0.9178148148148149,0.9173333333333333,0.9187037037037037,0.9195925925925926,0.9217777777777778,0.9230925925925926,0.9236666666666666,0.9248333333333333,0.925074074074074,0.9255740740740741,0.9285555555555556,0.9295925925925926,0.9277962962962963,0.9285555555555556,0.9307592592592593,0.9311666666666667,0.9322407407407407,0.9313703703703704,0.9348518518518518,0.9346666666666666,0.9350925925925926,0.9364629629629629,0.9361481481481482,0.9357962962962963],"val_loss":[0.40545636323435796,0.3755670791359594,0.33485480831763326,0.3374427620054188,0.3298968361634596,0.3235819013045858,0.30605027056569506,0.3002433904518015,0.32467591316141353,0.29432174412609535,0.3018987882819391,0.2891536602656734,0.31421826098578604,0.2973770925548134,0.29644326176980673,0.2955918216213126,0.2839961178305365,0.29092497843222165,0.2749304153371842,0.3051701548023128,0.33214049775684373,0.2935795654092179,0.2845722049300099,0.3009879650040712,0.29956226568008437,0.3247232507216047,0.3164933100852235,0.3050072704699235,0.2891708866277404,0.2835853141662695,0.3023614952563124,0.2740844392289006,0.3029620358866445,0.3034584093050189,0.29629697591013515,0.30806899608678096,0.28644471049042686,0.3205065032335065,0.3136073907562615,0.28121437274447053],"val_acc":[0.8486666666666667,0.8568333333333333,0.8751666666666666,0.8748333333333334,0.8788333333333334,0.8758333333333334,0.8896666666666667,0.8905,0.8755,0.8945,0.8856666666666667,0.8936666666666667,0.8858333333333334,0.8923333333333333,0.8933333333333333,0.8935,0.898,0.8956666666666667,0.9048333333333334,0.8896666666666667,0.8831666666666667,0.8925,0.9013333333333333,0.8901666666666667,0.891,0.8848333333333334,0.8848333333333334,0.8901666666666667,0.8975,0.9031666666666667,0.894,0.8998333333333334,0.8925,0.8966666666666666,0.8998333333333334,0.8948333333333334,0.8991666666666667,0.89,0.8906666666666667,0.9063333333333333]},"epoch_time":8.66295313835144}