{"epoch_time":1.792095422744751,"val_loss":0.42795435281319744,"train_loss":0.42359219267623516,"_timestamp":1.7412416987869623e+09,"_wandb":{"runtime":15},"total_training_time":14.599087238311768,"Model Run history":{"train_loss":[0.6461536219629803,0.4742721489404737,0.4571783486676398,0.44599749040498515,0.43891592165776544,0.4337985856033187,0.43222485438131825,0.42483157118893594,0.425748944897675,0.42359219267623516],"train_acc":[0.7819444444444444,0.8352962962962963,0.8438703703703704,0.843574074074074,0.8484074074074074,0.8502962962962963,0.8492037037037037,0.851,0.8511666666666666,0.8522037037037037],"val_loss":[0.4878134314662001,0.4807036453241266,0.4521385363745752,0.43714624588928214,0.4379762839055177,0.4331457797057131,0.4460421303147805,0.4448370230225248,0.4211485775000135,0.42795435281319744],"val_acc":[0.8298333333333333,0.8315,0.8411666666666666,0.8478333333333333,0.8476666666666667,0.847,0.8418333333333333,0.8421666666666666,0.8513333333333334,0.8493333333333334]},"epoch":10,"confusion_matrix_table":{"artifact_path":"wandb-client-artifact://9j3sm1yio7vzbrohnya1m0u0p1zg8xh9akvrpxe1xgbpgt0leiibqnnru8f6r4h3bv4ieoaa0grer5fsyaifmcg94ywxqixql45jxfkplus3hs6swk1gwif3ylflg2c9/confusion_matrix_table.table.json","_latest_artifact_path":"wandb-client-artifact://lupivhr61aclatug4aekvgahnxvd7fp89aqgaadowxxaop6e43iw34iaiwpm97h6kb0wibjok0deotlgjghecgqsf40qwid2oehyj5sg2ovvtduvxcun8kvcxdub4n1n:latest/confusion_matrix_table.table.json","path":"media/table/confusion_matrix_table_13_2eeabd34f3821134ae8b.table.json","ncols":3,"nrows":100,"_type":"table-file","sha256":"2eeabd34f3821134ae8bf036d2869677dd8e5d2e0866e6a98fd0ff7267cc55ac","size":2936},"val_accuracy":0.8493333333333334,"train_accuracy":0.8522037037037037,"test_accuracy":0.8439,"_runtime":15.957658975,"_step":13}