{"val_accuracy":0.8645,"train_loss":0.4028614375779563,"test_accuracy":0.8551,"Model Run history":{"train_acc":[0.7564074074074074,0.8305555555555556,0.8407962962962963,0.8484259259259259,0.8511666666666666,0.8548888888888889,0.8575555555555555,0.858462962962963,0.8606851851851852,0.8612592592592593],"val_loss":[0.5148232667752666,0.44410501291654914,0.4329860596736956,0.41293451595553576,0.41849932770304116,0.4206146154209218,0.41578263696552376,0.41399483446850077,0.41811079740905693,0.3891033864152711],"val_acc":[0.8191666666666667,0.8455,0.8486666666666667,0.8566666666666667,0.8536666666666667,0.8505,0.8501666666666666,0.8521666666666666,0.85,0.8645],"train_loss":[0.7210987789453281,0.503029988591205,0.46633151706915643,0.4455306781170741,0.4332053045586154,0.42397655841926,0.41733305055454534,0.41191575569949834,0.4067185679158726,0.4028614375779563]},"_runtime":14.129482399,"total_training_time":13.122968435287476,"epoch":10,"confusion_matrix_table":{"_latest_artifact_path":"wandb-client-artifact://jgqzqd95os8phan3smo3ehx673lxq4pkrgh33nu3qrewasq6p4o7qn3d9q8ntq9q2piapx0pp4s0mqalqcionsg8e8d10rquliii6nh0a1tif4iequ29zjoxu7k1ciyf:latest/confusion_matrix_table.table.json","path":"media/table/confusion_matrix_table_13_ea637b1417d4fdfcee99.table.json","ncols":3,"nrows":100,"_type":"table-file","sha256":"ea637b1417d4fdfcee99f6f22a9232874ab13b30900bddcc0aacc1bd6c6b9405","size":2932,"artifact_path":"wandb-client-artifact://0ziu0dr9fjo2l5udugwq7dn3hf0hj9084hgd1qz8h3rp2bq9128mg93rlexhr7tv2gk5r0qjuiyiccbpdrrh3ludmok35evs45mbdtkiluk569zym2q7shiifjnhy0e6/confusion_matrix_table.table.json"},"_wandb":{"runtime":14},"val_loss":0.3891033864152711,"_timestamp":1.7411937808376284e+09,"epoch_time":1.3200969696044922,"train_accuracy":0.8612592592592593,"_step":13}