{"train_loss":2.303030509560098,"confusion_matrix_table":{"_type":"table-file","sha256":"432d896da10cd3605541b4728cb3898790a4607163af19d112a706dfa0f46ee2","size":2912,"artifact_path":"wandb-client-artifact://a6v22l6s9ktoo951n8xvhhasuyqco0gv1uq7k2v41m5c6ior80jxm7r1pdmsc5k4nrx6evilnsf79qeqx2ipal92nzxjkzc3s7cu0mf5zc63dukm0h1120to59s9u9ft/confusion_matrix_table.table.json","_latest_artifact_path":"wandb-client-artifact://5dz3nftg21de7qlgxi0rtjwncp6trbjuc6guzwfo5xbt3zflal8l18rgxwmbpgki5wkxxgcqbtchnlocajg3lvqh8khulwwlp66a0qs0269s6whcj7w0uit6tjd41p9u:latest/confusion_matrix_table.table.json","path":"media/table/confusion_matrix_table_8_432d896da10cd3605541.table.json","ncols":3,"nrows":100},"Model Run history":{"val_acc":[0.09466666666666666,0.09433333333333334,0.09466666666666666,0.10083333333333333,0.10633333333333334],"train_loss":[2.303145256438379,2.3030650188355652,2.3029746318407955,2.303036539004146,2.303030509560098],"train_acc":[0.0987962962962963,0.10035185185185186,0.09907407407407408,0.09862962962962964,0.09812962962962964],"val_loss":[2.3034274786191107,2.302871539139582,2.303109293302029,2.3026842553638662,2.303001908612211]},"_timestamp":1.7411925711009693e+09,"test_accuracy":0.1,"train_accuracy":0.09812962962962964,"total_training_time":16.858927249908447,"_runtime":18.572103739,"val_loss":2.303001908612211,"_wandb":{"runtime":18},"_step":8,"epoch_time":3.052861452102661,"val_accuracy":0.10633333333333334,"epoch":5}