{"val_accuracy":0.8641666666666666,"_timestamp":1.741006185899308e+09,"total_training_time":13.840681076049805,"confusion_matrix":{"path":"media/images/confusion_matrix_4_68dc407042fd7484d734.png","format":"png","width":1000,"height":800,"_type":"image-file","sha256":"68dc407042fd7484d7345d873e2db1fbeefd32e095f7f70504b99b0732c42927","size":60855},"_runtime":15.025046889,"_wandb":{"runtime":15},"epoch":2,"_step":4,"train_loss":0.4124150653244912,"epoch_time":6.45012640953064,"val_loss":0.3753827582234409,"train_accuracy":0.8536851851851852,"test_accuracy":0.8492}