{"train_loss":0.341707230990429,"epoch_time":4.587424039840698,"val_loss":0.3632613255168353,"epoch":5,"train_accuracy":0.87778,"test_accuracy":0.8599,"_wandb":{"runtime":22},"_timestamp":1.7409121081206918e+09,"val_accuracy":0.869,"confusion_matrix":{"path":"media/images/confusion_matrix_7_92d9c5e99a580a4b955a.png","format":"png","width":1000,"height":800,"_type":"image-file","sha256":"92d9c5e99a580a4b955a653fd2f0caf877d6d4896c62b5644b9e98dc58a742c5","size":61853},"_runtime":22.097353579,"_step":7,"total_training_time":20.86398935317993}