{"_timestamp":1.740907074825615e+09,"train_loss":0.34203626745530413,"val_loss":0.3740340428415329,"train_accuracy":0.87916,"_step":12,"epoch":10,"confusion_matrix":{"path":"media/images/confusion_matrix_12_81ab0de2903a64dcb451.png","format":"png","width":1000,"height":800,"_type":"image-file","sha256":"81ab0de2903a64dcb45178708425fbcc841cdaaa349d18ebd20ffdfce53eec12","size":60086},"_runtime":27.720168564,"val_accuracy":0.8643,"test_accuracy":0.8546,"epoch_time":2.192629337310791,"_wandb":{"runtime":27},"total_training_time":26.60237169265747}