{"train_accuracy":0.84414,"total_training_time":52.28710579872131,"train_loss":0.4511760672735658,"val_accuracy":0.8355,"_step":7,"epoch_time":9.829866409301758,"epoch":5,"test_accuracy":0.8261,"_runtime":53.592142368,"_wandb":{"runtime":53},"confusion_matrix":{"width":1000,"height":800,"_type":"image-file","sha256":"003e0ba7e542f46ea04fff659da9514f1bbf39c45377bb7f308e0e8c360a7e05","size":60934,"path":"media/images/confusion_matrix_7_003e0ba7e542f46ea04f.png","format":"png"},"_timestamp":1.7409112481006854e+09,"val_loss":0.47205465554484966}