{"epoch_time":11.44008469581604,"_runtime":117.589900427,"epoch":10,"_wandb":{"runtime":117},"train_loss":0.3115425160549784,"_timestamp":1.7411943085783641e+09,"val_accuracy":0.865,"total_training_time":116.4232165813446,"_step":13,"train_accuracy":0.8860925925925925,"Model Run history":{"train_loss":[0.5399892034528325,0.41215230561217064,0.37789402984438897,0.35487158476510855,0.3408700676512854,0.33193681467543806,0.32408214097471727,0.3206466774952068,0.3146192782629999,0.3115425160549784],"train_acc":[0.8108333333333333,0.8543703703703703,0.8655925925925926,0.8721481481481481,0.8785185185185185,0.8791666666666667,0.881962962962963,0.8826296296296297,0.8853518518518518,0.8860925925925925],"val_loss":[0.43421216679426883,0.3752669002282868,0.33896942335810826,0.35625431924088735,0.3484670300132714,0.35236877739914757,0.31694381374203834,0.32006035958692886,0.3420951484511031,0.3651554612713935],"val_acc":[0.8435,0.8611666666666666,0.8801666666666667,0.8733333333333333,0.8726666666666667,0.8721666666666666,0.883,0.8868333333333334,0.8785,0.865]},"confusion_matrix_table":{"ncols":3,"nrows":100,"_type":"table-file","sha256":"3302f657f70358892adeeb9b7fbfb88c4a42e755700d3fc03a2255c6037dcaf0","size":2929,"artifact_path":"wandb-client-artifact://6vo8veiv4j2jjs6dlqh9k9xxiewl8f7n2mlcxy024ypig7u6f0puoc2um3ckk1zpn7qs2syvhfz6vwfyu32ux31871nvfjaxe5ddlq8kdhattbgvtieq6ql0o9jjmp0r/confusion_matrix_table.table.json","_latest_artifact_path":"wandb-client-artifact://85f8s2qb18804uhr6fdj4o2glmua58vtrlm9huo1byfqzeua58b64uot7a4xyou5y9b6tdacurksn7baw5s3v6zyiemfw0u34ubg3t4doqcagdmk5zdvlvdya983k2cl:latest/confusion_matrix_table.table.json","path":"media/table/confusion_matrix_table_13_3302f657f70358892ade.table.json"},"test_accuracy":0.8506,"val_loss":0.3651554612713935}