{"sample_predictions":{"format":"png","width":1200,"height":300,"_type":"image-file","sha256":"ad0b2750ff419e36ef305889753515239480e50099e8f26f47d42d28aca0f57b","size":20702,"path":"media/images/sample_predictions_6_ad0b2750ff419e36ef30.png"},"_runtime":14.644366899,"_step":6,"epoch":5,"train_acc":0.74338,"val_acc":0.7392,"_wandb":{"runtime":14},"val_loss":9.007712883792706,"test_accuracy":0.7318,"_timestamp":1.7406841365910327e+09,"train_loss":0.7781931364655957}