{"Model Run history":{"train_acc":[0.7697962962962963,0.839037037037037,0.8547777777777777,0.8634814814814815,0.8706111111111111,0.8762777777777778,0.8796481481481482,0.8829074074074074,0.8869074074074074,0.8893703703703704,0.8919814814814815,0.8948888888888888,0.8966666666666666,0.8981666666666667,0.9007222222222222,0.9021111111111111,0.9034814814814814,0.9055925925925926,0.9076666666666666,0.9094444444444445,0.9112407407407408,0.9139074074074074,0.9142777777777777,0.9157962962962963,0.917537037037037,0.9179074074074074,0.9191666666666667,0.921037037037037,0.921537037037037,0.9233148148148148,0.923962962962963,0.9265740740740741,0.9251481481481482,0.9282592592592592,0.9297037037037037,0.9289259259259259,0.9307407407407408,0.9310925925925926,0.9318148148148148,0.9332777777777778],"val_loss":[0.5229149334652841,0.42261984451166035,0.3974033325810587,0.3736700020263009,0.4305928876443939,0.39117906115327183,0.3365478020057018,0.3506118655669268,0.3482168712169719,0.36805826257765734,0.31529756092896544,0.3419708652933481,0.35723614768342943,0.30706886346604156,0.32973985830908215,0.3323833675368679,0.3140206389719774,0.3108577763949297,0.31617098962998036,0.32534211004331914,0.3143764119406718,0.2966505828159984,0.324514187489415,0.29481006760939754,0.29788135993489623,0.31013530840483167,0.32382517829483914,0.30879849887388267,0.32493596784564194,0.31232901861532447,0.3079621144646919,0.29993555853104076,0.3405576474524217,0.2919597249479948,0.28792257951960926,0.33189783092890995,0.3146817062132672,0.30802946737219755,0.29383686472523785,0.2885294477127351],"val_acc":[0.8011666666666667,0.844,0.8525,0.8646666666666667,0.845,0.8573333333333333,0.8771666666666667,0.8698333333333333,0.8743333333333333,0.87,0.8841666666666667,0.8768333333333334,0.8706666666666667,0.8863333333333333,0.8806666666666667,0.8796666666666667,0.8845,0.8856666666666667,0.8815,0.8798333333333334,0.8836666666666667,0.8928333333333334,0.8748333333333334,0.8906666666666667,0.8938333333333334,0.8856666666666667,0.8866666666666667,0.8881666666666667,0.8821666666666667,0.8921666666666667,0.8895,0.8921666666666667,0.8886666666666667,0.8983333333333333,0.901,0.8833333333333333,0.892,0.896,0.8996666666666666,0.9011666666666667],"train_loss":[0.6757913467605671,0.4600696011161417,0.4133889131336872,0.38344755933994723,0.36309280250219583,0.34870780665851675,0.3360046133599242,0.3255327883906559,0.31577770305554986,0.30715721248406913,0.29950264448438724,0.29316378742184596,0.28632734128065956,0.280525088719634,0.2744896025777256,0.26950871356131284,0.2639749140972615,0.25937173670593167,0.25411321696348804,0.24926089914784275,0.24597527787931686,0.24029525665738607,0.2371520409905308,0.2338830526747939,0.23003441379332626,0.22631238682681723,0.22329300041312358,0.21878724963686616,0.21676513467077707,0.21324044495464162,0.210503969940586,0.20698074640432065,0.20504492942083302,0.20214119091245886,0.1992521474997364,0.19734314032974817,0.19415506440083938,0.19177746882459343,0.1894274339948377,0.18723366577372477]},"train_accuracy":0.9332777777777778,"epoch":40,"_step":43,"train_loss":0.18723366577372477,"_runtime":156.694942442,"test_accuracy":0.8882,"_wandb":{"runtime":156},"total_training_time":155.48328757286072,"confusion_matrix_table":{"_type":"table-file","sha256":"fef251763f7e9e8c929b93135df3fa8da1ee33284089a0d65b624595a3de978a","size":2930,"artifact_path":"wandb-client-artifact://aywbo26ceajesgsk332davqwej50lt6p9bz8sj116byk4kc91ezl9plwt01yp4n5774rzy4rxabs4ab3gae167wimtvbelydmkrn3eyzbe7fek1ki1gikesj4hffm1of/confusion_matrix_table.table.json","_latest_artifact_path":"wandb-client-artifact://l90aub2oxp1vr9i893uqsmnx95ya0el5i8vqevemecug78v3vmdnd2xw54vc12nnn5qcwg89enfdiujul75c04lepanfir7zlo6gnyhzu0b1p6wjj0t35h12bkhifiyi:latest/confusion_matrix_table.table.json","path":"media/table/confusion_matrix_table_43_fef251763f7e9e8c929b.table.json","ncols":3,"nrows":100},"epoch_time":4.338170051574707,"val_loss":0.2885294477127351,"_timestamp":1.741342860260996e+09,"val_accuracy":0.9011666666666667}