{"train_loss":2.306072062458726,"confusion_matrix_table":{"path":"media/table/confusion_matrix_table_13_fde76a3ad560a8d9e3d8.table.json","ncols":3,"nrows":100,"_type":"table-file","sha256":"fde76a3ad560a8d9e3d8af65329ead9e0fc5eb7c4f2377967c2e27d07ba92fba","size":2912,"artifact_path":"wandb-client-artifact://xst2qdh9353e0t6kjm7cgiosgvtcawll5yo91u6erks028r42sa3y49cl57yp89d8elmpdf49sx3y0j0xfvc9uaclk61iy5655phiv9c14bfuq83br25sjnw9x9yb9x0/confusion_matrix_table.table.json","_latest_artifact_path":"wandb-client-artifact://naldi4j2qkxk5rlc65qu2put0i6u10dkq1rq7cmyd440mbluzo0v0carp0wesh9afqctwrjznnxoz10oisc1kak2z17fodn75r2f26li1g7se31vup5kgk43y79qfkx2:latest/confusion_matrix_table.table.json"},"total_training_time":357.71540927886963,"val_accuracy":0.10016666666666667,"Model Run history":{"train_loss":[2.306073638068536,2.306140694591894,2.3056553522268013,2.3055859718196645,2.3053242212221,2.305790758091655,2.3056516527906896,2.305478651861466,2.3057322142494017,2.306072062458726],"train_acc":[0.09916666666666667,0.09809259259259259,0.09948148148148148,0.10087037037037037,0.10101851851851852,0.09811111111111111,0.1015925925925926,0.10022222222222223,0.1002037037037037,0.10042592592592593],"val_loss":[2.3061494132190643,2.3067426187478524,2.3057365444949123,2.3042083930105397,2.3070750099726403,2.3075003315591083,2.3067869797282503,2.3045781545740835,2.30828796254582,2.3068276838581485],"val_acc":[0.09933333333333333,0.09833333333333333,0.10716666666666666,0.10716666666666666,0.1015,0.1015,0.101,0.1015,0.10016666666666667,0.10016666666666667]},"val_loss":2.3068276838581485,"_runtime":359.144581054,"epoch":10,"test_accuracy":0.1,"_step":13,"train_accuracy":0.10042592592592593,"_wandb":{"runtime":359},"_timestamp":1.7411659812186022e+09,"epoch_time":37.31040096282959}