{"val_accuracy":0.09983333333333333,"train_loss":2.3090157313868254,"_wandb":{"runtime":29},"test_accuracy":0.1,"epoch_time":1.7540409564971924,"_step":13,"Model Run history":{"train_acc":[0.10077777777777777,0.10077777777777777,0.10138888888888889,0.10092592592592593,0.10033333333333333,0.09770370370370371,0.1022962962962963,0.11925925925925926,0.09962962962962962,0.1004074074074074],"val_loss":[2.307888104045893,2.313498714172375,2.3091838655493686,2.303736721736783,2.311421515265439,2.3112427620892753,2.307387325431309,2.307738202234932,2.3058857429494637,2.3132552147034975],"val_acc":[0.10016666666666667,0.09433333333333334,0.1005,0.09983333333333333,0.09983333333333333,0.10416666666666667,0.10016666666666667,0.096,0.10016666666666667,0.09983333333333333],"train_loss":[2.3085723862541383,2.30822816285523,2.3091298222584404,2.3089055002546575,2.3084103385268055,2.308519189737895,2.3080419226396867,2.2938537606858405,2.3102870375805344,2.3090157313868254]},"_runtime":29.087851728,"_timestamp":1.741192676629554e+09,"train_accuracy":0.1004074074074074,"total_training_time":27.45424747467041,"confusion_matrix_table":{"ncols":3,"nrows":100,"_type":"table-file","sha256":"88f44e1bb5c1672f9adb05ebfd911dde84797f91cf645b82e9a89f538015d355","size":2912,"artifact_path":"wandb-client-artifact://rs50x2793i9pzlvgaq5tp8sxz6j3vg3f3f6n4vynkq5kahpdh4dzuy4t4zer25xyp6cdzpg8kp6wr53ctf1osq2iy88gpqv3dsbxd9iuzm9caj3wpgl5obaglgyxtetn/confusion_matrix_table.table.json","_latest_artifact_path":"wandb-client-artifact://s56mf5q7qh1ik4godxciss0zqj5sezrokvndq7674ruchnl7nciuh9fspe158eo0pmd19mygdghyz2q5tjhf8mt8xi9rsn8stizto5b0838jqaj8cpfwj1adncna6c51:latest/confusion_matrix_table.table.json","path":"media/table/confusion_matrix_table_13_88f44e1bb5c1672f9adb.table.json"},"epoch":10,"val_loss":2.3132552147034975}