{"epoch":10,"confusion_matrix":{"sha256":"adb801647d430cb4f241cdbc807e41f250c812610ac3344018fe936b13bdc024","size":48039,"path":"media/images/confusion_matrix_12_adb801647d430cb4f241.png","format":"png","width":1000,"height":800,"_type":"image-file"},"_wandb":{"runtime":60},"val_accuracy":0.097,"val_loss":2.3028468484096685,"_timestamp":1.7409108523304594e+09,"_step":12,"epoch_time":4.8057379722595215,"test_accuracy":0.1,"train_loss":2.3031033051383782,"total_training_time":58.4259512424469,"train_accuracy":0.0986,"_runtime":60.840815716}