{"Model Run history":{"val_loss":[0.4612738789981698,0.47745394453211715,0.3845675562814901,0.43260999449486254,0.40551352001399277,0.38328729153196806,0.4364365999305832,0.4001602047246789,0.4473086422785444,0.3757325526211882],"val_acc":[0.8368333333333333,0.823,0.8628333333333333,0.8488333333333333,0.851,0.8628333333333333,0.8461666666666666,0.8603333333333333,0.8451666666666666,0.866],"train_loss":[0.5644959155085205,0.41715700824638685,0.37994641849905586,0.36348322437788994,0.35146057374409007,0.3414128825759645,0.33619940996615877,0.3297674572733176,0.3253958814271532,0.3207596027817116],"train_acc":[0.8038703703703703,0.8507777777777777,0.8623518518518518,0.8693703703703703,0.872462962962963,0.876,0.8778148148148148,0.880462962962963,0.8814814814814815,0.8824444444444445]},"_runtime":22.524000403,"total_training_time":21.363007307052612,"_timestamp":1.7412400888743997e+09,"epoch":10,"epoch_time":2.8757216930389404,"train_loss":0.3207596027817116,"_wandb":{"runtime":22},"val_loss":0.3757325526211882,"confusion_matrix_table":{"_type":"table-file","sha256":"7fe1ae77a6ea08a3fb42b527e425eee5b381b61c34f4a1e1a2c70185be0f9280","size":2933,"artifact_path":"wandb-client-artifact://zoxijytbbbe6m5ivb1i270v0eh688xik240vr5c8zue40uowfgwt5vno6m9qnem76eveo9e93fhkxjtxedw4b4jz8a1q8uwiur56h9uaisr08db2o6z01u2om48zs0js/confusion_matrix_table.table.json","_latest_artifact_path":"wandb-client-artifact://lih1gr6wp3djbbq4ib7e2r5segxbwygnk7fe8rn9chs83a4ba6gcwjt3o5jqepel2ov7xo96tiny9tgmz6cig8pxz0qpgxz1r2oq7dstr3q0l6566xtfgta1xu1n1nw0:latest/confusion_matrix_table.table.json","path":"media/table/confusion_matrix_table_13_7fe1ae77a6ea08a3fb42.table.json","ncols":3,"nrows":100},"test_accuracy":0.8547,"train_accuracy":0.8824444444444445,"val_accuracy":0.866,"_step":13}