{"train_loss":0.26887818679009,"confusion_matrix_table":{"sha256":"62357f4fe293c24e839c718ea81a4da07b103bccdb23699e2df45e4452480bc6","size":2929,"artifact_path":"wandb-client-artifact://p3hk7hgtf363lwma811jhkq6plfyy94vhb0wevc6v60mo98ktk4w142l95rbgy7zck39ud73xfsezzne6hjz4zbs9qaeg10nhtgdtxnabt9gar1ho3w0xvtg3lwkpgu3/confusion_matrix_table.table.json","_latest_artifact_path":"wandb-client-artifact://4m1fkoc8hsmqilfcs9hpmanjdegd9f5a51ynewp6icc4hd508wr7232xs9w4jxmqh9vp1jxsizhkjyprgs5yonz8n2urkvg9x5po7qs4jjwdodfp6r3hllayluzewkl6:latest/confusion_matrix_table.table.json","path":"media/table/confusion_matrix_table_13_62357f4fe293c24e839c.table.json","ncols":3,"nrows":100,"_type":"table-file"},"epoch":10,"total_training_time":31.99611783027649,"Model Run history":{"val_loss":[0.4059802546094933,0.41604239977107915,0.3644478987346497,0.32998438539732017,0.3288456872798522,0.32264353747018926,0.3192487595104784,0.3111374141098102,0.3228665555942032,0.31820495815859684],"val_acc":[0.847,0.845,0.8646666666666667,0.8771666666666667,0.8763333333333333,0.8825,0.8861666666666667,0.8863333333333333,0.8868333333333334,0.8825],"train_loss":[0.5378437351406631,0.3909330616243466,0.3587375172532617,0.3352904921726308,0.319990148354144,0.30598595991375543,0.2951106735559101,0.285007809533847,0.27593811281466724,0.26887818679009],"train_acc":[0.8120185185185185,0.8589444444444444,0.8696851851851852,0.8775925925925926,0.8831851851851852,0.8875740740740741,0.890462962962963,0.8943888888888889,0.898425925925926,0.9005555555555556]},"_step":13,"epoch_time":3.152529001235962,"_timestamp":1.7412001353801286e+09,"val_loss":0.31820495815859684,"test_accuracy":0.8688,"train_accuracy":0.9005555555555556,"_wandb":{"runtime":33},"val_accuracy":0.8825,"_runtime":33.12622354}