{"train_accuracy":0.89204,"total_training_time":14.8182213306427,"test_accuracy":0.8694,"val_accuracy":0.8768,"_runtime":15.906657284,"epoch":10,"epoch_time":1.4789702892303467,"train_loss":0.2926441632580354,"_timestamp":1.7409088904647424e+09,"_wandb":{"runtime":15},"_step":12,"val_loss":0.3576744563305926,"confusion_matrix":{"width":1000,"height":800,"_type":"image-file","sha256":"0637f2c860243e9cdd10b0d1dc194375546cfca46614cb90349f7b634fd5f85a","size":59625,"path":"media/images/confusion_matrix_12_0637f2c860243e9cdd10.png","format":"png"}}