{"test_accuracy":0.9638,"_step":13,"epoch_time":2.6622064113616943,"_timestamp":1.742214595898977e+09,"_wandb":{"runtime":25},"total_training_time":24.179422616958618,"val_accuracy":0.9653333333333334,"train_loss":0.05652987518765064,"epoch":10,"Model Run history":{"val_loss":[0.17609776589729031,0.15616812547776712,0.1251425738502643,0.13851482066846113,0.11911122886355474,0.12341039304828312,0.10580667052064331,0.11603497311662593,0.11995978231070632,0.1299018526982426],"val_acc":[0.9486666666666667,0.9526666666666667,0.9613333333333334,0.962,0.9646666666666667,0.9628333333333333,0.9663333333333334,0.9651666666666666,0.9661666666666666,0.9653333333333334],"train_loss":[0.3003955757542262,0.16116116592686658,0.12663731745564416,0.10707365197370128,0.09387978541727962,0.08278278411343779,0.0730481177298904,0.06699434110404878,0.06029649302978838,0.05652987518765064],"train_acc":[0.9126296296296297,0.9532222222222222,0.9620925925925926,0.9674259259259259,0.9711111111111111,0.9742962962962963,0.9768888888888889,0.9797037037037037,0.9808148148148148,0.9821111111111112]},"confusion_matrix_table":{"_type":"table-file","sha256":"ea916e92e67d566fcc9d511915998eea60ba7faea8a267a97935f04bb7791f18","size":1793,"artifact_path":"wandb-client-artifact://n3ykmyrdxypfmpyebih6auw7irx7rpov40keahy38pd49dfadtu4tqj3hn7skxj994t1ifge4836o6pt4kmmpof8jjkwrskey05yf8g65ckkns4jcqyw15i8lr4ht2zm/confusion_matrix_table.table.json","_latest_artifact_path":"wandb-client-artifact://mfrr9zxbx25nqo1hgd7z865qanhbgv6vqynb92l2garfplsds9iysowb3n3vn4nwh10rigqcky2lb0k1bhth5ualag03z2n2sxskespujbb3vxatjwgxnzsu2ibapkhg:latest/confusion_matrix_table.table.json","path":"media/table/confusion_matrix_table_13_ea916e92e67d566fcc9d.table.json","ncols":3,"nrows":100},"val_loss":0.1299018526982426,"_runtime":25.26176222,"train_accuracy":0.9821111111111112}