{"total_training_time":13.628007888793945,"_runtime":14.848965875,"train_loss":0.2713904602300386,"epoch":10,"_wandb":{"runtime":14},"train_accuracy":0.9007962962962963,"_timestamp":1.7412405523159292e+09,"val_accuracy":0.8756666666666667,"test_accuracy":0.8719,"epoch_time":1.3681504726409912,"Model Run history":{"val_acc":[0.8495,0.8628333333333333,0.8711666666666666,0.8735,0.8728333333333333,0.8816666666666667,0.8731666666666666,0.8733333333333333,0.876,0.8756666666666667],"train_loss":[0.5746205952473301,0.388680145789603,0.35451215441573247,0.33421517937314577,0.3181899617373261,0.3049107940938674,0.29336510782618946,0.2856472596598029,0.27748107203138395,0.2713904602300386],"train_acc":[0.8106666666666666,0.860462962962963,0.8715,0.8784074074074074,0.8848888888888888,0.8897222222222222,0.8938888888888888,0.8959444444444444,0.8988888888888888,0.9007962962962963],"val_loss":[0.42023532568881855,0.3833413384796622,0.37021012756058597,0.3524387097351914,0.3608090709742617,0.3456678990561571,0.35311254712993284,0.3554148525000146,0.35818993720454295,0.34842123111216444]},"confusion_matrix_table":{"sha256":"180898cabb53de2532c9c9f22484673ffe1c9f0321d241a0a803b93fc29e5711","size":2932,"artifact_path":"wandb-client-artifact://oejjd6sr0craijz58edvup1wgl1no8jf77w0baml743mcyrmtge41nwsqf3rc9x0qtghy32fstkyyxw3cghgj050ff864ro8mq08fzn6dhp52mo52j5eq3vmb6gftr23/confusion_matrix_table.table.json","_latest_artifact_path":"wandb-client-artifact://221efq95ni6pq5f979mvmibvcfnpucgo4rontxg0q25oixgkh7ssdn5exzvodwt3cyhdu40zhkp0d22pqv6zzy68ep47z28de6eph9fxje65zjwq1xcm3ldb0p5awqon:latest/confusion_matrix_table.table.json","path":"media/table/confusion_matrix_table_13_180898cabb53de2532c9.table.json","ncols":3,"nrows":100,"_type":"table-file"},"_step":13,"val_loss":0.34842123111216444}