{"train_loss":0.42312470953616926,"val_loss":0.40803892794754393,"val_accuracy":0.8523333333333334,"train_accuracy":0.8485,"confusion_matrix_table":{"_latest_artifact_path":"wandb-client-artifact://a836rqvjg7ydoyos2jwyuqynctbzy2c4fw7j7szjul54sq1gshkxf4t0paukt7uxqn1ve9tvl7ijxia1fbga1ir0gx14l65tb40otmcorn7to5qp8j5jotszbb58ytnw:latest/confusion_matrix_table.table.json","path":"media/table/confusion_matrix_table_43_2665c50944f91cc9f706.table.json","ncols":3,"nrows":100,"_type":"table-file","sha256":"2665c50944f91cc9f7067c060cb9f6a28cd47fb510313fc5b604c1d1f31c6b24","size":2932,"artifact_path":"wandb-client-artifact://ce057rfjn5jt92vg1ndm1jmen0f8cth144d9wdpyvoylkf9308fhrhr7eq6fiweq2bnpuyyvfbkwv3v74blheqvjak101n2rl45t952ppl7tqutpbrr4s41f6hu2nde9/confusion_matrix_table.table.json"},"_wandb":{"runtime":203},"total_training_time":202.35457563400269,"_step":43,"_timestamp":1.7413487068980792e+09,"test_accuracy":0.8449,"epoch_time":5.309126615524292,"_runtime":203.527425773,"Model Run history":{"val_loss":[0.46765471584127505,0.44569181325560947,0.44384587416559307,0.41950289351024544,0.4782731796663551,0.4447832059475575,0.43746953366255237,0.4080750990504921,0.3841038967971737,0.44208807151223173,0.4510866130137915,0.4186306951519635,0.4357281429530687,0.4051894587271163,0.41051402744055093,0.5009131363071999,0.41486383043703245,0.4239803246590909,0.5897807627402951,0.4035832336747404,0.45118147732750724,0.41384840901891035,0.4360406305413389,0.39382952588546083,0.45717089412056816,0.44164733733967665,0.4086930187570346,0.4808617849371475,0.38941257713393007,0.38935238430521313,0.4585108034091975,0.436772461495108,0.44361156987294387,0.45479572912106536,0.4100157804766064,0.4171839574088153,0.40296671784731025,0.4334145772771628,0.40275528899465046,0.40803892794754393],"val_acc":[0.8336666666666667,0.8323333333333334,0.8358333333333333,0.8513333333333334,0.8295,0.8383333333333334,0.844,0.8468333333333333,0.8615,0.834,0.8373333333333334,0.8503333333333334,0.8361666666666666,0.8481666666666666,0.8463333333333334,0.8145,0.8466666666666667,0.8391666666666666,0.7958333333333333,0.851,0.8368333333333333,0.8493333333333334,0.8335,0.8575,0.8295,0.8356666666666667,0.8451666666666666,0.819,0.853,0.8608333333333333,0.8345,0.8355,0.8356666666666667,0.8268333333333333,0.8453333333333334,0.8488333333333333,0.8536666666666667,0.8426666666666667,0.8483333333333334,0.8523333333333334],"train_loss":[0.608639278046909,0.47318650740682205,0.4516359651324845,0.44543496115035597,0.44188922766005356,0.4328975675790062,0.43320007139234545,0.43478553579965024,0.43029089340701526,0.4291882865627829,0.4293271706442166,0.4282404109837108,0.42886885179112494,0.4301864598525881,0.42561340129748443,0.4248050397713539,0.426388102684635,0.4271094962947342,0.4230448177035098,0.43185710090910107,0.4278633142132092,0.41916520620091324,0.4272905568594489,0.4270436416539508,0.4262025880411224,0.42418046892060013,0.426249419277105,0.42553870780743025,0.4261888717195407,0.4198533787272947,0.4221382463322395,0.4242064929692014,0.42185139321096105,0.4279215573734937,0.4259449774340392,0.42185612414380996,0.42181273321368945,0.4227159123057699,0.42636083904994726,0.42312470953616926],"train_acc":[0.7939814814814815,0.8343148148148148,0.8409074074074074,0.8398148148148148,0.8421296296296297,0.8463888888888889,0.8465185185185186,0.8437777777777777,0.8461851851851852,0.8479629629629629,0.8468148148148148,0.847,0.8490185185185185,0.8437037037037037,0.8484074074074074,0.8487777777777777,0.847574074074074,0.8477407407407408,0.8482407407407407,0.8445555555555555,0.8478333333333333,0.8497592592592592,0.8474074074074074,0.8487407407407408,0.8483518518518518,0.8482592592592593,0.8477592592592592,0.8500555555555556,0.8480925925925926,0.8506666666666667,0.8493518518518518,0.8486851851851852,0.8492222222222222,0.8467962962962963,0.8479814814814814,0.8491296296296297,0.8491296296296297,0.8497592592592592,0.8487407407407408,0.8485]},"epoch":40}