{"epoch_time":2.386014699935913,"_runtime":11.932330852,"test_accuracy":0.951,"val_accuracy":0.9478333333333333,"epoch":5,"_step":8,"train_accuracy":0.9507037037037037,"train_loss":0.19711188010939573,"val_loss":0.17976329888031872,"_timestamp":1.74221366615568e+09,"total_training_time":10.847589015960693,"Model Run history":{"val_loss":[0.2972871953602943,0.254086723453332,0.2140629711509513,0.2106257095609431,0.17976329888031872],"val_acc":[0.907,0.9248333333333333,0.9345,0.9373333333333334,0.9478333333333333],"train_loss":[0.5424952709727269,0.27440436893129483,0.23349597225263116,0.21196224543323247,0.19711188010939573],"train_acc":[0.848037037037037,0.9298888888888889,0.9401296296296296,0.9461666666666667,0.9507037037037037]},"_wandb":{"runtime":11},"confusion_matrix_table":{"size":1801,"artifact_path":"wandb-client-artifact://762tz96to2h6l588xqrre0r2lsl97whxogx9exo2jp1yrcm9ytlnjb79smmuweztxsoa0oio9quycf8j79uf6ufpy9aq42dnf3vcggy4w1bu4kj6zfuy2sii7r29muux/confusion_matrix_table.table.json","_latest_artifact_path":"wandb-client-artifact://t5a69q1yegtc29zce96xlmv7vxouum1qwpps0tpdx9x1syybvxxrou8issi5j1vv9rh8p615tae7sgn29j9vof2jlhvcshhy2juoa4y9dobtllft6ke97okkdvws05kw:latest/confusion_matrix_table.table.json","path":"media/table/confusion_matrix_table_8_4e2e1f76cb1ad9c8ec9c.table.json","ncols":3,"nrows":100,"_type":"table-file","sha256":"4e2e1f76cb1ad9c8ec9ce785eedd987bfbc81c61898786c8885994b2747b30b4"}}