{"epoch_time":4.447270393371582,"_runtime":26.082159224,"confusion_matrix_table":{"_latest_artifact_path":"wandb-client-artifact://wwtcirrqi9i7vrubd9sdsbq8723ynisdfibohnsopzpcvbhjf5vg03juaxp2xf1zl1985ri2sxawy4ntea6ncsbpa83ex3yn45tyea55vgcj53ba4yp175jomwudcb9r:latest/confusion_matrix_table.table.json","path":"media/table/confusion_matrix_table_8_f7a462f5dbe7c95770ab.table.json","ncols":3,"nrows":100,"_type":"table-file","sha256":"f7a462f5dbe7c95770abd9aea66fd2aad69b387af3a97f60b4db684acdcc228d","size":2931,"artifact_path":"wandb-client-artifact://aruev3rfghtcwo5tyhnj4jq5tjp5v5xx928f2ersct6x0sd6p8apcfahhzybacu7kpsq04grsdr9qbm2rs0lyzy55oh29bpm0cuibwha4xb6cu6za1eb4i23a1okbghs/confusion_matrix_table.table.json"},"_wandb":{"runtime":26},"test_accuracy":0.8582,"_step":8,"train_accuracy":0.8732962962962963,"train_loss":0.34618067432487626,"Model Run history":{"train_loss":[0.5283389254168062,0.41115536742975695,0.37766793293898065,0.3594096495752704,0.34618067432487626],"train_acc":[0.8101111111111111,0.8501666666666666,0.8623703703703703,0.8688333333333333,0.8732962962962963],"val_loss":[0.44286340194426665,0.3815007803373513,0.35186109384739156,0.4008510667985125,0.3633051829637592],"val_acc":[0.8426666666666667,0.8628333333333333,0.8798333333333334,0.8543333333333333,0.861]},"epoch":5,"total_training_time":24.99727702140808,"val_loss":0.3633051829637592,"_timestamp":1.7411956508860545e+09,"val_accuracy":0.861}