{"Model Run history":{"train_acc":[0.7914444444444444,0.8496296296296296,0.8645925925925926,0.8723888888888889,0.8785,0.8829259259259259,0.8871666666666667,0.8904074074074074,0.8940370370370371,0.8959814814814815,0.8982407407407408,0.9011111111111111,0.9029444444444444,0.9051851851851852,0.9076851851851852,0.9094814814814814,0.9105740740740741,0.9123888888888889,0.9147037037037037,0.917074074074074,0.9175185185185185,0.919074074074074,0.9195740740740741,0.9212962962962963,0.9210555555555555,0.9236481481481481,0.9237037037037037,0.9247222222222222,0.9261481481481482,0.9265555555555556,0.9283148148148148,0.9297777777777778,0.929,0.930037037037037,0.9314259259259259,0.9319259259259259,0.9327407407407408,0.9345185185185185,0.9343518518518519,0.9353333333333333],"val_loss":[0.4471673463186809,0.3966258317375475,0.38045755059231023,0.354290632165729,0.3784031295905912,0.3351542913622208,0.3235120712864816,0.3236588563883745,0.334567060740145,0.32344509579699326,0.3147926167781181,0.3147913262270305,0.3204952381139269,0.3193369243228676,0.3016711664400949,0.2931604176845231,0.3117508318096835,0.30502319637779746,0.3001229367792353,0.29634929786793457,0.29252466799016386,0.2987315404269916,0.29009253148431463,0.2957243235183149,0.34409235715669073,0.3497300680324957,0.31346442517144907,0.3000560013935564,0.3298618442130642,0.30190374864933434,0.29575733294102424,0.30153949312978384,0.29051464824537143,0.296862991803296,0.3153136340774235,0.3082055289182965,0.3196351781621977,0.2963659766512208,0.2919952731185021,0.3410455885821597],"val_acc":[0.839,0.8573333333333333,0.8611666666666666,0.8703333333333333,0.8593333333333333,0.8763333333333333,0.882,0.8775,0.8741666666666666,0.8831666666666667,0.8855,0.8848333333333334,0.8858333333333334,0.8816666666666667,0.8913333333333333,0.8891666666666667,0.8861666666666667,0.8938333333333334,0.8926666666666667,0.8943333333333333,0.8931666666666667,0.8908333333333334,0.8938333333333334,0.8966666666666666,0.8776666666666667,0.8765,0.887,0.8908333333333334,0.8813333333333333,0.893,0.8941666666666667,0.8923333333333333,0.8983333333333333,0.8955,0.892,0.8878333333333334,0.8868333333333334,0.8931666666666667,0.897,0.8856666666666667],"train_loss":[0.6106846334302477,0.4333654603006861,0.3902358097873306,0.3648385140590544,0.3463875317603791,0.33297788615502855,0.32059958733675403,0.3103621902915644,0.30044807787896277,0.2941513176993974,0.28576203716226073,0.27869197679419505,0.27331287722557407,0.26556637162631086,0.26165651656576394,0.256573096280321,0.2516937792512164,0.24692510427432435,0.24273162314220617,0.23682148334261138,0.23289799207204817,0.230124307007436,0.22838083001952222,0.2246937978776706,0.22001852031171143,0.21826162421108564,0.21529338385474367,0.21163206938300042,0.20800982423510403,0.20545965849101866,0.20288027237677142,0.1991307012107033,0.19801207276915406,0.19489586278433274,0.19071054467964196,0.19164141914988653,0.1883034916358688,0.18599223405454596,0.18538130340178385,0.1821775355113695]},"confusion_matrix_table":{"_type":"table-file","sha256":"d1fb36af0b2f43837f90df50a3a744b4653dffc56ea761194f64b2be0f7528d2","size":2929,"artifact_path":"wandb-client-artifact://0flpv43vcqk8af29knu4x666zl0zmcpnlj2md3t52jkou1ukft5hv0ng2sth9otjo35cju1k4k8pphvat3t5z94hug3z32pbmdbwxs4g6clv80q9arvbnoy9xz4fsp68/confusion_matrix_table.table.json","_latest_artifact_path":"wandb-client-artifact://tmy0il4kvye4d68k35diadz5odkohoq53c8d02tqlaq4pdbnupsz8ilyg7x3k9l4iksftfjaaxwol1rziwggk7cptd4cgobwhgfs5iw732nrn4gkb456s0l2tiw4yr8k:latest/confusion_matrix_table.table.json","path":"media/table/confusion_matrix_table_43_d1fb36af0b2f43837f90.table.json","ncols":3,"nrows":100},"total_training_time":241.7238688468933,"epoch_time":6.47027850151062,"epoch":40,"test_accuracy":0.8787,"val_accuracy":0.8856666666666667,"train_loss":0.1821775355113695,"_step":43,"_runtime":242.929973036,"train_accuracy":0.9353333333333333,"val_loss":0.3410455885821597,"_wandb":{"runtime":242},"_timestamp":1.7413641873906007e+09}