{"total_training_time":109.94603300094604,"epoch":40,"val_loss":0.30692671910420255,"train_accuracy":0.9268703703703703,"_timestamp":1.741344156423987e+09,"_step":43,"train_loss":0.19265979524234725,"Model Run history":{"val_acc":[0.8438333333333333,0.8575,0.8696666666666667,0.8745,0.881,0.8755,0.8851666666666667,0.8858333333333334,0.8881666666666667,0.8841666666666667,0.8791666666666667,0.8921666666666667,0.8906666666666667,0.8876666666666667,0.888,0.8916666666666667,0.8916666666666667,0.8805,0.8906666666666667,0.882,0.89,0.8771666666666667,0.8911666666666667,0.8963333333333333,0.8891666666666667,0.891,0.8993333333333333,0.8873333333333333,0.89,0.8926666666666667,0.8921666666666667,0.9018333333333334,0.8921666666666667,0.8885,0.8865,0.8913333333333333,0.8866666666666667,0.8923333333333333,0.8946666666666667,0.89],"train_loss":[0.5700509972041095,0.40536855390941934,0.36700140211619325,0.3439821107428004,0.32638176781355255,0.31221003605356545,0.3022934829844648,0.2942618008860681,0.28501208737108513,0.2762034744281208,0.2720410718193984,0.26679993224534576,0.2617080718839222,0.2570525742135843,0.2525634111236446,0.24531120969370077,0.24373171959810985,0.24144538473203508,0.23905109916311132,0.23237551379538648,0.2321785042250447,0.22876628059347875,0.22700757153736129,0.22119074444912942,0.22084357037987762,0.21643114139926536,0.2144656239158991,0.21112526295666914,0.21224529759819746,0.20953917556195623,0.20814766490294215,0.20825819187811517,0.20640781210201142,0.20147647359594656,0.20244036544517732,0.19948701687020065,0.20176279799243815,0.19677383999515916,0.196130258818906,0.19265979524234725],"train_acc":[0.7969444444444445,0.8522037037037037,0.866,0.8722962962962963,0.879462962962963,0.8851111111111111,0.8880370370370371,0.8912962962962963,0.8943518518518518,0.898,0.9002777777777777,0.9001666666666667,0.9019259259259259,0.9044444444444445,0.9055740740740741,0.9070555555555555,0.9094074074074074,0.9097407407407407,0.9101666666666667,0.9144074074074074,0.9142037037037037,0.9143888888888889,0.9154074074074074,0.9184814814814815,0.9177962962962963,0.9192962962962963,0.919962962962963,0.9211481481481482,0.9204444444444444,0.9218333333333333,0.9223703703703704,0.9216296296296296,0.921962962962963,0.9248518518518518,0.9231111111111111,0.9253518518518519,0.9241111111111111,0.9268703703703703,0.9264814814814815,0.9268703703703703],"val_loss":[0.4240188103044966,0.39001716747399806,0.35228956222805685,0.3345980111332815,0.31967370708495674,0.3350794840740639,0.31381160464827557,0.3040441544921502,0.3040153425604417,0.30792366848287045,0.3235205955834146,0.30391888986712384,0.301089452465899,0.3029502280444549,0.3067375411830997,0.29884553670220887,0.3020262577068843,0.3309904822416686,0.2905911600888456,0.31421858019326326,0.30838575821334774,0.340245742414933,0.31714748113688307,0.29395191898147094,0.30666998334100726,0.29510953247597643,0.28926076382085514,0.3105542837536403,0.30884541021889855,0.31256986224097105,0.3076357132275885,0.2829162684399638,0.30265958515282054,0.3113799071572354,0.3207983910997423,0.3071173425022526,0.32774589621503064,0.298611143537388,0.30610251011071005,0.30692671910420255]},"_wandb":{"runtime":111},"_runtime":111.053036692,"val_accuracy":0.89,"test_accuracy":0.8873,"epoch_time":3.113222360610962,"confusion_matrix_table":{"sha256":"f1b6597f82ca827f25697bf084185971b6a296ab3f6da4d4c35822ecf36d4505","size":2929,"artifact_path":"wandb-client-artifact://my82lba9hutfs223cutvh7252cn0yvt0sepw1fp8pjbu06fjf2q7wkmg8w1sgw1xx7m6x1n8rzjgxr5s7535tjdrz6rd1g2qhk6r6qjb7c2iwwwsehbrmao3xlzme7dc/confusion_matrix_table.table.json","_latest_artifact_path":"wandb-client-artifact://ac4a9v90vx29yq2tb0k9aiuur2whromkwqh4z8fu12jreg29hfo1ym5g5fr0fwgqakjnc12hlnbmuh7m5tcuq2itdzvpc01g495pk7v32hyw9sgbd1h6s5gjf51w6w8d:latest/confusion_matrix_table.table.json","path":"media/table/confusion_matrix_table_43_f1b6597f82ca827f2569.table.json","ncols":3,"nrows":100,"_type":"table-file"}}