{"train_accuracy":0.8254814814814815,"confusion_matrix_table":{"sha256":"39e9a970f9b4e4a3d6d13e2468cc2dc40f5f599ac086334fd84a8cf9d328d87c","size":2932,"artifact_path":"wandb-client-artifact://hfti9yghllu5g4s3pz091l5e4apvneaoisdcv3y6vliqujtezczsrf8f2jf1ei74j4bjzcdobao96i2blf8jx3htaid52s601d3jkroyda6qyjlv36mj2tnobt853au1/confusion_matrix_table.table.json","_latest_artifact_path":"wandb-client-artifact://jaldme6pgrc1f8amdjstgayctq8yqdq5ymnyvmbcfvb1jdpala6apnwintq3oes2bp9w8v7ppis5duvh1wqx0f4lzlumg0h3q02z1v49vbwb66tdylnygkooqnvwyv9v:latest/confusion_matrix_table.table.json","path":"media/table/confusion_matrix_table_8_39e9a970f9b4e4a3d6d1.table.json","ncols":3,"nrows":100,"_type":"table-file"},"val_loss":0.485507936456059,"epoch_time":1.879204511642456,"_runtime":10.772743878,"_step":8,"_wandb":{"runtime":10},"train_loss":0.49881110491871583,"val_accuracy":0.832,"epoch":5,"Model Run history":{"train_loss":[0.6561401876993878,0.5239785642202957,0.5096495225253398,0.5032274937361852,0.49881110491871583],"train_acc":[0.7690555555555556,0.8146851851851852,0.8226481481481481,0.823962962962963,0.8254814814814815],"val_loss":[0.5654769120274591,0.4934757520258764,0.5264352517709944,0.5252150164349332,0.485507936456059],"val_acc":[0.7963333333333333,0.828,0.8073333333333333,0.8166666666666667,0.832]},"_timestamp":1.741194504981781e+09,"test_accuracy":0.8276,"total_training_time":9.68729853630066}