{"train_loss":0.4071220000130706,"_wandb":{"runtime":16},"val_loss":0.41965758302745454,"test_accuracy":0.8472,"epoch_time":3.067901849746704,"val_accuracy":0.8507,"_timestamp":1.7409126154136896e+09,"confusion_matrix":{"_type":"image-file","sha256":"3a1255fdec13f245b8a90603e12335b52c0f4e19da6c9c4bff3ea58137bfad67","size":62897,"path":"media/images/confusion_matrix_7_3a1255fdec13f245b8a9.png","format":"png","width":1000,"height":800},"_runtime":16.141062759,"total_training_time":14.92335844039917,"train_accuracy":0.85598,"epoch":5,"_step":7}