{"_step":43,"train_loss":0.1893631519811939,"val_accuracy":0.8775,"total_training_time":201.24468970298767,"confusion_matrix_table":{"sha256":"813df08a89b5ce646950c7005fe5392078dc52e00284b8e6be00d5cf913ed970","size":2929,"artifact_path":"wandb-client-artifact://ssamd4dnppq6q5xskhh8qvliqeb0fkec2d5c09fow51qrgnur7qm2u8snwg957ve8btloiayonj8rpf5l34nf6h2blcyvpn21ofhzviu00kj8c7jxpd8aly6ozg9rx5c/confusion_matrix_table.table.json","_latest_artifact_path":"wandb-client-artifact://w6dh9umurhf1rsijv9ytw6f5e1s67gw43u2mmxvbeorm2pfgd9wf9p6qhpguk6ofszuxnir4e3i12twmlsw07mg1s5cmbktck43bw4cyq7mclex2o1r4lqasl08aftg1:latest/confusion_matrix_table.table.json","path":"media/table/confusion_matrix_table_43_813df08a89b5ce646950.table.json","ncols":3,"nrows":100,"_type":"table-file"},"_wandb":{"runtime":202},"epoch":40,"_runtime":202.400859987,"val_loss":0.333999793077733,"Model Run history":{"train_acc":[0.7730185185185185,0.8402592592592593,0.8547777777777777,0.8649074074074075,0.8724814814814815,0.8761111111111111,0.8808703703703704,0.8842777777777778,0.886425925925926,0.8907407407407407,0.8916111111111111,0.895462962962963,0.8972592592592593,0.8994629629629629,0.9002592592592593,0.9025185185185185,0.9060555555555555,0.906537037037037,0.9071851851851852,0.9099814814814815,0.9110185185185186,0.912425925925926,0.9140925925925926,0.9155555555555556,0.9156296296296297,0.9181481481481482,0.9186111111111112,0.9201111111111111,0.9210555555555555,0.9223518518518519,0.9234629629629629,0.9242962962962963,0.9242222222222222,0.9264259259259259,0.9274074074074075,0.9282777777777778,0.9299444444444445,0.9291851851851852,0.9320925925925926,0.9325],"val_loss":[0.5451834911122856,0.44500530062292654,0.4033438285577388,0.36440860421201127,0.36960233782690877,0.3583077907115725,0.3367665021641053,0.33407632808246335,0.33224851760868496,0.3275265080347985,0.32717210309421396,0.31961345590547596,0.3145152825321471,0.3176095470082485,0.31387701641183324,0.3594159098098289,0.3081097505987924,0.3243816566607212,0.3081213948666765,0.31453524708625774,0.304340238209122,0.3080623369099973,0.2985017239387307,0.32061254617122287,0.3141130176434435,0.33346313535478295,0.2933187097636203,0.3324431652980863,0.30474124129418423,0.391952949512991,0.2949526491831381,0.3235064206700865,0.33817099550209995,0.3019524603553357,0.3105403701111884,0.2997469916181011,0.33885638010854247,0.328421946591604,0.31401347842236166,0.333999793077733],"val_acc":[0.8063333333333333,0.839,0.8463333333333334,0.8675,0.8628333333333333,0.8703333333333333,0.8768333333333334,0.8785,0.8773333333333333,0.8793333333333333,0.8793333333333333,0.8816666666666667,0.8835,0.8838333333333334,0.887,0.8676666666666667,0.8853333333333333,0.8848333333333334,0.8871666666666667,0.882,0.8883333333333333,0.8903333333333333,0.8903333333333333,0.8776666666666667,0.8836666666666667,0.874,0.8925,0.8796666666666667,0.8933333333333333,0.863,0.8966666666666666,0.8836666666666667,0.8835,0.894,0.8875,0.8981666666666667,0.8811666666666667,0.884,0.8866666666666667,0.8775],"train_loss":[0.6680551348651905,0.46056156831992795,0.41382198539781745,0.38377007752996506,0.362832925025283,0.34799258847312214,0.33590742838039395,0.32565155527598943,0.3164198297218263,0.30767101902389027,0.30096135815363956,0.292357779153295,0.2869358339692001,0.28121814635186926,0.27535153487335484,0.27007590620103505,0.26405873828637155,0.25957127702289595,0.2566277881487126,0.25100443515553844,0.24791945648621103,0.24395968032240628,0.23761526939512212,0.23606605872261527,0.23281994985142454,0.22924205139213918,0.2255786820502356,0.22279120187284665,0.21931408824916906,0.21627672875767784,0.2137973484799075,0.21101797708859255,0.20758547738098707,0.2045993447386667,0.20214589058146393,0.20168819530446497,0.1966754465504815,0.19591538442037673,0.19230429701803128,0.1893631519811939]},"train_accuracy":0.9325,"epoch_time":5.66164231300354,"test_accuracy":0.867,"_timestamp":1.7413508875220935e+09}