{"val_loss":0.3443839412076333,"epoch_time":4.112279891967773,"_step":43,"total_training_time":176.5268909931183,"train_loss":0.19178390892411587,"confusion_matrix_table":{"nrows":100,"_type":"table-file","sha256":"b4df9a64073c15ce97e32b9ea5c46b224f27674b42fb4530f04f76d0e822b0ad","size":2929,"artifact_path":"wandb-client-artifact://rf317ldeoihyiyb231rdymrwknbd8p5egacw2x9yi8plurxk20t4xuj9ouskw9mrdax3sid6eseq3naf4e9eiog66bey3q7htvd84w7iwkx2a505831xflmf8eih0dfl/confusion_matrix_table.table.json","_latest_artifact_path":"wandb-client-artifact://rgnzqsnok9pxzr8p2a6r6whp9199xw50cg9d14q2uv6sxa70cq5xajh8xw2m4bjj2xcj43c0960djqaznkamyvd5nk9ljk0vdn8u8uz9omb86a84ya4g3nij9uuy9rhm:latest/confusion_matrix_table.table.json","path":"media/table/confusion_matrix_table_43_b4df9a64073c15ce97e3.table.json","ncols":3},"_runtime":177.669015488,"val_accuracy":0.88,"test_accuracy":0.868,"_wandb":{"runtime":177},"Model Run history":{"train_loss":[0.6805689181429196,0.4622909956027252,0.41731979894879123,0.3878064891029416,0.367643402719714,0.3524404302094409,0.34001875956275457,0.32854174155540206,0.3197487306522448,0.3111092653502312,0.3027204743927943,0.29603074127589524,0.2897955957821007,0.282889161635859,0.27841515712048986,0.27335905117390963,0.2682800717144297,0.2630508496083125,0.25994744040489226,0.2539560585987539,0.2502616540905485,0.2458843624822361,0.2412452998336599,0.23785010384446725,0.23441870356588965,0.23130961646226297,0.22729044672800316,0.22576650581597452,0.2210787736632386,0.21815193890186618,0.2161412033811245,0.21292968357524872,0.2088793138202325,0.20808438261355713,0.20363009486417671,0.2016628255931597,0.19982148224017066,0.1969640198266496,0.19364319842340605,0.19178390892411587],"train_acc":[0.7667037037037037,0.8394814814814815,0.8550185185185185,0.8627037037037038,0.8696296296296296,0.8747407407407407,0.8787407407407407,0.8822407407407408,0.8855185185185185,0.8882222222222222,0.8919259259259259,0.8941296296296296,0.8955185185185185,0.8983333333333333,0.8994074074074074,0.9021481481481481,0.9030925925925926,0.9047962962962963,0.9056851851851851,0.9082222222222223,0.9093148148148148,0.9113888888888889,0.9128703703703703,0.914537037037037,0.9157407407407407,0.9171851851851852,0.9168518518518518,0.9188148148148149,0.9211851851851852,0.9215,0.9224629629629629,0.9242962962962963,0.9249814814814815,0.9252037037037038,0.9274629629629629,0.9278703703703703,0.9294074074074075,0.9301111111111111,0.9311481481481482,0.9316666666666666],"val_loss":[0.5089782481329934,0.4416808261849431,0.3974619044508892,0.39059166954931035,0.41294327634161043,0.349809739541842,0.36179635088609097,0.33680725875485673,0.3357686129650317,0.3459041162523665,0.35384315623883505,0.3180474539509636,0.3659822048083096,0.3234228992558999,0.30647963800640177,0.34341952686882843,0.3009875558756005,0.3136485152296311,0.3058539790246961,0.3060257947049638,0.35285261299197285,0.3370747053797512,0.29898645969542254,0.2953658312202158,0.2939363289527376,0.3012767713410242,0.3123591987906535,0.31479120880787,0.31015817428602155,0.28415845727782746,0.4389145894721571,0.3722488965576849,0.2931387377506665,0.3266718692185371,0.3183588538031887,0.3100794507699955,0.3170010623446241,0.3147940112916445,0.3848849598080415,0.3443839412076333],"val_acc":[0.8128333333333333,0.8446666666666667,0.8541666666666666,0.849,0.8511666666666666,0.869,0.8581666666666666,0.8793333333333333,0.8743333333333333,0.8698333333333333,0.868,0.883,0.8648333333333333,0.8806666666666667,0.8858333333333334,0.8706666666666667,0.8875,0.8826666666666667,0.8865,0.8855,0.8735,0.8748333333333334,0.8896666666666667,0.8891666666666667,0.894,0.8916666666666667,0.8813333333333333,0.88,0.8813333333333333,0.8973333333333333,0.8441666666666666,0.873,0.8913333333333333,0.8811666666666667,0.885,0.8903333333333333,0.8895,0.8875,0.8668333333333333,0.88]},"train_accuracy":0.9316666666666666,"epoch":40,"_timestamp":1.7413624367435236e+09}