{"_step":4,"epoch":2,"train_accuracy":0.848,"confusion_matrix":{"width":1000,"height":800,"_type":"image-file","sha256":"78fa6bea5b7f8bcabfab2ca15685dd6da79e658f531159768abf1b3cf63af1fa","size":61434,"path":"media/images/confusion_matrix_4_78fa6bea5b7f8bcabfab.png","format":"png"},"val_loss":0.4188239497316927,"_timestamp":1.7410058254640834e+09,"total_training_time":23.388004302978516,"_wandb":{"runtime":24},"train_loss":0.414219511714923,"val_accuracy":0.8456666666666667,"epoch_time":11.512524366378784,"_runtime":24.913112088,"test_accuracy":0.8416}