{"_timestamp":1.740908559239862e+09,"train_loss":0.49588700033206495,"epoch_time":3.489866256713867,"total_training_time":36.32171297073364,"_runtime":37.485794129,"_step":12,"epoch":10,"train_accuracy":0.82906,"val_accuracy":0.8185,"_wandb":{"runtime":37},"val_loss":0.5307097365598501,"confusion_matrix":{"format":"png","width":1000,"height":800,"_type":"image-file","sha256":"dbde6f48b7c26f388fa687076eae41ba5e88b8a5e1294e07bba25d801491c3f5","size":62173,"path":"media/images/confusion_matrix_12_dbde6f48b7c26f388fa6.png"},"test_accuracy":0.8081}