{"_runtime":82.450718208,"val_loss":2.2387919464014394,"train_loss":2.2890331688171615,"_wandb":{"runtime":82},"_timestamp":1.7411693233666072e+09,"Model Run history":{"val_loss":[2.3075243503816876,2.2387919464014394],"val_acc":[0.09716666666666667,0.1875],"train_loss":[2.3022205428307987,2.2890331688171615],"train_acc":[0.10605555555555556,0.12222222222222222]},"total_training_time":80.77368831634521,"test_accuracy":0.1932,"epoch":2,"confusion_matrix_table":{"nrows":100,"_type":"table-file","sha256":"8a9c405e76ed0a2afaa21bc7adf8692d23878bf62822ceb1144287a91defc881","size":2913,"artifact_path":"wandb-client-artifact://hi2zeibx7yyoti8mjs2i853oaz4rvdrv46okojpzpr0smhf60zyhb046yye9t3nm3dpphsryrtwpf5j0xuyemsx3heu0j95ct4ue3w5tj11wjrgcd3np35vxhflph1nd/confusion_matrix_table.table.json","_latest_artifact_path":"wandb-client-artifact://tc2508dwpmjmjtbn1435z4gb5dj8emffhaoiwydeyo2cd08ydsyn4au7yhfiw4eqrxuvf81fu19gygt8g3vgkfn12ol8s8qn93n0zjuscd7tdtlmgrizb4rgnposmio4:latest/confusion_matrix_table.table.json","path":"media/table/confusion_matrix_table_5_8a9c405e76ed0a2afaa2.table.json","ncols":3},"train_accuracy":0.12222222222222222,"epoch_time":43.55363202095032,"_step":5,"val_accuracy":0.1875}