{"confusion_matrix_table":{"artifact_path":"wandb-client-artifact://iy0ejhgbiw2pskclg9ry93znmacs0qs5nrgau28ukz1xwnqv5nfib32nztdcvceazd07umims5e00j37io941be67zbugz411w0np1pp76pezs6w2ookwndr0pkua8cy/confusion_matrix_table.table.json","_latest_artifact_path":"wandb-client-artifact://ao61om4pxy8mba2wqhd3p7hwdx5d5klt8hp8t12c0fvhkqvirqbup7okt9a1frcuzrfgcjzk8ebuck6b2dlr3yhfnxtaugq8dfvj7xyj97aj3zvg3vbye13xwyny0vq5:latest/confusion_matrix_table.table.json","path":"media/table/confusion_matrix_table_8_30a63b838e68083545f6.table.json","ncols":3,"nrows":100,"_type":"table-file","sha256":"30a63b838e68083545f6ba11ac7c465707027bde468a7cd9d96471946a91e6ca","size":2937},"_runtime":72.905860759,"_timestamp":1.741195782652252e+09,"train_loss":0.4842520861305247,"val_loss":0.4043737630190675,"Model Run history":{"val_acc":[0.8423333333333334,0.8525,0.8481666666666666,0.8593333333333333,0.8576666666666667],"train_loss":[0.7945814415534904,0.6237249477270602,0.5570230680441611,0.5132883125839776,0.4842520861305247],"train_acc":[0.8139444444444445,0.8467962962962963,0.8549444444444444,0.8566851851851852,0.8572037037037037],"val_loss":[0.4328449883793171,0.4249055837973322,0.42074888065432403,0.404829846134255,0.4043737630190675]},"total_training_time":71.34380674362183,"_wandb":{"runtime":72},"_step":8,"train_accuracy":0.8572037037037037,"epoch_time":14.980347394943237,"val_accuracy":0.8576666666666667,"epoch":5,"test_accuracy":0.8481}