{"total_training_time":100.10464239120483,"train_accuracy":0.9011111111111111,"epoch_time":7.740716457366943,"_runtime":101.311926432,"val_loss":0.30153187681592913,"train_loss":0.2685206633112783,"_timestamp":1.7413578067461336e+09,"val_accuracy":0.8896666666666667,"Model Run history":{"train_loss":[0.7222980734162305,0.46158472770464304,0.4125279624526119,0.38383059397803865,0.3624080517301017,0.34602473246877624,0.3331976771079766,0.3218416586091664,0.3134211996341697,0.3032023844686989,0.29570516798852753,0.28856395487694103,0.28146994248908763,0.2748705083939374,0.2685206633112783],"train_acc":[0.7462222222222222,0.8376851851851852,0.8531296296296297,0.8637407407407407,0.8708703703703704,0.8755,0.880537037037037,0.8835185185185185,0.8870925925925925,0.8907777777777778,0.8933888888888889,0.8956851851851851,0.8980185185185185,0.9006296296296297,0.9011111111111111],"val_loss":[0.4938260360089564,0.4293394329562106,0.39979463381696845,0.3745773084399617,0.35556803101412787,0.36409593531678214,0.35141122360226745,0.3901935611014144,0.337125372445502,0.3354360378682598,0.30903858036824583,0.32511584889939615,0.31645809635838534,0.3122633425083658,0.30153187681592913],"val_acc":[0.8226666666666667,0.8411666666666666,0.8531666666666666,0.859,0.8663333333333333,0.8645,0.8718333333333333,0.8561666666666666,0.8776666666666667,0.8773333333333333,0.8865,0.8773333333333333,0.8855,0.8876666666666667,0.8896666666666667]},"epoch":15,"_wandb":{"runtime":101},"_step":18,"confusion_matrix_table":{"ncols":3,"nrows":100,"_type":"table-file","sha256":"41b2d4dc357ae49ca410042c51f5bddd2bc4f9c2ddab6e368c4e58255a6152fc","size":2928,"artifact_path":"wandb-client-artifact://08mw93lf8ev0a6i641r9zyoqfzin0tfhkm842we4hh6frksj0c5w5ibs5lyfiherf41pan5cl9sbm31kmxz2cpka85gnu8rrl003jj575bywhe6wze18ce1dyyu13lym/confusion_matrix_table.table.json","_latest_artifact_path":"wandb-client-artifact://1agkz1qv5bi0imepyc2uhjgg5lt1et2j8km8a9fyg8jp0p196ak0k1ei91y1qfe2g8wwulgbzqlilayrpuo5qkh7856o5gl3weymq7nqb9irm60f18vyy7bmi183k7zb:latest/confusion_matrix_table.table.json","path":"media/table/confusion_matrix_table_18_41b2d4dc357ae49ca410.table.json"},"test_accuracy":0.8787}