{"_step":18,"_runtime":967.337253584,"_wandb":{"runtime":967},"confusion_matrix_table":{"nrows":100,"_type":"table-file","sha256":"432d896da10cd3605541b4728cb3898790a4607163af19d112a706dfa0f46ee2","size":2912,"artifact_path":"wandb-client-artifact://rcc1j10ap60diupalzumo78gox93razsyydtfr1xe02pqzqodzpnemgo1l8r8di21gmkqz7hl82a7ts7daj3e3v0ke86207u5gguioo14zdwlydrk1rp6e9cvv9ckyk2/confusion_matrix_table.table.json","_latest_artifact_path":"wandb-client-artifact://px751itrof2gsf8e0c28zw0s8wwi9av37wvxia2vgxxfpca2tfi3ijjburvu5uaeybrs1ihzmitk1od4m4t4v3ng210zkuh3x5lfmcnvmeaxfqltc0e7yn4mwemgv8m4:latest/confusion_matrix_table.table.json","path":"media/table/confusion_matrix_table_18_432d896da10cd3605541.table.json","ncols":3},"val_accuracy":0.101,"Model Run history":{"val_acc":[0.31733333333333336,0.342,0.424,0.5565,0.31333333333333335,0.13466666666666666,0.10366666666666667,0.18983333333333333,0.09933333333333333,0.20733333333333334,0.178,0.10716666666666666,0.09966666666666667,0.1015,0.101],"train_loss":[1.9724901197900302,3.558409390159719,6.374155260825345,8.486206321830512,13.705657119873173,22.785411503758127,36.33409038260988,56.21124039935797,77.91685800149621,103.28379373791341,130.04307027223487,153.83745889773024,175.80003355068214,199.01419270488634,226.24353435422245],"train_acc":[0.3508703703703704,0.2880185185185185,0.3383888888888889,0.5310555555555555,0.4487962962962963,0.21433333333333332,0.1004074074074074,0.13457407407407407,0.1761111111111111,0.15283333333333332,0.1894074074074074,0.10992592592592593,0.09814814814814815,0.0995925925925926,0.10055555555555555],"val_loss":[1.7659618223594538,1.8417947352615003,1.464272409916642,1.31503063271156,1.8785827927048633,2.4733760444924036,2.5674329307462305,2.3855099217943208,2.7710706088339365,2.699789247150501,2.993830486688858,3.215049739951422,3.3265966333406496,3.458660213154505,3.5997399517792927]},"epoch_time":78.05541253089905,"train_accuracy":0.10055555555555555,"val_loss":3.5997399517792927,"total_training_time":965.876204252243,"train_loss":226.24353435422245,"_timestamp":1.7411656127361126e+09,"test_accuracy":0.1,"epoch":15}