{"_timestamp":1.7410054041395476e+09,"epoch_time":8.399104833602905,"confusion_matrix":{"path":"media/images/confusion_matrix_4_18ad32dbec9413a5aaf3.png","format":"png","width":1000,"height":800,"_type":"image-file","sha256":"18ad32dbec9413a5aaf3e7c04cf6342fc3470c82e8326a31c657641844af0438","size":61371},"train_accuracy":0.8209814814814815,"test_accuracy":0.8234,"total_training_time":17.04680347442627,"_step":4,"train_loss":0.5046062531863417,"epoch":2,"val_accuracy":0.8291666666666667,"val_loss":0.46955635002410795,"_runtime":18.274724406,"_wandb":{"runtime":18}}