{"val_accuracy":0.8756666666666667,"val_loss":0.3616343163413052,"_timestamp":1.7412416025797353e+09,"Model Run history":{"train_loss":[0.5298305245948581,0.4053619841976088,0.3751425563540492,0.35214222028997966,0.33550251725470626],"train_acc":[0.8164444444444444,0.8572962962962963,0.8660185185185185,0.8717407407407407,0.8787407407407407],"val_loss":[0.4371391822733701,0.3921610872201784,0.3734250089478414,0.38570703670335643,0.3616343163413052],"val_acc":[0.8413333333333334,0.8586666666666667,0.869,0.8663333333333333,0.8756666666666667]},"test_accuracy":0.8633,"train_accuracy":0.8787407407407407,"_wandb":{"runtime":16},"epoch":5,"total_training_time":15.460704326629639,"_runtime":16.856964953,"train_loss":0.33550251725470626,"_step":8,"confusion_matrix_table":{"nrows":100,"_type":"table-file","sha256":"b8fe2c3c56d3735d29811f9b2343b8f569fd43117a2c5e73fd94f10a73939a2b","size":2932,"artifact_path":"wandb-client-artifact://91z6o01ref1zsyfr6n38oi3ekmj3x4az6zrebhsk3kasopuceibe0cd6txj4yhpspk49jeyh5qfocijbhp14yaq1xqjcqmehj29qu38ty15g561n91zpo5r7xi7kuhte/confusion_matrix_table.table.json","_latest_artifact_path":"wandb-client-artifact://uwptpgpyiupel6o93zv6qtpkbr2yadz7fd9saz5mbjomcwii22n1z9e6y3ksqy171cswpnii1d8xu9ltx26j2ko2wv4b9yd0rxagjl6eo5kb9e7g0auqo7cxbc81amqk:latest/confusion_matrix_table.table.json","path":"media/table/confusion_matrix_table_8_b8fe2c3c56d3735d2981.table.json","ncols":3},"epoch_time":2.647723913192749}