{"_step":4,"_timestamp":1.7410054213294718e+09,"val_loss":0.4399431919722113,"test_accuracy":0.8455,"confusion_matrix":{"height":800,"_type":"image-file","sha256":"75a9fbc6960e7f0f6c937192ebd8291dd6724e7c3be134b0d661d28eeddfa20f","size":60085,"path":"media/images/confusion_matrix_4_75a9fbc6960e7f0f6c93.png","format":"png","width":1000},"epoch_time":3.7624566555023193,"train_loss":0.449835563828596,"total_training_time":7.292821168899536,"_runtime":8.597840802,"train_accuracy":0.8438333333333333,"_wandb":{"runtime":8},"val_accuracy":0.849,"epoch":2}