{"total_training_time":22.904568910598755,"Model Run history":{"train_loss":[0.5958627434649281,0.46865198301394306,0.44848273800476474,0.43704578716376496,0.42939368251344134,0.42375841706800743,0.42071141995115713,0.4143874513193449,0.4118667149426061,0.4086046786466263],"train_acc":[0.7920185185185186,0.8339074074074074,0.840574074074074,0.8431296296296297,0.8476296296296296,0.8489074074074074,0.8491481481481481,0.851574074074074,0.8528703703703704,0.8546851851851852],"val_loss":[0.5533488969472009,0.48590491599007307,0.4690085607154051,0.4689373604276755,0.4497461215217653,0.41088565726071963,0.43296780913018584,0.41926732948410983,0.4131524512179464,0.3988205436332787],"val_acc":[0.7983333333333333,0.8135,0.8251666666666667,0.8186666666666667,0.8416666666666667,0.8475,0.8388333333333333,0.8456666666666667,0.844,0.8556666666666667]},"_timestamp":1.7412008498490453e+09,"confusion_matrix_table":{"path":"media/table/confusion_matrix_table_13_ec7fee82eb9450f330ac.table.json","ncols":3,"nrows":100,"_type":"table-file","sha256":"ec7fee82eb9450f330ac45f5f3a8ffc68bcc9d549aba5abe44e33f29377dfdf1","size":2936,"artifact_path":"wandb-client-artifact://0h8h92ytbmo14hzf1jz2gknmnhbra24n3i4yoexxb0cdphyq2s0zvbdvspqllxaafjywmh18xda13b9gfn6n3w0tej5905c5u86eof0spodk0jetulyrk8mno6r95lrb/confusion_matrix_table.table.json","_latest_artifact_path":"wandb-client-artifact://kfy03rc2l026jynx2ynez4ktemy1u3m0jkv3lt5279cy6e5647gr6te1uk0c43ceo8432j1g8yhl6sz334uauamu8elgtwqpdc9ztyfq8txxl3vyw5bffubogs9yfe6y:latest/confusion_matrix_table.table.json"},"_wandb":{"runtime":23},"val_loss":0.3988205436332787,"train_loss":0.4086046786466263,"_step":13,"epoch":10,"val_accuracy":0.8556666666666667,"epoch_time":2.452761650085449,"_runtime":23.997039052,"test_accuracy":0.8525,"train_accuracy":0.8546851851851852}