{"_runtime":15.713132333,"train_accuracy":0.8527222222222223,"_wandb":{"runtime":15},"_timestamp":1.7411998895964472e+09,"_step":8,"total_training_time":14.41325831413269,"val_accuracy":0.8325,"epoch":5,"epoch_time":2.377988338470459,"train_loss":0.4231223909093984,"val_loss":0.44602871570734576,"test_accuracy":0.8289,"confusion_matrix_table":{"sha256":"961404fe29b8762d94fb0cb3383438f350323ac9c9acf65639b485a4d2fb6ea5","size":2936,"artifact_path":"wandb-client-artifact://i4dtmksqz2b5lmymwa7a2nejrv0rf2ikvl5xmab1ltokkzth0byf5df0twz3q9cudypawww9lcavmwmjayn3sjvlpx2k9h03my4qr033kodr5lnqhz30koqkrc9xzvlz/confusion_matrix_table.table.json","_latest_artifact_path":"wandb-client-artifact://xf5snxdq3lk24vyw0p318djbu1ifqje9ws4r6iig7bijhn8fcsd52v1apcqkxu4e41b4g3clwf0k1q9blek0kvsz9nigi7bd3bxk125vunjmtmki6paob4eijxdnsafq:latest/confusion_matrix_table.table.json","path":"media/table/confusion_matrix_table_8_961404fe29b8762d94fb.table.json","ncols":3,"nrows":100,"_type":"table-file"},"Model Run history":{"val_loss":[0.4898769793330985,0.4663329702477249,0.4144356133840879,0.4146803112399789,0.44602871570734576],"val_acc":[0.8228333333333333,0.8255,0.855,0.848,0.8325],"train_loss":[0.5820192798917255,0.45934465083703013,0.44119645503467253,0.43064551159775444,0.4231223909093984],"train_acc":[0.7993888888888889,0.8417777777777777,0.8466666666666667,0.8508518518518519,0.8527222222222223]}}