{"val_loss":0.40973646200272795,"train_loss":0.378454806324713,"confusion_matrix":{"sha256":"ed96d4cda142bd596b43d4f92d7511d46bee0cbb69f4d05fb8e001fa778992c2","size":61893,"path":"media/images/confusion_matrix_12_ed96d4cda142bd596b43.png","format":"png","width":1000,"height":800,"_type":"image-file"},"test_accuracy":0.8442,"epoch_time":1.5018341541290283,"_timestamp":1.7409089561612165e+09,"_runtime":17.318043842,"_step":12,"val_accuracy":0.8545,"_wandb":{"runtime":17},"epoch":10,"train_accuracy":0.8674,"total_training_time":16.19890785217285}