{"confusion_matrix":{"sha256":"2e29fca729d3fd5bf6cf3f8960ff8e00ed6fd17f3c53086384764ead2e40aced","size":61654,"path":"media/images/confusion_matrix_7_2e29fca729d3fd5bf6cf.png","format":"png","width":1000,"height":800,"_type":"image-file"},"test_accuracy":0.862,"epoch":5,"total_training_time":29.997570037841797,"val_accuracy":0.8706,"_runtime":31.144336152,"train_loss":0.34538484119427615,"_wandb":{"runtime":31},"val_loss":0.3605816574151746,"_timestamp":1.740912053348153e+09,"epoch_time":5.654097557067871,"train_accuracy":0.87414,"_step":7}