{"test_accuracy":0.973,"train_accuracy":0.9911481481481481,"_timestamp":1.7422143297482543e+09,"_runtime":49.055365282,"val_loss":0.11116746323714362,"epoch_time":4.981802940368652,"Model Run history":{"train_acc":[0.9266851851851852,0.9640740740740741,0.9732592592592593,0.9782777777777778,0.9826296296296296,0.9841851851851852,0.9859074074074075,0.9887037037037038,0.9891481481481481,0.9911481481481481],"val_loss":[0.14490919174866607,0.11529923712321913,0.09895255953185696,0.10307189434720591,0.09638561385104748,0.0919087337847811,0.1005726792511471,0.10381484546741876,0.09514099923948989,0.11116746323714362],"val_acc":[0.955,0.963,0.9701666666666666,0.9686666666666667,0.9716666666666667,0.9715,0.9708333333333333,0.972,0.9738333333333333,0.9711666666666666],"train_loss":[0.24849339354635586,0.11725564295444359,0.08663339277205798,0.06833626359324178,0.056501000394931,0.04839063091343512,0.041549520819422536,0.03429359388960656,0.03223277770476562,0.026378575728735327]},"val_accuracy":0.9711666666666666,"_step":13,"_wandb":{"runtime":49},"confusion_matrix_table":{"ncols":3,"nrows":100,"_type":"table-file","sha256":"f08ce6012d78ac1348cbc60930d3396584c062ea2beef696ae7739fdef1c38be","size":1790,"artifact_path":"wandb-client-artifact://4zzhxmiy5dcwesvkjus3ojilu18f5ukxe16eb4fxw621b6rdjqoc7wtw794vabwxhvzkx66w9gxahv7ng0wd9qc20218drhce3m4w96q1i9qum4oszkyaf699t92jm2n/confusion_matrix_table.table.json","_latest_artifact_path":"wandb-client-artifact://sumdvku1449na9dsseqe80yg8ro8pgua3dpdpyn6zmdh6ehajfoajl34x12id90u7btdvd31eeh1me08mx2mq7u41dmb3e8d2viyiz7qljqp3zdi0ow54b55urffc7ox:latest/confusion_matrix_table.table.json","path":"media/table/confusion_matrix_table_13_f08ce6012d78ac1348cb.table.json"},"train_loss":0.026378575728735327,"total_training_time":47.79696536064148,"epoch":10}