{"val_accuracy":0.09016666666666667,"epoch_time":5.7489612102508545,"_runtime":14.205235758,"val_loss":2.3031672750401446,"total_training_time":11.853822469711304,"test_accuracy":0.1,"_timestamp":1.7410048161243887e+09,"_wandb":{"runtime":14},"_step":4,"train_accuracy":0.09907407407407408,"confusion_matrix":{"_type":"image-file","sha256":"adb801647d430cb4f241cdbc807e41f250c812610ac3344018fe936b13bdc024","size":48039,"path":"media/images/confusion_matrix_4_adb801647d430cb4f241.png","format":"png","width":1000,"height":800},"epoch":2,"train_loss":2.3028063974366324}