{"_runtime":13.363809676,"val_accuracy":0.8623333333333333,"Model Run history":{"train_acc":[0.8081481481481482,0.8538148148148148,0.8631666666666666,0.8685,0.8729259259259259],"val_loss":[0.44265762859724844,0.3994109757112637,0.3845177256716921,0.38201971093695397,0.3761520763548159],"val_acc":[0.84,0.857,0.8653333333333333,0.863,0.8623333333333333],"train_loss":[0.540767411545075,0.40870817029165424,0.38228374078673627,0.362726235345666,0.35430416626031097]},"train_loss":0.35430416626031097,"_wandb":{"runtime":13},"test_accuracy":0.8526,"val_loss":0.3761520763548159,"epoch":5,"epoch_time":1.9994709491729736,"train_accuracy":0.8729259259259259,"total_training_time":12.187377452850342,"_timestamp":1.7412418531986635e+09,"confusion_matrix_table":{"nrows":100,"_type":"table-file","sha256":"e5b3d9e95697f8be2546aa80337bdc661ecc37407e2fadf802ce423a00ea03ac","size":2932,"artifact_path":"wandb-client-artifact://czw1izrrr3fzxc5s4w5sqeuqi8sgoncr43i0j8awyjau60fxj2bozeivdyx3yp519th2140fpx8amr4hzyr2emgurus40os3ha4572vdbpeyvd3ec8zwr1a8ewtimo66/confusion_matrix_table.table.json","_latest_artifact_path":"wandb-client-artifact://kxmkitam54ncdka07jxko5dn0kipstjgpogsaxvhlou8m08v7wmu2gmu48n2ja2id6p6r7p6p447a8yih5z3t51edfaxq8xqk2k7ilid1vq2zz9zalwr0gs3x0xeu67v:latest/confusion_matrix_table.table.json","path":"media/table/confusion_matrix_table_8_e5b3d9e95697f8be2546.table.json","ncols":3},"_step":8}