{"_step":43,"_runtime":302.004980504,"epoch_time":7.01665186882019,"epoch":40,"test_accuracy":0.8899,"train_loss":0.17301409377326513,"total_training_time":299.65965509414673,"_wandb":{"runtime":302},"train_accuracy":0.9355,"val_accuracy":0.9003333333333333,"_timestamp":1.74135051733397e+09,"val_loss":0.28928552293530474,"Model Run history":{"train_acc":[0.8099814814814815,0.8579629629629629,0.8712037037037037,0.8795925925925926,0.8843148148148148,0.8893518518518518,0.894,0.8966666666666666,0.9010185185185186,0.9045555555555556,0.9048148148148148,0.9076666666666666,0.9081666666666667,0.9112777777777777,0.9134444444444444,0.9127592592592593,0.9174814814814815,0.9158518518518518,0.9197777777777778,0.918425925925926,0.9206296296296296,0.9204074074074075,0.9238333333333333,0.9245925925925926,0.9251851851851852,0.9259259259259259,0.9267592592592593,0.9265740740740741,0.9292222222222222,0.9289444444444445,0.9304074074074075,0.9318518518518518,0.9312037037037038,0.9336296296296296,0.9333333333333333,0.9323703703703704,0.9322222222222222,0.9328333333333333,0.935,0.9355],"val_loss":[0.48314033074655277,0.3934565518498373,0.3506700638529088,0.35777683554926576,0.32623890983527287,0.3206497034574269,0.31083164239746885,0.3019421584550734,0.3428720909241049,0.30130404844408737,0.30993422520194325,0.297728692003117,0.3061748088981714,0.28425091909037925,0.31516380285642903,0.2972709946160281,0.30415758835379586,0.2905557425683898,0.30203648123976173,0.29202883479883307,0.2838005978452363,0.3075166727657221,0.3328317198614424,0.3075318277615662,0.30614109352092034,0.2958910819278192,0.29245149844527746,0.2914904181915123,0.3057167847226014,0.2980374387531472,0.282331094413416,0.29293034456939443,0.2991272487605075,0.3063803005712773,0.2908097469296668,0.320844082458956,0.30401552391044556,0.311278019742201,0.3111925489618606,0.28928552293530474],"val_acc":[0.823,0.8583333333333333,0.8725,0.8613333333333333,0.8746666666666667,0.8796666666666667,0.8868333333333334,0.8918333333333334,0.8741666666666666,0.889,0.884,0.8935,0.8878333333333334,0.8975,0.8915,0.895,0.8866666666666667,0.8961666666666667,0.8896666666666667,0.897,0.9003333333333333,0.893,0.8816666666666667,0.8943333333333333,0.8921666666666667,0.8965,0.8925,0.8966666666666666,0.8975,0.8936666666666667,0.8981666666666667,0.8936666666666667,0.8968333333333334,0.8931666666666667,0.898,0.893,0.8926666666666667,0.8953333333333333,0.8931666666666667,0.9003333333333333],"train_loss":[0.5409582964484965,0.3956281092275068,0.3565008499173013,0.3292538948881087,0.315584625878331,0.2994858212149837,0.2878860521186681,0.27772601222581733,0.26797590905961494,0.2607088624071151,0.2552387908382791,0.24745423987865164,0.24747497881692326,0.23755819060056227,0.23467189635117816,0.22923252647511522,0.2228341157066962,0.22634989808559222,0.21881418454292328,0.21700922383811272,0.21159267306159274,0.21164241784705326,0.20566417185357275,0.20380203605307212,0.19947092637212255,0.19712101812873825,0.19469905703082233,0.19368052818398324,0.19058934132105387,0.18915387426060234,0.18705092382172137,0.18499659149811304,0.18342700076645402,0.1808678096223694,0.18021000685196908,0.17962670637182301,0.18110229474646225,0.1803779108887871,0.1741077272083416,0.17301409377326513]},"confusion_matrix_table":{"_latest_artifact_path":"wandb-client-artifact://etcgpoqxuo5hyt6g0gkfbp9i1dsrpgjlbq0c82xrdr3osenbk5ij9r0cwk6e9xeoldmuwl635kl73v4m3c95vq30jdkpw9jqo87le7i5j8o6igh3p6ebrhxfie0ltu23:latest/confusion_matrix_table.table.json","path":"media/table/confusion_matrix_table_43_aee7e45b9c77d7b4074b.table.json","ncols":3,"nrows":100,"_type":"table-file","sha256":"aee7e45b9c77d7b4074bc12d9ad5c3b35d5d59c3911e82280120a6039df16a51","size":2929,"artifact_path":"wandb-client-artifact://jac3tlh7atbgbkr193to3wq8lvuy5w415n30e5jancbo9p3qmqtavghhp1c4sa1mssq4m4v042u1mol8wllb8eumrp9dbxq73dhr3ehmmxxx4dcn4es5o5phv3fqzuzo/confusion_matrix_table.table.json"}}