{"epoch":10,"val_loss":0.33807218287439855,"_timestamp":1.7412029767238498e+09,"train_loss":0.2730377219295053,"train_accuracy":0.8975925925925926,"_wandb":{"runtime":78},"total_training_time":76.96588325500488,"Model Run history":{"val_acc":[0.8563333333333333,0.8778333333333334,0.8706666666666667,0.8835,0.8743333333333333,0.8855,0.8821666666666667,0.8808333333333334,0.8803333333333333,0.8755],"train_loss":[0.4677015982880205,0.36511386414696395,0.3358187534272411,0.31878906544472935,0.30770242699476397,0.2981543230963356,0.28979497904077306,0.2839251787551381,0.27854154518853097,0.2730377219295053],"train_acc":[0.8335925925925926,0.8682777777777778,0.878462962962963,0.8843703703703704,0.8862777777777778,0.8905185185185185,0.8937407407407407,0.8954814814814814,0.8960370370370371,0.8975925925925926],"val_loss":[0.3896359956274049,0.33635337136088084,0.34986098331876236,0.3151068161711025,0.34406626098946047,0.31540462765723576,0.3198410707246967,0.31844987456177215,0.3229191801283283,0.33807218287439855]},"confusion_matrix_table":{"nrows":100,"_type":"table-file","sha256":"90d5fbb935d8d39b09dbccffcd6a7b3eb104cb3aada04efcc62275957dfabaac","size":2933,"artifact_path":"wandb-client-artifact://dgp23254xzpjfl0t1meblibf5yupw3fb7jcvkv5i6l5r1leyqr395g3kwuukdhwqe6mpblt3gwfo87aboy6c8z82lqiito300iodhm8kjefpkb6h43xbgmx54ui80lj5/confusion_matrix_table.table.json","_latest_artifact_path":"wandb-client-artifact://6kjfgv41lmtoh3tp3wt1g4kq74yoj9l0l4tvxqui8epx5u75tb7c6yy9468zvz216314q2dszdf9n03wubrfujau0ivre8jh32jroycqtuxdji1pq84p5oyl6rugez40:latest/confusion_matrix_table.table.json","path":"media/table/confusion_matrix_table_13_90d5fbb935d8d39b09db.table.json","ncols":3},"_step":13,"test_accuracy":0.8649,"val_accuracy":0.8755,"_runtime":78.111855599,"epoch_time":7.492840766906738}