{"confusion_matrix_table":{"ncols":3,"nrows":100,"_type":"table-file","sha256":"7ca0a220d1ef94de9a38298ee0d5208b0e8b5f68373ff228441b990b59e6e170","size":2912,"artifact_path":"wandb-client-artifact://grgguv884dh1bxckvhl0h9id5o5j3jpeyh0c4s0gv1rwg66pckbb3h0z2bexmp5smr69uez3j1gg6erq1mgla0q3jdhn465bj2nbyi9w3dy7unftcuurr1predd4yyq6/confusion_matrix_table.table.json","_latest_artifact_path":"wandb-client-artifact://3iqyey8jqez9q5xpkab1j1f5denq39rwihuecxs14dewu1e00w3diuy2h22nzvdyuuzark3x6slbpud2szh71vw4fyj3j5c3iq4qimiilkju4bvhi3o5f2s8p8nbovh5:latest/confusion_matrix_table.table.json","path":"media/table/confusion_matrix_table_18_7ca0a220d1ef94de9a38.table.json"},"val_loss":9.26085730781045,"_runtime":180.362444759,"val_accuracy":0.10833333333333334,"_wandb":{"runtime":180},"Model Run history":{"val_acc":[0.127,0.09566666666666666,0.10083333333333333,0.19433333333333333,0.09383333333333334,0.09383333333333334,0.10833333333333334,0.10833333333333334,0.09916666666666667,0.10083333333333333,0.10316666666666667,0.10316666666666667,0.10833333333333334,0.102,0.10833333333333334],"train_loss":[2.4539165166735484,3.558084640797112,8.607406634342157,16.913680246037185,46.42602737047808,99.17725907029134,178.74989973087318,284.31948914825756,416.24967714873105,579.3612522907304,734.3699911791448,722.3247326629182,860.33106600433,1057.8530235907588,1269.303582195499],"train_acc":[0.13648148148148148,0.1132962962962963,0.1440925925925926,0.1477037037037037,0.10855555555555556,0.09951851851851852,0.10003703703703704,0.10135185185185185,0.09822222222222222,0.10164814814814815,0.10081481481481482,0.09987037037037037,0.10066666666666667,0.09805555555555556,0.10077777777777777],"val_loss":[2.2026622754398386,2.3562167314495226,2.363623627722304,2.329763973704427,2.7025791195315088,3.07575223906479,3.549572406341243,4.188228763450337,4.9629225267348875,5.891869221430692,6.233892726103321,6.363770465766333,7.454698148394179,8.546146975832658,9.26085730781045]},"total_training_time":178.5061378479004,"epoch":15,"train_accuracy":0.10077777777777777,"epoch_time":12.664384365081787,"_step":18,"train_loss":1269.303582195499,"test_accuracy":0.1,"_timestamp":1.741340548783297e+09}