{"train_accuracy":0.87892,"confusion_matrix":{"path":"media/images/confusion_matrix_12_694d33c617c0190f5e2d.png","format":"png","width":1000,"height":800,"_type":"image-file","sha256":"694d33c617c0190f5e2dc58f77ef3fa19dc7a3036d1f7651cac651308009a87a","size":61126},"_runtime":22.146455935,"epoch":10,"train_loss":0.336452239495644,"val_loss":0.3664360546167125,"_timestamp":1.7409080984627767e+09,"_wandb":{"runtime":22},"total_training_time":20.558088779449463,"_step":12,"val_accuracy":0.8697,"epoch_time":2.0314114093780518,"test_accuracy":0.8585}