{"epoch":5,"_step":8,"train_loss":0.4335492940423344,"train_accuracy":0.8526296296296296,"total_training_time":6.709129095077515,"epoch_time":1.337522029876709,"confusion_matrix_table":{"size":2934,"artifact_path":"wandb-client-artifact://47vgvc8msvtwbycittipwdx2dcpjgbp7dnfpmlepakg44abtz68kg87ao6yraqd3vtrio8k1tv91cyfdv1wz08boiq1m7jyl8hjjw9t4wun27yk8jupn1rpuz6tr2e12/confusion_matrix_table.table.json","_latest_artifact_path":"wandb-client-artifact://5jhxvmhlaxe9rxhcjayv4j4ecjapsnjb59364glx50tx8c6yso9cz7y4dsn7ovhdgr1b5yuh2xes6e6lrklyyisqrczu3kkr3uau2pmcnaspqd6zkksqnv9mvnqvwlsb:latest/confusion_matrix_table.table.json","path":"media/table/confusion_matrix_table_8_7d0a3b8b669295ba4679.table.json","ncols":3,"nrows":100,"_type":"table-file","sha256":"7d0a3b8b669295ba4679f521fd74203af68d7c7219ca511fd458a9314ee03d8b"},"test_accuracy":0.84,"val_accuracy":0.8493333333333334,"_runtime":7.7439593349999996,"_wandb":{"runtime":7},"_timestamp":1.7411948639207985e+09,"val_loss":0.43318011909798937,"Model Run history":{"val_acc":[0.821,0.8473333333333334,0.854,0.8486666666666667,0.8493333333333334],"train_loss":[0.7076936047103879,0.5005448644235064,0.4635904755095135,0.4447271130602906,0.4335492940423344],"train_acc":[0.7657222222222222,0.8337777777777777,0.8448703703703704,0.8499629629629629,0.8526296296296296],"val_loss":[0.501663723554298,0.4391427623191026,0.42059281847083285,0.4230392765880435,0.43318011909798937]}}