{"_wandb":{"runtime":34},"epoch_time":2.0914177894592285,"val_accuracy":0.8716666666666667,"train_loss":0.3111467909917585,"_step":18,"confusion_matrix_table":{"ncols":3,"nrows":100,"_type":"table-file","sha256":"46095b3fa6e624902c650a3c05feb3a0cc3926d4ca618df8c2c700e4c57f5862","size":2931,"artifact_path":"wandb-client-artifact://w1z9fes5sdywjfu8slx2tx9d1d1o7hcen3ifwsspvbhnma4lzb1b28j72cxpdl89212gwzuc5ovztcjw7pz6zslgwg48tfn9nafnsk09fcwgm01j14jkxvvj3f7z4lea/confusion_matrix_table.table.json","_latest_artifact_path":"wandb-client-artifact://q3y5wy5bhck1v96utt1awxo72ronu1j64sahhr9h1diap1wjloa1we3y9bubutm2zz7c6p0x66esln3kx88kok6jf60bl7o869f0lejog1p4xdygbgleadz4oczlzqzs:latest/confusion_matrix_table.table.json","path":"media/table/confusion_matrix_table_18_46095b3fa6e624902c65.table.json"},"_timestamp":1.741341976990473e+09,"_runtime":34.455389455,"total_training_time":33.3741717338562,"val_loss":0.35434437494151133,"train_accuracy":0.887425925925926,"Model Run history":{"train_acc":[0.7345555555555555,0.8207037037037037,0.8381851851851851,0.8489074074074074,0.8582407407407407,0.8628703703703704,0.8666666666666667,0.8715740740740741,0.8731481481481481,0.8758518518518519,0.8792592592592593,0.8816481481481482,0.8852777777777778,0.8858333333333334,0.887425925925926],"val_loss":[0.5672862482158261,0.5216444004101739,0.4755239006150433,0.4359779993742541,0.4106836473561911,0.3803014569312608,0.42749464741174614,0.38154196286296577,0.36766065837832496,0.3536051670557461,0.3596550421743266,0.3649584198924039,0.34577387015729355,0.3554022128009726,0.35434437494151133],"val_acc":[0.7875,0.798,0.8341666666666666,0.8375,0.8525,0.8625,0.8471666666666666,0.8608333333333333,0.8668333333333333,0.8723333333333333,0.8676666666666667,0.8673333333333333,0.8763333333333333,0.8701666666666666,0.8716666666666667],"train_loss":[0.7871501086112918,0.5044223184130107,0.45407647266359996,0.42530184644232283,0.401903083497015,0.38671973384287145,0.3740568256468191,0.3620067548459284,0.35225983460375904,0.34386623120130144,0.3356520301587422,0.32866166285214965,0.3216674184064071,0.316216117059369,0.3111467909917585]},"test_accuracy":0.8576,"epoch":15}