{"_wandb":{"runtime":79},"_step":12,"epoch_time":7.942751407623291,"_runtime":79.555636161,"train_loss":3.6969942936582263,"val_accuracy":0.5854,"epoch":10,"train_accuracy":0.59214,"confusion_matrix":{"width":1000,"height":800,"_type":"image-file","sha256":"1d3c764c5acddc574815fddc055656adebb35733311de987acdc53da6ff99ecc","size":63882,"path":"media/images/confusion_matrix_12_1d3c764c5acddc574815.png","format":"png"},"_timestamp":1.7409075938383265e+09,"val_loss":1.8407404600168915,"total_training_time":78.18912816047668,"test_accuracy":0.5817}