{"epoch":10,"val_loss":0.36391792244822513,"epoch_time":2.0798957347869873,"test_accuracy":0.8644,"_runtime":25.050458765,"_wandb":{"runtime":25},"train_accuracy":0.8890185185185185,"_step":13,"total_training_time":23.92483139038086,"confusion_matrix_table":{"sha256":"e339ebc34ebba81e9d445b448fe7646d8bc6b9690c7ecee5a770159f0b2063f9","size":2932,"artifact_path":"wandb-client-artifact://5woploawajx2moxokcqbnjl75low2c81m1qljcjhsogh5m6sbxyn8egi4ey5eg8qxauk0uqcnyo80boefjs078dv0efo2t8ltq1dqo9mzntlc6rypnqdlvqecki17wck/confusion_matrix_table.table.json","_latest_artifact_path":"wandb-client-artifact://8tihyhupd9c74se0wlz5eto7ftbqmmdvhclc5gssx2i61zjd8cx5y7ew4l1usnusjn3a6k5hymyqxqzf9zs3nb2p8uqtvr6m766gdyofscxbchq0f6y3gpwgbdafah7f:latest/confusion_matrix_table.table.json","path":"media/table/confusion_matrix_table_13_e339ebc34ebba81e9d44.table.json","ncols":3,"nrows":100,"_type":"table-file"},"train_loss":0.3015024300647189,"_timestamp":1.7412409519379601e+09,"Model Run history":{"val_loss":[0.4545533776194489,0.4301897036957964,0.39989130897067615,0.3939142368564668,0.3628715615084039,0.3582317891151844,0.3524004063817607,0.36393450232872193,0.3703723162325766,0.36391792244822513],"val_acc":[0.84,0.844,0.86,0.8588333333333333,0.8685,0.8773333333333333,0.877,0.8738333333333334,0.8675,0.8735],"train_loss":[0.6152688399806552,0.43011113001496726,0.391234265272368,0.3684033821988147,0.35014508662297494,0.3368592903299292,0.3275901077089862,0.31765293079408496,0.30826131809918056,0.3015024300647189],"train_acc":[0.7829259259259259,0.848,0.8596851851851852,0.868,0.8727962962962963,0.8767962962962963,0.8786666666666667,0.8832592592592593,0.8868518518518519,0.8890185185185185]},"val_accuracy":0.8735}