{"total_training_time":298.57676362991333,"test_accuracy":0.8802,"confusion_matrix_table":{"ncols":3,"nrows":100,"_type":"table-file","sha256":"4603a4c236db364d21eede905b0ec42f8231709d126656ab319bf3508aa5dc52","size":2927,"artifact_path":"wandb-client-artifact://ntk98t2h9xcru8d0f35oagva6wd2j0fddhjfu4gr55vmnd20jtqaj23fsvckc5eyaodntv6oqtfmfhp25d1codel37vz4pzs9ibs4lg5gp781spy1cf6xv2wzir881p8/confusion_matrix_table.table.json","_latest_artifact_path":"wandb-client-artifact://9vdu0lzoysqyjwayv30m76xa37i8b256qnr584q0xhfso28hqipfez7rdjsohzxnmtez4jjjmfguzcjafgbehltbwmjm7qxpcwbxsc1j775vwwn8zzl1lp80jgj1gf1m:latest/confusion_matrix_table.table.json","path":"media/table/confusion_matrix_table_43_4603a4c236db364d21ee.table.json"},"_timestamp":1.741353167769433e+09,"_runtime":299.940353312,"val_accuracy":0.8893333333333333,"epoch":40,"val_loss":0.31826834974468704,"_step":43,"train_accuracy":0.9327777777777778,"_wandb":{"runtime":299},"train_loss":0.18435627518381645,"Model Run history":{"val_acc":[0.819,0.844,0.85,0.8565,0.8566666666666667,0.8728333333333333,0.8726666666666667,0.8771666666666667,0.8776666666666667,0.8768333333333334,0.8845,0.8711666666666666,0.8805,0.8903333333333333,0.8888333333333334,0.887,0.8901666666666667,0.8918333333333334,0.8853333333333333,0.896,0.8945,0.8951666666666667,0.8928333333333334,0.8913333333333333,0.8941666666666667,0.8941666666666667,0.89,0.8896666666666667,0.8926666666666667,0.8823333333333333,0.898,0.8915,0.8906666666666667,0.884,0.8848333333333334,0.886,0.8953333333333333,0.9001666666666667,0.8911666666666667,0.8893333333333333],"train_loss":[0.7588018838622295,0.47789014519958034,0.4206017144304316,0.38844779427604287,0.3660686685482349,0.3503521328409531,0.33514742390557284,0.324160111614587,0.31471325738346584,0.3049215010124533,0.294853851385069,0.288942054501843,0.2813381024587862,0.27481424520671877,0.2690096274305517,0.2634745202313406,0.25764182723746243,0.25340503380855584,0.24878792288651833,0.24302025268164706,0.2413989250376858,0.2363246839124376,0.23146093252267544,0.22910064648731457,0.22419329324488863,0.2224176356464692,0.21936964213125337,0.21464398516941002,0.21186401248573397,0.20899563320343226,0.20641622653257377,0.20470985325422764,0.20191507856302135,0.19848405900908636,0.19498506018760095,0.19392874250291128,0.19274174863559587,0.18865199385267803,0.18732032507107568,0.18435627518381645],"train_acc":[0.737,0.8323148148148148,0.8520555555555556,0.8617037037037037,0.8698333333333333,0.8740185185185185,0.8805925925925926,0.8832222222222222,0.8866666666666667,0.8902037037037037,0.8946111111111111,0.8947037037037037,0.8978888888888888,0.9004444444444445,0.9025740740740741,0.9049259259259259,0.9068888888888889,0.9078148148148149,0.9102407407407408,0.9113148148148148,0.9122962962962963,0.914537037037037,0.916537037037037,0.9177407407407407,0.9189074074074074,0.9185740740740741,0.9192962962962963,0.9228703703703703,0.9237962962962963,0.9246851851851852,0.9256111111111112,0.926537037037037,0.928074074074074,0.9277407407407408,0.9298333333333333,0.9308518518518518,0.9295185185185185,0.9319814814814815,0.9334444444444444,0.9327777777777778],"val_loss":[0.5241332721663957,0.43066067557821336,0.40247078920086504,0.3853510197857876,0.3794024553166869,0.34941641958135145,0.3446647260536244,0.3264245743859974,0.3298253017265325,0.3307517737556922,0.30951232017061764,0.3315103980881069,0.32820683461902495,0.29786125720969486,0.30108484681927106,0.30531802306537653,0.29464372904951536,0.2955904856739825,0.3129465225563473,0.29377217105442466,0.28998458605037314,0.29322234267992675,0.2891035695850079,0.31113356582053653,0.28879582862129216,0.3025566070178484,0.2985200900170056,0.2982544342754136,0.2951858957644408,0.3218554430193667,0.27730906648449183,0.3062241712584547,0.30607279818513955,0.3329100866745588,0.3106983209697146,0.31875199615245087,0.29552261187085577,0.29232021354288984,0.3026367230420342,0.31826834974468704]},"epoch_time":8.226791381835938}