{"train_loss":0.3262412027624695,"total_training_time":12.257543325424194,"_wandb":{"runtime":13},"confusion_matrix_table":{"sha256":"46008512208344c28a30ec29f91781b52169edbcf38d89e7589d0c6a7ba7dc99","size":2932,"artifact_path":"wandb-client-artifact://tmu7ey61b6bjfjkg7ep7xaxjn1ye86rmwi9aiy4afkm5f9w84lqmcumewul7uu7y7fburssqx1jku6hgmhzwbv8o6mju07ch2v1t1e44786o6ofepg8r0e1ue5uxpkif/confusion_matrix_table.table.json","_latest_artifact_path":"wandb-client-artifact://uztbgeutvjrzlya8t3knypayzvwy7b3g9o3tb7f4b7yk3cvk8klhrlhdyzyt7lpe36bv82z5sa8by6l7rpwc2fqevp4kqeu58f55qhgjtaylieuaz1lav6skr8s3donr:latest/confusion_matrix_table.table.json","path":"media/table/confusion_matrix_table_8_46008512208344c28a30.table.json","ncols":3,"nrows":100,"_type":"table-file"},"train_accuracy":0.8813333333333333,"_step":8,"epoch_time":1.9551723003387451,"Model Run history":{"train_loss":[0.5364644138814024,0.3936582366315858,0.36042918729557744,0.3420714423321167,0.3262412027624695],"train_acc":[0.8107407407407408,0.8592962962962963,0.8686296296296296,0.8759444444444444,0.8813333333333333],"val_loss":[0.40038938749616165,0.367931830056896,0.366596793191467,0.3664013545793259,0.3440185025096162],"val_acc":[0.8535,0.8635,0.8628333333333333,0.865,0.8768333333333334]},"_runtime":13.31216133,"test_accuracy":0.8628,"val_loss":0.3440185025096162,"val_accuracy":0.8768333333333334,"epoch":5,"_timestamp":1.741200871808347e+09}