{"confusion_matrix":{"_type":"image-file","sha256":"f2b5d38364cca84bf3d32e95719a5209512180266d8a744bf244cf5a3248c578","size":63804,"path":"media/images/confusion_matrix_23_f2b5d38364cca84bf3d3.png","format":"png","width":1000,"height":800},"train_loss":0.9842179252453013,"val_acc":0.7019,"train_acc":0.69914,"sample_predictions":{"size":23459,"path":"media/images/sample_predictions_22_a361e88cad02051ace09.png","format":"png","width":1200,"height":300,"_type":"image-file","sha256":"a361e88cad02051ace09ab1f10570d82cc545ff35e5f5a7a9154c67ad9b23825"},"_runtime":21.685641756,"_step":23,"val_loss":10.296009243322874,"epoch":1,"_wandb":{"runtime":21},"test_accuracy":0.692,"_timestamp":1.740735992138976e+09}