{"train_loss":1.0702043599120599,"_wandb":{"runtime":16},"_runtime":16.276138847,"val_acc":0.7007,"test_accuracy":0.6917,"epoch":5,"train_acc":0.7005,"_step":6,"sample_predictions":{"width":1200,"height":300,"_type":"image-file","sha256":"0c61b5e0695b290f90237250d2ba3c685818295b5bd2fcf0bea5a4bd670c296a","size":23223,"path":"media/images/sample_predictions_6_0c61b5e0695b290f9023.png","format":"png"},"val_loss":10.337455774996767,"_timestamp":1.7406847628552487e+09}