{"epoch":10,"_runtime":62.329672475,"train_loss":0.41749154304130215,"val_accuracy":0.841,"_wandb":{"runtime":62},"val_loss":0.42127195147599317,"Model Run history":{"train_loss":[0.8902957233546736,0.5652188687886798,0.5019794683012865,0.47593751403053647,0.4563786505703914,0.44026759241444297,0.432635831718423,0.4273703937326315,0.42028425042447837,0.41749154304130215],"train_acc":[0.6469814814814815,0.7975,0.8221666666666667,0.8310555555555555,0.8417777777777777,0.8463518518518518,0.8482962962962963,0.8508703703703704,0.8529629629629629,0.8538518518518519],"val_loss":[0.7169801723099707,0.5072496763157566,0.5272719688703378,0.5073236183738743,0.42364957135338216,0.4325421283300411,0.46944935820622147,0.41942922333504856,0.4280819845648768,0.42127195147599317],"val_acc":[0.72,0.822,0.8063333333333333,0.8131666666666667,0.8493333333333334,0.851,0.8308333333333333,0.8483333333333334,0.845,0.841]},"test_accuracy":0.8361,"total_training_time":61.13656497001648,"confusion_matrix_table":{"_latest_artifact_path":"wandb-client-artifact://222kt7vppmumic2yegmjuui3e6mmhzxxufsr4z0yru1k2qze1am1dxgydohxsrnz123aeczjrlbq624l961eiea8grdlqraur8d34b4iym7ps6tz4wox17ymknp5gp46:latest/confusion_matrix_table.table.json","path":"media/table/confusion_matrix_table_13_b31691090d68f7f9ad23.table.json","ncols":3,"nrows":100,"_type":"table-file","sha256":"b31691090d68f7f9ad2389a3bacd447d131e6af725d1f621fb060267b04e45a0","size":2933,"artifact_path":"wandb-client-artifact://v3y0fapzvnkrimc8c9hngd0inshp469uwu0bafz6owzo7v7m5b7fs4dksnxsfz9djbo6ndai0hy4nib279vropdgerrpxixkyanzfr0q5vft89kv93t8vyw7bzztatw4/confusion_matrix_table.table.json"},"epoch_time":6.998603820800781,"_step":13,"train_accuracy":0.8538518518518519,"_timestamp":1.7412035920493982e+09}