{"confusion_matrix_table":{"artifact_path":"wandb-client-artifact://kejojig19lkc004pdrqtrsozarqoaubo2ysgc8x3esryzf44ckt1v9ayki8lqod8buvw0asvgu7l4fqf7ywiql8cymmnckpkgrmerzgfxpz112nv4e4e7jszatw6v1zf/confusion_matrix_table.table.json","_latest_artifact_path":"wandb-client-artifact://h4tu1wsub5ntexgtp4jffhp13ybsojj9vjjivr5p32efkr02kzyqdlxs76q3cgde2o3ovefn30rv5nlqy7d6cpl1nqazhwro0qn0snybu6xatt0xsq42d2ljlks9z7m0:latest/confusion_matrix_table.table.json","path":"media/table/confusion_matrix_table_5_9f4c04685c3646a80b72.table.json","ncols":3,"nrows":100,"_type":"table-file","sha256":"9f4c04685c3646a80b721d4944fcf8ad12e5422d975577f2c19723556c224ea0","size":2938},"Model Run history":{"train_acc":[0.7790370370370371,0.8134444444444444],"val_loss":[0.547137486275747,0.6384412236427857],"val_acc":[0.8021666666666667,0.7571666666666667],"train_loss":[0.610011325806099,0.52339937055513]},"train_accuracy":0.8134444444444444,"val_accuracy":0.7571666666666667,"total_training_time":21.513569831848145,"_timestamp":1.7411924985417438e+09,"_runtime":24.980759612,"epoch":2,"test_accuracy":0.7519,"_wandb":{"runtime":24},"val_loss":0.6384412236427857,"epoch_time":11.188363552093506,"_step":5,"train_loss":0.52339937055513}