{"val_accuracy":0.8654,"confusion_matrix":{"path":"media/images/confusion_matrix_7_febd3545c8bda7d92829.png","format":"png","width":1000,"height":800,"_type":"image-file","sha256":"febd3545c8bda7d928292ac65b20d5f3cc55afcfc1fb5983dc2e86a1632cca00","size":61357},"test_accuracy":0.8554,"_runtime":19.972690805,"train_accuracy":0.87116,"epoch":5,"total_training_time":18.752929210662842,"_wandb":{"runtime":19},"_step":7,"_timestamp":1.7409080694144764e+09,"val_loss":0.38403137804785453,"epoch_time":3.6335949897766113,"train_loss":0.36328463889325163}