{"num_classes":10,"_timestamp":1.7406406774949422e+09,"_runtime":0.770478974,"_step":0,"_wandb":{"runtime":0}}