{"train_accuracy":0.893462962962963,"confusion_matrix_table":{"nrows":100,"_type":"table-file","sha256":"06c527b40bfdca03d9f5d832c6ddead72d3c22713ea8d07e1d7403425d55265c","size":2930,"artifact_path":"wandb-client-artifact://zbhee8scdekq24qnqt2h8bnpxvwko0o9ekxieemphvcau7i6l7j7wtgoghf5l9t9lmnsvws0yl3tyfaa9j0v8nif556qlzne5jmbo4f503gz2xq3ln7c98t0pshhnaz8/confusion_matrix_table.table.json","_latest_artifact_path":"wandb-client-artifact://v37358s6rtglo97ag8vw19g88b5pukywrcmgxvh49ifhxu9x6dgi6ziwi8y931xb6pc18tb4r1pmub3rozvl2aqlspsv8gr6b9la4dsjipzjjd0syovl225vxy0h0pq9:latest/confusion_matrix_table.table.json","path":"media/table/confusion_matrix_table_43_06c527b40bfdca03d9f5.table.json","ncols":3},"test_accuracy":0.8771,"epoch":40,"epoch_time":5.604813098907471,"total_training_time":251.1769700050354,"_step":43,"val_loss":0.33825555909181554,"Model Run history":{"train_loss":[0.5689047093247812,0.4289086615821656,0.3954808918980385,0.3728223994980035,0.3594605079562103,0.35121436647688387,0.34038624025234154,0.33511125098728,0.33529323400825367,0.32736598513186316,0.3246407205426557,0.324832369585299,0.32394868526212306,0.31910178844537235,0.31380834966189325,0.31376293120790566,0.3129250373421091,0.3114270044982612,0.31135774439179786,0.31077433208723615,0.30783489000101166,0.30753203523217143,0.3036643437634698,0.30877960727107473,0.3040830784499299,0.3014246687649715,0.3006640621950167,0.30170283055329344,0.302122636526717,0.29805921349549136,0.29949819676194944,0.29871764979979354,0.29478855721636965,0.2980911371252467,0.29930701117591996,0.2970996104437482,0.29508282402402836,0.295637461332917,0.2951524765512606,0.2929744990892071],"train_acc":[0.7982592592592592,0.8477037037037037,0.858,0.8656666666666667,0.8705740740740741,0.8730555555555556,0.8762407407407408,0.8795,0.8784074074074074,0.881,0.8828888888888888,0.8827592592592592,0.881962962962963,0.8837777777777778,0.8862592592592593,0.8862222222222222,0.8860555555555556,0.8878333333333334,0.8869444444444444,0.8884074074074074,0.8885740740740741,0.8876666666666667,0.8885,0.8863703703703704,0.8898888888888888,0.8899444444444444,0.8914074074074074,0.8908518518518519,0.8882592592592593,0.8922037037037037,0.8901851851851852,0.8912407407407408,0.8931296296296296,0.8923703703703704,0.8911111111111111,0.8908518518518519,0.8922962962962963,0.8931666666666667,0.8931666666666667,0.893462962962963],"val_loss":[0.4395278792295202,0.3698345997202424,0.3447320658950246,0.3867587104706013,0.38174541346998575,0.34904985681712947,0.34642540852771014,0.34932955315704,0.3704094568438176,0.3092209750041909,0.3398646140615459,0.34553527685712015,0.33684878182567657,0.3502234785405227,0.35980107835582065,0.3506143658348642,0.40704464719265876,0.3316409784554262,0.31476256222710275,0.3197500128884093,0.3156552206490409,0.3386521627553734,0.32727898598813104,0.32497585332176304,0.3228874577308193,0.31766788853453215,0.3268742628371896,0.3518234233642343,0.3758931855919449,0.31168389526924856,0.31948161585888213,0.34558900072949905,0.31388381350660083,0.3176379033473224,0.31375533188185434,0.318931204130647,0.3308654754923611,0.3093375784281403,0.3281969540113783,0.33825555909181554],"val_acc":[0.8341666666666666,0.8616666666666667,0.8713333333333333,0.8508333333333333,0.8545,0.869,0.8693333333333333,0.8713333333333333,0.8655,0.8851666666666667,0.8761666666666666,0.8718333333333333,0.877,0.8691666666666666,0.8688333333333333,0.8706666666666667,0.8513333333333334,0.8755,0.8833333333333333,0.8811666666666667,0.8838333333333334,0.877,0.8836666666666667,0.8873333333333333,0.8785,0.8823333333333333,0.8851666666666667,0.8703333333333333,0.8573333333333333,0.8848333333333334,0.8821666666666667,0.8768333333333334,0.8853333333333333,0.8871666666666667,0.887,0.8841666666666667,0.8815,0.8883333333333333,0.8798333333333334,0.8873333333333333]},"val_accuracy":0.8873333333333333,"_timestamp":1.7413589983397632e+09,"_runtime":252.281235323,"train_loss":0.2929744990892071,"_wandb":{"runtime":252}}