{"train_loss":0.12237511727789029,"train_accuracy":0.9642592592592593,"_runtime":22.609105859,"_timestamp":1.7422133619655507e+09,"val_accuracy":0.9571666666666667,"test_accuracy":0.9595,"_wandb":{"runtime":22},"val_loss":0.13967330535717656,"_step":13,"confusion_matrix_table":{"path":"media/table/confusion_matrix_table_13_8af655ab5f4abdd346fd.table.json","ncols":3,"nrows":100,"_type":"table-file","sha256":"8af655ab5f4abdd346fd97bafb7e501b0f9b9d1212fdc8acbee42495dec315f1","size":1797,"artifact_path":"wandb-client-artifact://f8jfhx6dz86hqrtsvlywhsuecgx2i8glci8lwclnxbka5o8jo5wxtp4mhavml1l1cd64jx24qtyvsiakziq5qy9octx940xxk3jb47zxvgkpxzmqgh93ohxqwi1mjakh/confusion_matrix_table.table.json","_latest_artifact_path":"wandb-client-artifact://tl6hws33it8sad2j3dk816yms1zp48fmegop0a52gdlcl0kx9i5pahuar8srfn54dbq287l5kcdomsmhp28u5fhchocz26qu1rcmurdsdumiyvhj5ljmsygc8r4ist97:latest/confusion_matrix_table.table.json"},"total_training_time":21.4229154586792,"epoch":10,"epoch_time":1.619262933731079,"Model Run history":{"val_loss":[0.41650676239468964,0.286666648486482,0.23412989210612886,0.2005117505493951,0.17283420074988842,0.16596080785954248,0.1488644513340365,0.15337502301143907,0.14312020452133384,0.13967330535717656],"val_acc":[0.8735,0.917,0.9315,0.9428333333333333,0.9471666666666667,0.9508333333333333,0.954,0.9538333333333333,0.957,0.9571666666666667],"train_loss":[0.7571717626353054,0.34693682265814135,0.2611999087993876,0.2152231304540595,0.1860087088460009,0.16393018011094207,0.14938404865586327,0.13989242972894156,0.1290778100588494,0.12237511727789029],"train_acc":[0.751462962962963,0.8992222222222223,0.9246851851851852,0.9386481481481481,0.9459444444444445,0.9526111111111111,0.9562222222222222,0.959462962962963,0.9616666666666667,0.9642592592592593]}}