{"test_accuracy":0.8644,"val_accuracy":0.8732,"confusion_matrix":{"width":1000,"height":800,"_type":"image-file","sha256":"3e242e90e575fadef3a9e8942e7192cfa555d53db9aa94cab437c23a744fb7cf","size":59754,"path":"media/images/confusion_matrix_7_3e242e90e575fadef3a9.png","format":"png"},"_runtime":25.61937337,"train_accuracy":0.88244,"epoch_time":4.7801055908203125,"epoch":5,"val_loss":0.34749398970218237,"_step":7,"total_training_time":24.404557943344116,"_timestamp":1.7409122979931555e+09,"_wandb":{"runtime":25},"train_loss":0.3215403286802652}