{"_timestamp":1.7422136254493635e+09,"train_accuracy":0.9444074074074074,"_step":8,"confusion_matrix_table":{"path":"media/table/confusion_matrix_table_8_c8f975b56965c34e53f2.table.json","ncols":3,"nrows":100,"_type":"table-file","sha256":"c8f975b56965c34e53f2439d681df37cddeb0e7161a245f63886b1b859754f66","size":1798,"artifact_path":"wandb-client-artifact://e8qlcwjn229vo764qcroftwybqqgwottkj9ra8hjwnl20zduy9djq017n1py60laipjg85o741j6lz3u2yxiohnl4nqyqf6gr04aifloa10wg3anl3tc9xugtui3on41/confusion_matrix_table.table.json","_latest_artifact_path":"wandb-client-artifact://kfgdjnfwc1xa5atkrfx15bdhd5iaj40zp7e1rpm4o1kwenomt3iwcsavai7qbcbdnf35ww9rue8pjabkcvf0eulpxh71oblaxb0dio0bpad7f4e8kn6sw3eod5diak8j:latest/confusion_matrix_table.table.json"},"_wandb":{"runtime":14},"_runtime":14.31248972,"epoch":5,"val_accuracy":0.9428333333333333,"Model Run history":{"train_loss":[0.32928807363282464,0.23004316281995874,0.21338875739367705,0.20378301021532505,0.20083965702025897],"train_acc":[0.9063148148148148,0.9359444444444445,0.9415740740740741,0.9443518518518519,0.9444074074074074],"val_loss":[0.27364129592378644,0.19810720057528552,0.20859085146172376,0.1867562981776112,0.18504489617769332],"val_acc":[0.9183333333333333,0.9395,0.9393333333333334,0.947,0.9428333333333333]},"epoch_time":3.388493537902832,"train_loss":0.20083965702025897,"test_accuracy":0.9471,"val_loss":0.18504489617769332,"total_training_time":13.107144355773926}