{"epoch":5,"_timestamp":1.7412040427798088e+09,"_runtime":6.276168165,"train_accuracy":0.8795185185185185,"test_accuracy":0.8629,"val_loss":0.35824658228493483,"val_accuracy":0.8723333333333333,"_wandb":{"runtime":6},"_step":8,"total_training_time":5.123626708984375,"epoch_time":1.0193090438842773,"train_loss":0.3351011121562472,"confusion_matrix_table":{"ncols":3,"nrows":100,"_type":"table-file","sha256":"372117f6518a153ebb2586d00de27f287675a39aee05696c6de86d3b074721c5","size":2933,"artifact_path":"wandb-client-artifact://wxvwvl739njvy4plzozv1bf4hvp1q38sqxms0yp8y1rztyk6wquk1fvjsv2czk2pz1fkcu56yn0wa9upg108mplnq1wqg600a5l3c3m5sinaeyq8j999ea5qzqv1sxyw/confusion_matrix_table.table.json","_latest_artifact_path":"wandb-client-artifact://hmbar0d7rncbfh4mqf16i1m53pjgfgnmbzlye1vim60wj4pg0idb6g9cykom1jrb8tidhgymphndj96dynr61e4z708t4jsllak0zrzfgpz69eca8oa7vytracq5ln5u:latest/confusion_matrix_table.table.json","path":"media/table/confusion_matrix_table_8_372117f6518a153ebb25.table.json"},"Model Run history":{"val_loss":[0.43340585199209153,0.37959506407847105,0.38039618354589333,0.3701466919703774,0.35824658228493483],"val_acc":[0.8445,0.8645,0.8658333333333333,0.8655,0.8723333333333333],"train_loss":[0.584856786424966,0.4077434792380518,0.37209259935032263,0.35165174250279346,0.3351011121562472],"train_acc":[0.8,0.855,0.8683333333333333,0.8741296296296296,0.8795185185185185]}}