{"epoch_time":4.438376188278198,"test_accuracy":0.8861,"val_loss":0.3021040769287256,"val_accuracy":0.8945,"_step":43,"_timestamp":1.7413432509852898e+09,"epoch":40,"train_accuracy":0.9322037037037038,"total_training_time":187.3017807006836,"train_loss":0.19066130561381017,"_runtime":188.536336493,"Model Run history":{"train_loss":[0.6670395917350412,0.4564800604364266,0.41387699531106625,0.3846013205180841,0.3654285900873636,0.34872786361033814,0.33778733224651897,0.3265202597798431,0.3168751486967922,0.3094459419680086,0.30230059246637236,0.2932964843501397,0.28679766198685325,0.281505899356922,0.27562836826185794,0.2704322943465562,0.26553153986155303,0.25976883511107046,0.25504875434859725,0.251153486975763,0.24816014066009942,0.2449150050665625,0.23948312041501243,0.235675328095916,0.2333094602282412,0.23006469558238554,0.2262769032150589,0.22373736230623473,0.21943711513245143,0.2189611721723381,0.21404403370174188,0.21126377817202333,0.2096062014171862,0.20574812164463632,0.20292513499739606,0.2012911431375352,0.19718693714529725,0.19502917659589625,0.1931000735730948,0.19066130561381017],"train_acc":[0.7685,0.8415555555555555,0.8540185185185185,0.8650185185185185,0.8701111111111111,0.8755740740740741,0.8806666666666667,0.8843703703703704,0.8871296296296296,0.8893888888888889,0.8912777777777777,0.8958333333333334,0.8966851851851851,0.8996296296296297,0.9006296296296297,0.9032592592592592,0.9048518518518519,0.9071666666666667,0.9088148148148149,0.9104629629629629,0.9109074074074074,0.9123703703703704,0.9133703703703704,0.9154444444444444,0.9169074074074074,0.9174444444444444,0.9187592592592593,0.9200185185185186,0.9212407407407407,0.9213148148148148,0.9237962962962963,0.9251296296296296,0.9266481481481481,0.9267962962962963,0.9277777777777778,0.9276296296296296,0.9301481481481482,0.9298888888888889,0.9308518518518518,0.9322037037037038],"val_loss":[0.5828405343420717,0.46677137525254214,0.4363406616332059,0.3915357773049024,0.38057646017020136,0.3632671660681939,0.344077276021633,0.3338784891685568,0.33359646138304544,0.34822708812558517,0.3245350150821458,0.3292725353591586,0.3498977002095114,0.3344294032825508,0.32012815853690585,0.30566243141435195,0.3039183713565264,0.329285774960098,0.3170591836071861,0.29877959961129374,0.3325008840797986,0.2906417205791957,0.29635230919223565,0.3216420337353176,0.2983357176869755,0.2975912144923628,0.29304980518875096,0.2949978609807605,0.3148980776345534,0.3121665131556305,0.324359534409252,0.2978615513804814,0.2891102840759886,0.2948627747373883,0.29613362010361055,0.29902930312355813,0.2919081932594008,0.31086084661208657,0.3040080175057898,0.3021040769287256],"val_acc":[0.7751666666666667,0.8301666666666667,0.8345,0.8571666666666666,0.8615,0.8686666666666667,0.8738333333333334,0.8745,0.878,0.8676666666666667,0.8806666666666667,0.8721666666666666,0.8665,0.8726666666666667,0.8813333333333333,0.8881666666666667,0.8895,0.8735,0.8851666666666667,0.8931666666666667,0.8758333333333334,0.8951666666666667,0.891,0.881,0.8905,0.8903333333333333,0.8951666666666667,0.8903333333333333,0.8868333333333334,0.8836666666666667,0.8878333333333334,0.896,0.896,0.892,0.8975,0.8953333333333333,0.9,0.8953333333333333,0.895,0.8945]},"_wandb":{"runtime":188},"confusion_matrix_table":{"sha256":"d48a1735a2bfe780ce470460236eeea2be4a2460c55fd317cc7b51d455c86c51","size":2928,"artifact_path":"wandb-client-artifact://n71h27wqvaff71vusqjlar5d1vfkocfdclj1wmeu3hfe18ebv2yeq56l5t792qoeti8da228etp1g255r27igmep2gy46ytl9fen6j9djuhok4kw565t4p7sucwer0ic/confusion_matrix_table.table.json","_latest_artifact_path":"wandb-client-artifact://2na1cl5c9fmv53t3k14fbgi8m4jaew9meoinqr8g499upwej1loupon04rjei42asa6acu47fxtn9g4l12ryk991ryz5hv7unledd4hwgmyzpknf6cg0oogv2f26dhm3:latest/confusion_matrix_table.table.json","path":"media/table/confusion_matrix_table_43_d48a1735a2bfe780ce47.table.json","ncols":3,"nrows":100,"_type":"table-file"}}