{"_step":9,"_wandb":{"runtime":45},"epoch":10,"loss":0.17494207447266572,"val_loss":0.38807439818623535,"val_accuracy":0.86,"_timestamp":1.740640890894808e+09,"_runtime":45.254788749}