{"_timestamp":1.7412423233208663e+09,"train_accuracy":0.891462962962963,"epoch_time":4.430279970169067,"test_accuracy":0.8621,"epoch":10,"val_loss":0.36281804976597437,"Model Run history":{"val_acc":[0.8455,0.844,0.8576666666666667,0.8631666666666666,0.87,0.8698333333333333,0.8725,0.874,0.8756666666666667,0.8695],"train_loss":[0.5654227388774781,0.41458924492100546,0.37750461257769047,0.35440591101501123,0.3383678789807268,0.3251877082293278,0.3160679915904259,0.3075982292605749,0.29704574612840207,0.29009104178696626],"train_acc":[0.799962962962963,0.8525,0.8651111111111112,0.8721666666666666,0.8776481481481482,0.8816851851851852,0.8847037037037037,0.8861666666666667,0.8918518518518519,0.891462962962963],"val_loss":[0.43436349739755514,0.45653226877326053,0.4026244415521295,0.38460244932644766,0.3731993079149659,0.36500802844115926,0.3513546988255428,0.3537860316277102,0.3618255399318899,0.36281804976597437]},"_wandb":{"runtime":28},"val_accuracy":0.8695,"_step":13,"_runtime":28.325243927,"total_training_time":26.92923617362976,"confusion_matrix_table":{"nrows":100,"_type":"table-file","sha256":"11ea3859539ca64384d22da20c48e07aa32574dee936a64ac2540553737e2561","size":2930,"artifact_path":"wandb-client-artifact://m12pgrmhyfkmgr1v3t42nmp52g1qvwbq322cg2h5i91uddmvqg0ksxdhyptnwku3j15uz7ct6zcho0amoln5vblx46ujsynyfj7fyfg8n3mk4e7u425i4a80ei7ey61v/confusion_matrix_table.table.json","_latest_artifact_path":"wandb-client-artifact://564h9yv7d2wtxxd4xrb1dv7rlxxxkkntbsx138f3pwib36iw4mwvrfqkn8jah6plt19aw36v2o3qb5z66g0lv6qmwqzs18d0ces1e89mvugimuq35s7xz3elckcqv5yb:latest/confusion_matrix_table.table.json","path":"media/table/confusion_matrix_table_13_11ea3859539ca64384d2.table.json","ncols":3},"train_loss":0.29009104178696626}