{"epoch_time":1.474604845046997,"val_loss":0.1178481729027778,"train_accuracy":0.9791111111111112,"epoch":10,"_runtime":14.844274713,"Model Run history":{"train_loss":[0.33630826395297375,0.17162181495037165,0.13820134444355883,0.1177690067749614,0.10443546530498597,0.09344822505255894,0.08350498326765764,0.07793254646885857,0.07299993061790998,0.06773052132566464],"train_acc":[0.8979444444444444,0.9490555555555555,0.9583888888888888,0.965462962962963,0.9684814814814815,0.9721666666666666,0.975,0.9757407407407407,0.9781481481481481,0.9791111111111112],"val_loss":[0.2011364471621564,0.1587475029719969,0.14058253691759878,0.12272178545060558,0.13211810943991797,0.11268755584239608,0.11402940118519721,0.12321380841281995,0.12280234723055512,0.1178481729027778],"val_acc":[0.9378333333333333,0.9515,0.9546666666666667,0.9621666666666666,0.9576666666666667,0.9648333333333333,0.9638333333333333,0.9631666666666666,0.9608333333333333,0.9651666666666666]},"val_accuracy":0.9651666666666666,"confusion_matrix_table":{"size":1791,"artifact_path":"wandb-client-artifact://qtvvmnbife2l5oiw08g5q43g1cozc08m6gvxdusyb9oi5fu87tgr40gasjeabkid3rv8mt76rt6lvl13nfu4sj5iviinbmctr8mna765c0g5948yhf88fvjs6ni2cneo/confusion_matrix_table.table.json","_latest_artifact_path":"wandb-client-artifact://fty7gk8ffsyzz7a09mmozojafd8ahswpbr666ffbwcllvos89dwvxrhtsdm491q28iltlgv6vazlnzjoskwh1sa0hb8oim7nmswnjyjnqggxptev92gzi94rakfk9koa:latest/confusion_matrix_table.table.json","path":"media/table/confusion_matrix_table_13_ecf628eb027f9a013fcb.table.json","ncols":3,"nrows":100,"_type":"table-file","sha256":"ecf628eb027f9a013fcbd4daa945875f6d26d3671fb025f38ff528047bf19d68"},"test_accuracy":0.9691,"_step":13,"_timestamp":1.7422142362077115e+09,"total_training_time":13.782532453536987,"_wandb":{"runtime":14},"train_loss":0.06773052132566464}