{"_step":8,"train_loss":0.33914515399541356,"train_accuracy":0.8766296296296296,"total_training_time":46.689494609832764,"epoch_time":10.102050304412842,"confusion_matrix_table":{"size":2930,"artifact_path":"wandb-client-artifact://ccpokjaeson6ozjerqvj9c1es7mpqdcatjq2hsjxx5anda0821yivg0kleuq6vbnqmvtl0h4lcyw29fwnqpr5ns2xyu3qz1i9hww1elwjukqq5uciv26kphxzerg215n/confusion_matrix_table.table.json","_latest_artifact_path":"wandb-client-artifact://yhupvcnxg7l5tz1rj0mo37zrbfpcxh1zywqn8gzpw549e0wsxbpna2vqpclhd05z61p8atlv4gajd3fvihv8itfhopijeb8wreclout7vfhsg3qzzyn9wao2f17qmugy:latest/confusion_matrix_table.table.json","path":"media/table/confusion_matrix_table_8_825160bad86640fbb2c2.table.json","ncols":3,"nrows":100,"_type":"table-file","sha256":"825160bad86640fbb2c2e3fa44b16940408f6f9f2007e852cdea275e8348ca4f"},"val_accuracy":0.8721666666666666,"_runtime":47.753507036,"test_accuracy":0.8675,"Model Run history":{"val_acc":[0.8486666666666667,0.8605,0.873,0.8636666666666667,0.8721666666666666],"train_loss":[0.4941130752714384,0.3925840075408815,0.3651442021988706,0.35062250483206564,0.33914515399541356],"train_acc":[0.8245740740740741,0.8586111111111111,0.869,0.8732407407407408,0.8766296296296296],"val_loss":[0.40243219102719,0.38569002629319105,0.343822130180698,0.36229075100105385,0.34596691056283546]},"_wandb":{"runtime":47},"_timestamp":1.7412006935776508e+09,"epoch":5,"val_loss":0.34596691056283546}