{"total_training_time":11.718539237976074,"Model Run history":{"train_acc":[0.7839444444444444,0.8484074074074074,0.860537037037037,0.8677592592592592,0.8715,0.8763333333333333,0.8769259259259259,0.8797777777777778,0.8812962962962962,0.8851666666666667],"val_loss":[0.4656329270765592,0.4152850516779681,0.4095349081455054,0.3769283326684757,0.3864746971883882,0.35155396834613145,0.3739777998956517,0.3390374538729956,0.3526940769786642,0.35013709535864673],"val_acc":[0.8393333333333334,0.8513333333333334,0.8478333333333333,0.8608333333333333,0.8573333333333333,0.867,0.8596666666666667,0.8741666666666666,0.8725,0.8698333333333333],"train_loss":[0.6059433836820459,0.42262024594574604,0.38580472201391053,0.3667870722960995,0.35281006153536887,0.34176188861022205,0.3359128347452846,0.32696337187564334,0.32257433895538634,0.3144079460974438]},"_wandb":{"runtime":12},"epoch":10,"_runtime":12.722434124,"val_accuracy":0.8698333333333333,"train_accuracy":0.8851666666666667,"_step":13,"epoch_time":1.252990484237671,"test_accuracy":0.8641,"confusion_matrix_table":{"ncols":3,"nrows":100,"_type":"table-file","sha256":"3d37bb1da566d8bec59486eda6767ff5ac64966e41b2c8a4c8ec59386cd9dec4","size":2933,"artifact_path":"wandb-client-artifact://ebh736y9if14sbf4uosc5qgdm9xvh1on4d0971tudguizaex0yu79mxlkxuflxmidyls47y5e7g21itpw05hi51wwnqyoj8kd5585hbmvl9ryx6do7wh710ca46xqv0l/confusion_matrix_table.table.json","_latest_artifact_path":"wandb-client-artifact://4ugi5esfls5l2pk65sndo8qujmk1b4trfhlzmrmpvoakj6ia8a5f74wc4ze8xfxzrujpduoxz6svxo4w99kelv4xrgxmqktmwrlhpncszf35iv6s9i9cdn2v2ta6dima:latest/confusion_matrix_table.table.json","path":"media/table/confusion_matrix_table_13_3d37bb1da566d8bec594.table.json"},"val_loss":0.35013709535864673,"_timestamp":1.7412049157100618e+09,"train_loss":0.3144079460974438}