{"val_loss":1.6744288052878336,"_wandb":{"runtime":15},"test_accuracy":0.4309,"train_accuracy":0.4218,"_timestamp":1.7409108762333708e+09,"epoch_time":1.982266902923584,"confusion_matrix":{"format":"png","width":1000,"height":800,"_type":"image-file","sha256":"788319b928842b0c77f6bd2aba8272200c1d9bdc9e028556d0379c0cbc74fe92","size":66341,"path":"media/images/confusion_matrix_12_788319b928842b0c77f6.png"},"val_accuracy":0.4331,"total_training_time":14.74063754081726,"_runtime":15.919507731,"train_loss":1.711345673760534,"_step":12,"epoch":10}