{"test_accuracy":0.7573,"val_loss":7.95082632610844,"val_acc":0.7698,"epoch":5,"train_acc":0.76874,"train_loss":0.7434841200446672,"_runtime":14.947689798,"sample_predictions":{"path":"media/images/sample_predictions_6_fcb6446335aa3464b3fb.png","format":"png","width":1200,"height":300,"_type":"image-file","sha256":"fcb6446335aa3464b3fb5878e65dcfa5a0040eda4dbb0d2029fda4dca7ea19f8","size":22826},"_wandb":{"runtime":15},"_timestamp":1.740683949102894e+09,"_step":6}