{"total_training_time":15.599697351455688,"test_accuracy":0.8133,"train_loss":0.574941088636195,"_step":8,"val_loss":0.509913428120981,"epoch":5,"confusion_matrix_table":{"size":2935,"artifact_path":"wandb-client-artifact://lcnsaqlvkxjhrfgt4vp22dhlcko35dqxv2krc3fmj50jcbvip03q77vnjlybhc4syktpxqdjuqt8grkrhfybgw7mlr3tmswjvow0fr2hkhroukk82c9jofn1083t9ruw/confusion_matrix_table.table.json","_latest_artifact_path":"wandb-client-artifact://n5659c6bmkoh05ptfe4vyarvt50geif2tpepw0sxl4yvn23bavyuydaz2l49aotrmm71e4i3vwu3gupnqgjcxsisult46ocm2jkzoefokni7eyju570511gicosvqq33:latest/confusion_matrix_table.table.json","path":"media/table/confusion_matrix_table_8_9742297087df7d017803.table.json","ncols":3,"nrows":100,"_type":"table-file","sha256":"9742297087df7d01780354ed6771b4561fae2ad591f92ef49b79e82694897661"},"val_accuracy":0.8236666666666667,"_timestamp":1.7411926030397003e+09,"_runtime":17.069116974,"epoch_time":3.445939302444458,"Model Run history":{"train_acc":[0.09870370370370371,0.11996296296296297,0.5601851851851852,0.7249629629629629,0.7946296296296296],"val_loss":[2.302724571334232,1.6856487008476981,0.8865645093700919,0.6508970441826465,0.509913428120981],"val_acc":[0.10083333333333333,0.22016666666666668,0.6578333333333334,0.7656666666666667,0.8236666666666667],"train_loss":[2.30302420063187,2.2781679935927954,1.0713118934206711,0.7484417978237462,0.574941088636195]},"train_accuracy":0.7946296296296296,"_wandb":{"runtime":17}}