{"Model Run history":{"train_acc":[0.8154444444444444,0.858574074074074,0.8714074074074074,0.8766666666666667,0.8821296296296296,0.885962962962963,0.8891666666666667,0.893425925925926,0.8929444444444444,0.897074074074074,0.8965555555555556,0.8992222222222223,0.9005925925925926,0.9001481481481481,0.9031481481481481,0.9044814814814814,0.904,0.9073148148148148,0.9074814814814814,0.9074444444444445,0.9076481481481481,0.9085,0.9093518518518519,0.9098703703703703,0.9107407407407407,0.9115925925925926,0.9127222222222222,0.9118518518518518,0.9110555555555555,0.9129444444444444,0.9129814814814815,0.9144629629629629,0.9120185185185186,0.9140185185185186,0.9151111111111111,0.9169444444444445,0.9152037037037037,0.9162222222222223,0.9156111111111112,0.9174444444444444],"val_loss":[0.4598981639995766,0.36533440928068134,0.3505326627416436,0.3367728733544742,0.3328174058620054,0.32265106973031005,0.33395543594364446,0.3187796472411755,0.36201404736560333,0.33992888755953027,0.3146054133208285,0.3102994803651428,0.3215938045576002,0.3081293606902558,0.3196019429227412,0.3198020356516274,0.3497258155651417,0.3047034818870959,0.3464757135083466,0.3106980354861065,0.3361291538429294,0.30174380240573107,0.3032548846747846,0.30607321824812594,0.2947134110919125,0.33184530736065493,0.29690768271616896,0.30315528664217856,0.2996757921867414,0.28719096739933125,0.3407193252069273,0.30220001950140757,0.3127388434769139,0.30026779470050713,0.30970867228874727,0.3658958752614378,0.3344496449890779,0.33548332506227607,0.2936360501554699,0.3170185560705616],"val_acc":[0.8275,0.8673333333333333,0.871,0.8755,0.8801666666666667,0.8838333333333334,0.8763333333333333,0.8848333333333334,0.8725,0.8741666666666666,0.8828333333333334,0.8878333333333334,0.8873333333333333,0.8855,0.8868333333333334,0.8825,0.8763333333333333,0.8886666666666667,0.8801666666666667,0.8863333333333333,0.8781666666666667,0.8916666666666667,0.8926666666666667,0.892,0.8953333333333333,0.881,0.8941666666666667,0.8888333333333334,0.8921666666666667,0.897,0.8773333333333333,0.8926666666666667,0.8825,0.891,0.8866666666666667,0.8706666666666667,0.8866666666666667,0.8805,0.8966666666666666,0.8918333333333334],"train_loss":[0.5198268385393757,0.3928909902204618,0.354887283666967,0.3381390282987763,0.3205156820814604,0.31186716414984816,0.30045616926240043,0.2935109678470763,0.2883493289705396,0.28033442335308917,0.27743700051018727,0.27255789815713466,0.2705295922740009,0.26667641977136397,0.26105920187309745,0.2563369696579861,0.2572938299665608,0.2523812409351424,0.24900934205732184,0.25016442944576417,0.24720016681799112,0.2467282697989383,0.2433075865530554,0.24024729379448356,0.24036893031624795,0.23806240097411574,0.23743121702777262,0.2377713379748865,0.2358684667496772,0.23384697305239924,0.23352080171062084,0.23105124294022017,0.23327195693344974,0.2293215487831189,0.22944719932732674,0.2261516554359104,0.2277710742516564,0.22473710185609705,0.22719888033875937,0.22295120666086787]},"train_loss":0.22295120666086787,"val_loss":0.3170185560705616,"_timestamp":1.7413478104974914e+09,"epoch_time":3.5805835723876953,"_step":43,"train_accuracy":0.9174444444444444,"total_training_time":188.6066014766693,"val_accuracy":0.8918333333333334,"epoch":40,"confusion_matrix_table":{"_type":"table-file","sha256":"cb348e3f34c58a312dd4486ccec2ddc2440ab8b8418022ee700a45f5947025a0","size":2930,"artifact_path":"wandb-client-artifact://r838b9kg7vo7z6bfj4dwxjtk04fxgniuwpyufwtkjjteczx17vg3va6bu8mffv03592076lx2e3cp3zx0sc2zq2rvqhuftzoyj20n00dq11xcu6lmtu1n1edpah77eok/confusion_matrix_table.table.json","_latest_artifact_path":"wandb-client-artifact://c2v17d487l272yzvaag5wenseumk767rbn85xyvuyqmbxl0s5rahbhfdmre5qzeudpu28yovui6xr5x0ralwjsqq5kfzsbjmvmw4m60g2zrmqipo5kzs8197j451m669:latest/confusion_matrix_table.table.json","path":"media/table/confusion_matrix_table_43_cb348e3f34c58a312dd4.table.json","ncols":3,"nrows":100},"_wandb":{"runtime":189},"_runtime":189.893741358,"test_accuracy":0.8814}