{"train_accuracy":0.885425925925926,"total_training_time":20.709962606430054,"_wandb":{"runtime":21},"epoch":5,"train_loss":0.30928159189589327,"Model Run history":{"val_acc":[0.8493333333333334,0.856,0.874,0.8776666666666667,0.881],"train_loss":[0.503877171313608,0.3820128821657347,0.3460629100201595,0.3252691075012501,0.30928159189589327],"train_acc":[0.8192037037037037,0.8599629629629629,0.872462962962963,0.8801851851851852,0.885425925925926],"val_loss":[0.41584699601846825,0.39403096892802775,0.34606302516528553,0.33677403693899716,0.32878836541274686]},"test_accuracy":0.8713,"confusion_matrix_table":{"_latest_artifact_path":"wandb-client-artifact://upce3i6gks46ze075o4yte8qgibn41cgn6ijwpywi1h3iszbgdgubd08g2vmqxualeuljymdrsh3qmof2kmy6g7sbojihxa38ibf3nk2g8i0ahpatogcta97phjwu2zo:latest/confusion_matrix_table.table.json","path":"media/table/confusion_matrix_table_8_7a93ff52dfead4da3867.table.json","ncols":3,"nrows":100,"_type":"table-file","sha256":"7a93ff52dfead4da386736562cdbf5d62762808fb44c0f0c01a5fc30768cd507","size":2932,"artifact_path":"wandb-client-artifact://0j2q32guufkkf9a56hxntd27y44rahcxk5kzn1ajsod00cc7boowfcm77c3q4m3chpj6h6xy1nk5n0ncev6ut0fxiqznn31ntxxiwbpowupgkv7k476i6x7g3b8t2azb/confusion_matrix_table.table.json"},"epoch_time":4.030792236328125,"_timestamp":1.741201912841422e+09,"val_loss":0.32878836541274686,"_step":8,"val_accuracy":0.881,"_runtime":21.808133515}