{"train_accuracy":0.8534814814814815,"confusion_matrix_table":{"ncols":3,"nrows":100,"_type":"table-file","sha256":"515f805e1a15c604cc0d9e04670ea1ff5cd2764c2fdbffd327cbb5d36b486989","size":2933,"artifact_path":"wandb-client-artifact://45ggncfyls82k517y1freg5flr3wuq2a85oep0kzjqxjkgs3rb8gcptxbrhpc085c8oatjuvpvo1vmicrc5lrsrtzrg2xmkt9osq4zp62xncy32838ebpzc9tmt7fmg6/confusion_matrix_table.table.json","_latest_artifact_path":"wandb-client-artifact://gfzhbbqamuqtrz22bwtxidi7hk2axkm5dijwq33a80xhrz0sykx8n4csn08wrpk19msp1hjepkcpzhlh0aotp67femweujyn3gtcjxpgbc117fjby8j53tdaqegjbw90:latest/confusion_matrix_table.table.json","path":"media/table/confusion_matrix_table_13_515f805e1a15c604cc0d.table.json"},"_wandb":{"runtime":26},"val_loss":0.4564064939215287,"epoch":10,"total_training_time":25.58902645111084,"epoch_time":2.663370370864868,"_timestamp":1.741201333023639e+09,"_step":13,"val_accuracy":0.8383333333333334,"_runtime":26.696294226,"train_loss":0.41828941697121297,"test_accuracy":0.8267,"Model Run history":{"train_acc":[0.5621666666666667,0.6782407407407407,0.7070740740740741,0.735537037037037,0.7594444444444445,0.7907592592592593,0.818037037037037,0.8308888888888889,0.8417962962962963,0.8534814814814815],"val_loss":[0.8668772875765703,0.8013703082100527,0.7810610686512517,0.6848652967551819,0.6425450900496443,0.5917883945653126,0.5585099308851283,0.47632846177628085,0.449508013156175,0.4564064939215287],"val_acc":[0.6836666666666666,0.6985,0.6908333333333333,0.7428333333333333,0.7715,0.7835,0.8113333333333334,0.8396666666666667,0.8468333333333333,0.8383333333333334],"train_loss":[1.0555406025960423,0.8359047583838485,0.7598232732983113,0.7028767018147105,0.6510815977020042,0.5885944100929282,0.5256034154547911,0.4844206232095707,0.44881733488844966,0.41828941697121297]}}