{"confusion_matrix":{"height":800,"_type":"image-file","sha256":"9b28cedec78bcad8d255f32c1e4834cf5346cdb384cab779a35bdc2e71f604cf","size":60608,"path":"media/images/confusion_matrix_12_9b28cedec78bcad8d255.png","format":"png","width":1000},"_timestamp":1.740908414957002e+09,"epoch":10,"_step":12,"val_loss":0.33762721744479646,"_runtime":42.685706986,"val_accuracy":0.8779,"epoch_time":4.573089599609375,"total_training_time":41.49295449256897,"_wandb":{"runtime":42},"train_accuracy":0.89332,"train_loss":0.29850810297074637,"test_accuracy":0.8725}