{"confusion_matrix":{"size":48044,"path":"media/images/confusion_matrix_12_4595250964e656d5f553.png","format":"png","width":1000,"height":800,"_type":"image-file","sha256":"4595250964e656d5f5534026e5a316b10cfeb15c09a35524c747318431d883c3"},"_wandb":{"runtime":96},"_runtime":96.015404007,"epoch":10,"_timestamp":1.740907175126164e+09,"test_accuracy":0.1,"train_accuracy":0.09976,"epoch_time":9.480319023132324,"total_training_time":94.82894730567932,"val_loss":2.3026813913636373,"_step":12,"train_loss":2.303147863448941,"val_accuracy":0.0996}