{"epoch":10,"_runtime":38.826784273,"_timestamp":1.7412001828180203e+09,"total_training_time":37.6156907081604,"val_accuracy":0.8576666666666667,"val_loss":0.3865030706694034,"confusion_matrix_table":{"ncols":3,"nrows":100,"_type":"table-file","sha256":"46f23956b180bfa66ecd5125716ad50e3e6a2ed223798753a64ea52c34bf59f5","size":2934,"artifact_path":"wandb-client-artifact://bfbe9bqhqdgff7dxy09pnhdvgpllt8aewg5iy7koc8bhvvmnre082bnstvqjpmfqc2505085oc0f457flpwmwdh37z9j46yh6tt31au768ol89ztoxq2k1sr5njemt0i/confusion_matrix_table.table.json","_latest_artifact_path":"wandb-client-artifact://k8uizeh4tlqwi33k60m4lxbx3iqny070nkojmnw37xm44nv7bvm49vb7vharqx7xajogeu2jq9rfpfi13dd39trruvokt9d09c09h0ddlwy50nrzzq6t274qr0b84l79:latest/confusion_matrix_table.table.json","path":"media/table/confusion_matrix_table_13_46f23956b180bfa66ecd.table.json"},"test_accuracy":0.8512,"_step":13,"train_accuracy":0.8542037037037037,"_wandb":{"runtime":38},"train_loss":0.40755206357001694,"Model Run history":{"train_acc":[0.7810555555555555,0.8262037037037037,0.8331296296296297,0.8387777777777777,0.8431111111111111,0.8479629629629629,0.8486666666666667,0.8518888888888889,0.8521666666666666,0.8542037037037037],"val_loss":[0.6154157654193346,0.48038730581474226,0.45354237983915974,0.41556043823480776,0.4414324589985557,0.5560454181291477,0.40243783133446565,0.4219517130658683,0.40677729684217395,0.3865030706694034],"val_acc":[0.7628333333333334,0.8243333333333334,0.8328333333333333,0.8466666666666667,0.8401666666666666,0.7848333333333334,0.852,0.8471666666666666,0.8508333333333333,0.8576666666666667],"train_loss":[0.608208885033424,0.48357241456947586,0.46136740734903847,0.44827191504470915,0.4377451925876163,0.42692889103510884,0.4222030173073004,0.4152100564708969,0.4126643759006722,0.40755206357001694]},"epoch_time":3.7589263916015625}