{"_runtime":22.329041566,"total_training_time":20.85997986793518,"_step":13,"Model Run history":{"val_acc":[0.9365,0.9506666666666667,0.9568333333333333,0.9561666666666667,0.9606666666666667,0.9591666666666666,0.9605,0.9565,0.9605,0.9621666666666666],"train_loss":[0.34138933030805996,0.17201763825816838,0.13404666805411533,0.1130943035441358,0.09927956796492424,0.08750500368277604,0.07972396085664542,0.0708621528159687,0.06509603345080903,0.06074127553892605],"train_acc":[0.9020185185185186,0.9503703703703704,0.9605,0.966462962962963,0.9702592592592593,0.9736666666666667,0.9753888888888889,0.9782407407407407,0.9796851851851852,0.9812037037037037],"val_loss":[0.20818682673304045,0.16077364873590827,0.13510142137038883,0.1407012202472527,0.12840286761159572,0.12473666943186633,0.12060355050673692,0.1346391867215029,0.12086577209768319,0.12579934859461778]},"val_accuracy":0.9621666666666666,"confusion_matrix_table":{"_latest_artifact_path":"wandb-client-artifact://2guiwwoannxh4eaq50g5gxid356rswgmlepgrkkipd5sozwbwq4osj6hx6cxpwu8bt5xbn9sobvomiebuudx6ivlhcfsmxrh8sxy14mzjtma9mq32e2xxxwqhz7w5pqw:latest/confusion_matrix_table.table.json","path":"media/table/confusion_matrix_table_13_f5c92a1bdad80b0b664a.table.json","ncols":3,"nrows":100,"_type":"table-file","sha256":"f5c92a1bdad80b0b664a51c1b612b83659222470a1ec4ad37a49bbafc0c2750c","size":1791,"artifact_path":"wandb-client-artifact://qcsph5kue99xzlo6gljnvkb226p1q580rjf90br3j2468gjuf5keecxh0dhyxnqywb1f7t8k8t0yl08x8bmo4aha7gxmutv5p7oxuezmt1r2bo5hs29su67rdjt5xqtc/confusion_matrix_table.table.json"},"_wandb":{"runtime":22},"epoch_time":1.8935139179229736,"test_accuracy":0.9655,"_timestamp":1.7422147713494043e+09,"train_loss":0.06074127553892605,"train_accuracy":0.9812037037037037,"val_loss":0.12579934859461778,"epoch":10}