{"val_accuracy":0.7531666666666667,"val_loss":0.6719316577148675,"test_accuracy":0.7532,"epoch":2,"train_loss":0.7674657013540654,"_runtime":20.021122896,"confusion_matrix":{"height":800,"_type":"image-file","sha256":"d17b7e32d402218458f6579fc63c6ecee8b3b272b8ad3d7da79be44379512264","size":61267,"path":"media/images/confusion_matrix_4_d17b7e32d402218458f6.png","format":"png","width":1000},"_step":4,"total_training_time":18.626325368881226,"_timestamp":1.741005331321881e+09,"epoch_time":9.576194524765015,"_wandb":{"runtime":20},"train_accuracy":0.7095185185185185}