{"val_accuracy":0.8848333333333334,"train_accuracy":0.9018703703703703,"_timestamp":1.7410043402695637e+09,"_wandb":{"runtime":144},"epoch_time":12.475027322769165,"train_loss":0.2804964461824279,"confusion_matrix":{"_type":"image-file","sha256":"683ff0514019567ad03f10cdaef065a82ae12d70b6b732bd8ddd0902e9a53831","size":59217,"path":"media/images/confusion_matrix_12_683ff0514019567ad03f.png","format":"png","width":1000,"height":800},"val_loss":0.3226460873205321,"_runtime":144.965778213,"epoch":10,"_step":12,"test_accuracy":0.8778,"total_training_time":142.26898741722107}