{"_step":13,"_timestamp":1.7412012914411776e+09,"epoch_time":3.836998462677002,"_runtime":37.399105222,"test_accuracy":0.8747,"val_accuracy":0.8831666666666667,"epoch":10,"Model Run history":{"train_acc":[0.8071666666666667,0.8572777777777778,0.8688148148148148,0.8763148148148148,0.8829259259259259,0.8877407407407407,0.8918703703703704,0.8947962962962963,0.8991296296296296,0.901537037037037],"val_loss":[0.38842568260463484,0.4090981229008521,0.36122989309681247,0.33464804484663274,0.330807223356537,0.32121926890959607,0.32019573162744897,0.3343844072886019,0.3183319884430724,0.32086701799444195],"val_acc":[0.8583333333333333,0.8421666666666666,0.8703333333333333,0.8746666666666667,0.8806666666666667,0.8828333333333334,0.8855,0.8795,0.8891666666666667,0.8831666666666667],"train_loss":[0.5380484527575053,0.39161480685236244,0.35523843193383164,0.33433798237409873,0.31473604809252065,0.30283400667617033,0.29018046246519424,0.2805071962979813,0.2709426916478117,0.2620281340773984]},"total_training_time":36.34295463562012,"confusion_matrix_table":{"artifact_path":"wandb-client-artifact://g0nk3zf791angxd00imjmhljjd3sq1t8c2stg5osufw5fiic4c8q2d75o2aq4b409pnomfyysagws43n7cfg8a5h36upeu3pcm2wcyu164gmqjw8g4jzjbbdj041utdf/confusion_matrix_table.table.json","_latest_artifact_path":"wandb-client-artifact://fek4s0pdv3gir67kzmeyk2ktfq63dpidy7ttrm7ateemevf8rva37rzg4cdpeykmrxmyqbbvq9zyykr16qojued20lusr6eh1jtvutx6665vnjjb5k44xvv4pf9tvamk:latest/confusion_matrix_table.table.json","path":"media/table/confusion_matrix_table_13_1f2eb3922e646446a586.table.json","ncols":3,"nrows":100,"_type":"table-file","sha256":"1f2eb3922e646446a586add71d5d75607bda04b29e6503d79b7459db0d3b007e","size":2931},"_wandb":{"runtime":37},"train_loss":0.2620281340773984,"val_loss":0.32086701799444195,"train_accuracy":0.901537037037037}