{"confusion_matrix":{"height":800,"_type":"image-file","sha256":"0199489220a0ce1c3a9fdc4158c2c980d628a36a38ab5962f8a5147cdf06d88c","size":60747,"path":"media/images/confusion_matrix_4_0199489220a0ce1c3a9f.png","format":"png","width":1000},"_runtime":4.461214453,"_timestamp":1.7410056913974977e+09,"train_loss":0.42114755511349855,"_step":4,"epoch":2,"test_accuracy":0.8393,"_wandb":{"runtime":4},"train_accuracy":0.8491666666666666,"val_loss":0.413896695779306,"val_accuracy":0.8528333333333333,"total_training_time":3.3064510822296143,"epoch_time":1.3559176921844482}