{"_step":13,"val_loss":0.39615135298830534,"_runtime":16.954107481,"confusion_matrix_table":{"path":"media/table/confusion_matrix_table_13_f7a5c31ac3d7de7e09c7.table.json","ncols":3,"nrows":100,"_type":"table-file","sha256":"f7a5c31ac3d7de7e09c7f526722e63deb51c4e21960cd52a7a0fc524840a229c","size":2933,"artifact_path":"wandb-client-artifact://jxiknxtdrbynsuytxz0epgypygqx8qfunro2cxzfovqeyjx0jd6snybh0kyvop3mfx4wudlrxgx43t4vuknf5zsw9db09rq2e5q7x287jznrlzfy4nu4n11gyb32wvhm/confusion_matrix_table.table.json","_latest_artifact_path":"wandb-client-artifact://867f16po820f88zlh1xclpobpc4wr7g8qwaonco93d3t0cm0oilj3g0g1jud52glckiv034nyknnta0mcbku207e15qbeqc1a9z0b4rnzx7ul1f5ontl4f2alselsvd4:latest/confusion_matrix_table.table.json"},"epoch":10,"train_accuracy":0.8627222222222222,"train_loss":0.3889888187002568,"Model Run history":{"val_acc":[0.8391666666666666,0.8445,0.851,0.8431666666666666,0.8493333333333334,0.8586666666666667,0.8558333333333333,0.8546666666666667,0.8398333333333333,0.8676666666666667],"train_loss":[0.6100976385890262,0.4431118880359981,0.4256876259273839,0.41323797308974886,0.40816942307315524,0.4011864678700279,0.3988709116939206,0.3950096991849891,0.3926313353718673,0.3889888187002568],"train_acc":[0.7893888888888889,0.8467592592592592,0.8522037037037037,0.8563518518518518,0.8573333333333333,0.8607037037037037,0.8615,0.8619814814814815,0.8628148148148148,0.8627222222222222],"val_loss":[0.4722399877244507,0.4273817203006159,0.42457257900796497,0.4427374205875666,0.42557494628456055,0.40694642761447064,0.417170125893037,0.40758981672332634,0.4446866063684301,0.39615135298830534]},"test_accuracy":0.8558,"_wandb":{"runtime":16},"epoch_time":1.5656614303588867,"_timestamp":1.7412427333837621e+09,"val_accuracy":0.8676666666666667,"total_training_time":15.551791906356812}