{"test_accuracy":0.9644,"val_accuracy":0.9633333333333334,"total_training_time":8.912226915359497,"val_loss":0.12149230032232335,"_wandb":{"runtime":10},"epoch":5,"_step":8,"train_accuracy":0.9678518518518519,"train_loss":0.10500834676556327,"confusion_matrix_table":{"sha256":"53a3216f9617299cbe4f645743112ab7cc2fabeca82e9f0dc604d1fb148757b0","size":1792,"artifact_path":"wandb-client-artifact://k05obvge2hi85722ezs9jo3xxx6q1nb072engkd1vbgfgx1pcokrkj45fywmyf2nesr4snf6am99nh2bhxgmx4gqhu3165xlzpw47yz6lbpe8u6aaenel7dnklaslybn/confusion_matrix_table.table.json","_latest_artifact_path":"wandb-client-artifact://4wmkwom7uvq1srnw494verccehy2hcr84hkdyv1s5mj45i3sbofdsd4l78p6pchc4ceke82w3th2mui8q3vg4wegocdljx8y834ft6v1bwbpiqtczfk20uvz57k7zjrw:latest/confusion_matrix_table.table.json","path":"media/table/confusion_matrix_table_8_53a3216f9617299cbe4f.table.json","ncols":3,"nrows":100,"_type":"table-file"},"_runtime":10.041324956,"_timestamp":1.742214688768493e+09,"Model Run history":{"val_loss":[0.193564697276001,0.16453955550297186,0.13134566981202217,0.13110578416732505,0.12149230032232335],"val_acc":[0.9411666666666667,0.9518333333333333,0.9596666666666667,0.9598333333333333,0.9633333333333334],"train_loss":[0.2870112770809125,0.16060508963342296,0.13044312151117493,0.11536764222632817,0.10500834676556327],"train_acc":[0.9130370370370371,0.9514074074074074,0.9611851851851851,0.9652592592592593,0.9678518518518519]},"epoch_time":1.822927474975586}