{"val_loss":0.3875687608216443,"_runtime":40.491337145,"_timestamp":1.7411953619897504e+09,"test_accuracy":0.8536,"epoch":5,"Model Run history":{"val_loss":[0.4292778413257814,0.46802288439969997,0.4067924012883941,0.4204190981467156,0.3875687608216443],"val_acc":[0.8463333333333334,0.8283333333333334,0.861,0.8473333333333334,0.8661666666666666],"train_loss":[0.5300809826593201,0.4381265784020151,0.4176505619645274,0.40668326084329365,0.3969381680161416],"train_acc":[0.8098333333333333,0.8458888888888889,0.8557592592592592,0.8587592592592592,0.8622222222222222]},"_step":8,"train_loss":0.3969381680161416,"_wandb":{"runtime":40},"val_accuracy":0.8661666666666666,"confusion_matrix_table":{"_latest_artifact_path":"wandb-client-artifact://ydv7q4jyuia65da8j0iwoheb64irusxj0zhagi9mi3sib3m59bzu3nrc4sg2nfhtthxdtpji1x34r3f6bmusqsn1ykekt1qrrvvusgdg691tg238orjb5hy7wl814o11:latest/confusion_matrix_table.table.json","path":"media/table/confusion_matrix_table_8_efdae79cc3a335f7e4dc.table.json","ncols":3,"nrows":100,"_type":"table-file","sha256":"efdae79cc3a335f7e4dc670f5896d3b4ed4252d4070cb086edee3d80ad98a1e3","size":2929,"artifact_path":"wandb-client-artifact://e9gslm0b2dc8is437m99gpzhvle5sxvakdedykvc0s9wxouid4u4tb25bbn580lsfgl8omyp82gcb07pfluh62kv4knmfji6cm3gzf3fzvmjs6cika5f32uy1ggvn24i/confusion_matrix_table.table.json"},"epoch_time":8.165501356124878,"train_accuracy":0.8622222222222222,"total_training_time":39.23572635650635}