{"Model Run history":{"val_acc":[0.9426666666666667,0.9561666666666667,0.96,0.9563333333333334,0.9563333333333334],"train_loss":[0.31643997937781165,0.1655750559387733,0.136154539285738,0.11942026511623906,0.11203816325071786],"train_acc":[0.9030185185185186,0.95,0.9595555555555556,0.9647407407407408,0.9662407407407407],"val_loss":[0.18094905990975338,0.14161344561011063,0.1304386897547671,0.13414923161171458,0.13340476637384213]},"_step":8,"_wandb":{"runtime":9},"val_loss":0.13340476637384213,"_runtime":9.830778611,"train_loss":0.11203816325071786,"confusion_matrix_table":{"size":1796,"artifact_path":"wandb-client-artifact://mjrw893fn2kuahu22ra2stp0yof5a9780s1o0rdatvl8e8t4d7hdspn0cck3jd88fukii3jtqfww5zd2p0472j7r0x9upqgqs29zywg0k58yw3vb083odlkr6vpxp0dx/confusion_matrix_table.table.json","_latest_artifact_path":"wandb-client-artifact://wx2ajr2uxksuqw0mvtjoq7vqhtxkc6plxuitrly6dsic0u1nh82n7qs30a4ue5y10g3s027c950srdr1daoc01p2st7spl05n3q5j88shbaqnif3tiuzddvp7k1j3r9i:latest/confusion_matrix_table.table.json","path":"media/table/confusion_matrix_table_8_6979ed1454c3dc475816.table.json","ncols":3,"nrows":100,"_type":"table-file","sha256":"6979ed1454c3dc47581690d43845e4a62d00583910bb77a90ef188703393acae"},"_timestamp":1.742214011699349e+09,"test_accuracy":0.9561,"total_training_time":8.772915363311768,"epoch_time":1.367201805114746,"train_accuracy":0.9662407407407407,"val_accuracy":0.9563333333333334,"epoch":5}