{"_wandb":{"runtime":14},"_runtime":14.317860687,"train_accuracy":0.8839074074074074,"val_loss":0.343208843973087,"_timestamp":1.7412019962860715e+09,"Model Run history":{"train_loss":[0.5016137330634816,0.3802744923524113,0.34856334793823396,0.32836219046448895,0.31250645207541317],"train_acc":[0.8198148148148148,0.860537037037037,0.8721666666666666,0.8787222222222222,0.8839074074074074],"val_loss":[0.421485795590194,0.3707724147855986,0.3755521614403637,0.3348179999327118,0.343208843973087],"val_acc":[0.8375,0.8608333333333333,0.866,0.8756666666666667,0.873]},"epoch":5,"confusion_matrix_table":{"nrows":100,"_type":"table-file","sha256":"9ce5bdb7a5c35cb2d5d8e87d1530cc7521870e76f190e0235e2dd13b70afd160","size":2929,"artifact_path":"wandb-client-artifact://4bpmgkdks74myy2s0apimxoladzf1s3yt8lztdiif8kbxv3d71u4vmyco9mie7js45dvg7m4onyvqrd84jpwvtn61vwepso25hz5lsp26etqr8vmg1yledrix9bzg7ka/confusion_matrix_table.table.json","_latest_artifact_path":"wandb-client-artifact://fspiqajh9ml0brkkco8ufrryyb0hbwhezc1yka22ula7wp0nwrpglxmgfhz4jpf9w931xruh4t5wpcj6zgrnp6sbq1o4ohil25bu91t3184p2ay46syugd8rbg3u5bzi:latest/confusion_matrix_table.table.json","path":"media/table/confusion_matrix_table_8_9ce5bdb7a5c35cb2d5d8.table.json","ncols":3},"total_training_time":13.29235053062439,"val_accuracy":0.873,"test_accuracy":0.8644,"epoch_time":2.7661099433898926,"train_loss":0.31250645207541317,"_step":8}