{"test_accuracy":0.855,"epoch_time":11.605844020843506,"_wandb":{"runtime":62},"train_accuracy":0.8688518518518519,"_timestamp":1.7411954320303357e+09,"val_accuracy":0.8635,"total_training_time":60.60398864746094,"val_loss":0.4564115372657121,"_runtime":62.39855889,"Model Run history":{"val_loss":[0.45102398269819377,0.49538462256134985,0.4214042748857253,0.49794886927300075,0.4564115372657121],"val_acc":[0.844,0.8396666666666667,0.864,0.865,0.8635],"train_loss":[0.5203266688630231,0.44747389858320724,0.43126530467517704,0.42408427383011454,0.4237521496428565],"train_acc":[0.8187407407407408,0.8496111111111111,0.8601111111111112,0.8658888888888889,0.8688518518518519]},"confusion_matrix_table":{"sha256":"55a8f6144bfdb27ed478d973596dce125ed073ae5cab456cb5f61972d45708fb","size":2931,"artifact_path":"wandb-client-artifact://safgfew4s5b7914wf7purbmcbd3nrqiuvu5ugd7nz0mzxw7bt810xlcnuh6psrt38b831hbiw5kfwp757xmywy2gdwg5hsdr4dsvwlsra3k94cefkeawkxdfc34xx22a/confusion_matrix_table.table.json","_latest_artifact_path":"wandb-client-artifact://mrcbtcdftfbr2mf1793zvzwak6cqcti3hxfqllmwy5fxcn1412w6npeu2wtlk3olizlkmyzq0v4merrqsbhb3bjcu5cref5pp645jp43ls4ilcllpuhblq9r8sqmf6cb:latest/confusion_matrix_table.table.json","path":"media/table/confusion_matrix_table_8_55a8f6144bfdb27ed478.table.json","ncols":3,"nrows":100,"_type":"table-file"},"_step":8,"train_loss":0.4237521496428565,"epoch":5}