{"confusion_matrix":{"width":1000,"height":800,"_type":"image-file","sha256":"84094fb842c1aa40b6e2f841c035505488ef131bfa217eb08b2f9925ca0ef596","size":61182,"path":"media/images/confusion_matrix_7_84094fb842c1aa40b6e2.png","format":"png"},"_step":7,"val_loss":0.39458766180512567,"test_accuracy":0.8569,"train_loss":0.3428488806732299,"_timestamp":1.7409126346646318e+09,"total_training_time":12.893883228302002,"val_accuracy":0.8588,"train_accuracy":0.87348,"epoch_time":3.058002233505249,"epoch":5,"_wandb":{"runtime":14},"_runtime":14.002452076}