{"_wandb":{"runtime":684},"total_training_time":682.8473234176636,"Model Run history":{"train_loss":[0.5908494141250519,0.4341916158408967,0.3936938944849494,0.3665934839325482,0.34744990293242534,0.3318613777582526,0.3186705884723175,0.307307265489748,0.2974886066764508,0.2873342361814894,0.27864496544566225,0.27282352781087715,0.2648456181684305,0.25761877175953657,0.25095429125558477,0.2463836896827202,0.24006416727912566,0.23496509584715233,0.229500745254775,0.2253220912307637,0.22078626449678843,0.21638773193811586,0.21049065892489047,0.2065031202863187,0.2034850887598766,0.19771891061013633,0.19667933343997993,0.19117064427953867,0.1884348789424058,0.18483843654622564,0.1814262059993403,0.17754238506667078,0.17607291133546255,0.1725088340642221,0.1710008838654037,0.1670439576036941,0.16594341564372117,0.16192551780923586,0.16018287148072305,0.15664490371683057],"train_acc":[0.8038703703703703,0.8537592592592592,0.8672222222222222,0.8771296296296296,0.8828518518518519,0.886962962962963,0.8917407407407407,0.8962962962962963,0.8989814814814815,0.901537037037037,0.9057777777777778,0.9077222222222222,0.9104074074074074,0.9124074074074074,0.9143333333333333,0.9161111111111111,0.9195740740740741,0.9184629629629629,0.9207777777777778,0.9223333333333333,0.9253333333333333,0.926962962962963,0.9280185185185185,0.9303888888888889,0.9307962962962963,0.9333333333333333,0.9316666666666666,0.9355,0.9365740740740741,0.9379259259259259,0.9385925925925926,0.9404074074074074,0.9396851851851852,0.9410555555555555,0.9425185185185185,0.9432592592592592,0.9446851851851852,0.9450925925925926,0.9462407407407407,0.9475555555555556],"val_loss":[0.48627410117449676,0.38928752846427755,0.36122300440821414,0.34658258243285417,0.32190072460973074,0.32142081737654604,0.3188526536977666,0.3145844200198519,0.30663993405975304,0.301264085550947,0.3098283834203458,0.2854620357248402,0.29595385946919783,0.28396263026371854,0.2917600124002461,0.2991411678711122,0.2847975654593759,0.2868280659007779,0.2965820578709289,0.29959660835360197,0.2878321704053988,0.28022629866556215,0.30225376199015513,0.30901164957220356,0.2949357814431307,0.31195570834291,0.2918341207610954,0.27841925103939713,0.2970518440159478,0.28670168376502264,0.30175637446517345,0.2840627322210595,0.2876586845785089,0.3085767957491919,0.2980920082040488,0.3007455474217597,0.28663520425304856,0.29557947276277374,0.2983528455648586,0.30083919943354176],"val_acc":[0.8195,0.8606666666666667,0.8688333333333333,0.8723333333333333,0.8783333333333333,0.884,0.881,0.8826666666666667,0.8881666666666667,0.8855,0.8846666666666667,0.894,0.8901666666666667,0.8931666666666667,0.8908333333333334,0.8905,0.8961666666666667,0.8996666666666666,0.894,0.8918333333333334,0.8963333333333333,0.9013333333333333,0.8885,0.8936666666666667,0.897,0.8908333333333334,0.8975,0.9,0.8925,0.897,0.8956666666666667,0.8991666666666667,0.8998333333333334,0.8985,0.8955,0.8926666666666667,0.9055,0.899,0.8968333333333334,0.8986666666666666]},"_timestamp":1.7413615425446374e+09,"_step":43,"_runtime":684.277604238,"test_accuracy":0.8889,"train_accuracy":0.9475555555555556,"confusion_matrix_table":{"path":"media/table/confusion_matrix_table_43_9af1d3720b33815e919c.table.json","ncols":3,"nrows":100,"_type":"table-file","sha256":"9af1d3720b33815e919c165eef7b4e655cb6ea6d3954efb85f905b7fbb117b91","size":2927,"artifact_path":"wandb-client-artifact://g27qevpubygdm5tpdpdsx51f9c11xwrnba8272dxqneqyeml50pexkr4vf964rox36chdiwo1m6647jqfu3e00ads8i792o3xza3ghnnjhhwjavthtoydzkx7p5btnzq/confusion_matrix_table.table.json","_latest_artifact_path":"wandb-client-artifact://5sug5rju6evd60pm1df0oruhtu0gxgi3a5n7sf5ekcrpighr7ps35eh8mt9mtr6hp56hqcjbktejzh19wcv9swy7gmijinxhndoijts5cvew5vpnayfx0673qcidnlet:latest/confusion_matrix_table.table.json"},"val_loss":0.30083919943354176,"train_loss":0.15664490371683057,"epoch_time":16.678239583969116,"val_accuracy":0.8986666666666666,"epoch":40}