{"val_accuracy":0.882,"test_accuracy":0.8733,"total_training_time":259.16029930114746,"confusion_matrix_table":{"path":"media/table/confusion_matrix_table_43_48e2c49328c94249d9fd.table.json","ncols":3,"nrows":100,"_type":"table-file","sha256":"48e2c49328c94249d9fdd372ce5f1dcf7c29dfdfafb989f2a4f64779408c78da","size":2930,"artifact_path":"wandb-client-artifact://sj5wc6h95zwoo7dqewmxxqxz04ysfzo3a4kggi816k2uh69yfdtbyuxis5w8mc3bcy0rm4730wv4il8q4gj6jnaice531m7c2tq5fey04v1w03p2bxv7ux25yifd2vuv/confusion_matrix_table.table.json","_latest_artifact_path":"wandb-client-artifact://0luuhvxlo4a2ogg6vmepau9r9ta0qn72toxmv6pdvx7owmmxb2gqdowg43u1yaafmyo13u24yi2u1xkbwaw1fdy75obvz9jx9kuscgrvrp7srk7tbw106e7okzdh4p26:latest/confusion_matrix_table.table.json"},"val_loss":0.33375732729311736,"epoch_time":6.378187656402588,"train_accuracy":0.8925185185185185,"_runtime":260.427851754,"_timestamp":1.7413467980462546e+09,"train_loss":0.2930588997101167,"_wandb":{"runtime":260},"Model Run history":{"val_loss":[0.42059299420112156,0.3957336812181238,0.42539646784279084,0.3621851127616282,0.3628571957380751,0.3388758794409951,0.3581461090767453,0.3741938165185743,0.3573629700697419,0.34738287827446146,0.3517671239491485,0.34233723276700906,0.30864503255808606,0.36501653425202646,0.31841220756195276,0.32140673590787444,0.3494882261272053,0.3341267725851353,0.3373047295032302,0.32457710526314787,0.3221123417036184,0.3246930162750109,0.3199179982491018,0.32006015212054123,0.3444114376365026,0.321829569570651,0.3102859091087907,0.3328026825765482,0.39092564487360426,0.3501438656779058,0.34720535600440033,0.3011716997270637,0.3375843373410997,0.3002984687569079,0.3273140353799051,0.3259207599860577,0.31824524227715006,0.3271463996599906,0.34313170213869404,0.33375732729311736],"val_acc":[0.8415,0.8475,0.8335,0.8605,0.8623333333333333,0.8686666666666667,0.8641666666666666,0.8601666666666666,0.869,0.874,0.8721666666666666,0.8701666666666666,0.8875,0.8691666666666666,0.8828333333333334,0.8836666666666667,0.87,0.8795,0.8791666666666667,0.8796666666666667,0.8835,0.8811666666666667,0.8855,0.8826666666666667,0.8756666666666667,0.8856666666666667,0.8805,0.8811666666666667,0.8578333333333333,0.8745,0.8741666666666666,0.89,0.8798333333333334,0.8913333333333333,0.88,0.8765,0.8845,0.8811666666666667,0.8783333333333333,0.882],"train_loss":[0.5678067256695283,0.4273980397319321,0.3945735780876772,0.37314135863602793,0.3605839214840452,0.3481987917356799,0.3385898096076085,0.33397689612265696,0.33371225000944205,0.32642943082174025,0.3234540056735782,0.3199052955570391,0.31856028513690837,0.3158764189955642,0.31505347261628647,0.31215181089542654,0.3116724451436173,0.3119793671281586,0.3055508087460189,0.30922124751236596,0.30481668238412507,0.30727946713255,0.3038976115761558,0.29990882047549566,0.2998754800897758,0.3026927063467082,0.29796875402476936,0.2993887100165173,0.29919610615635683,0.2988542814790048,0.29816197943123446,0.29443334465435983,0.29623119754567606,0.2958184834760213,0.29268316671278705,0.29455636405708197,0.29361695910185304,0.294005790388151,0.29453823432191295,0.2930588997101167],"train_acc":[0.7985740740740741,0.8488703703703704,0.8605185185185186,0.8671296296296296,0.8696296296296296,0.8748333333333334,0.8768333333333334,0.8781296296296296,0.8785,0.880462962962963,0.8818703703703704,0.8831481481481481,0.8835555555555555,0.8850740740740741,0.8855740740740741,0.8857777777777778,0.8866111111111111,0.8853518518518518,0.8877037037037037,0.8869259259259259,0.8887592592592592,0.8873888888888889,0.8890740740740741,0.8890925925925925,0.8907777777777778,0.8906296296296297,0.8914444444444445,0.8897222222222222,0.8908148148148148,0.8909074074074074,0.8915,0.8928703703703704,0.8923703703703704,0.8916296296296297,0.8936296296296297,0.8914814814814814,0.8923703703703704,0.8925185185185185,0.8927407407407407,0.8925185185185185]},"_step":43,"epoch":40}