{"train_loss":0.5039491138575627,"epoch":5,"_runtime":55.105841418,"confusion_matrix_table":{"path":"media/table/confusion_matrix_table_8_c778f51fd9e1d1d24e60.table.json","ncols":3,"nrows":100,"_type":"table-file","sha256":"c778f51fd9e1d1d24e6016fe2f0271cf9c1c786f4b3d0059f9756c4f51843745","size":2939,"artifact_path":"wandb-client-artifact://x8am5oji6gykzup9hofcdy090njynvh26528x0a4eaa7m2mhxjv8sr915v74mq0q88qq1ef3og5d77k3n5zswd2laeoe3wddf3dggilzjr3c37idfm0asmg47jkpqww8/confusion_matrix_table.table.json","_latest_artifact_path":"wandb-client-artifact://ng4nbbttd7uousrgxvmd17l2adyoxdv4dfmkd0bttuqpuc98s6etndb3oi8bg53ne9bopwvqy7y3fho3mahz5p737kmmh270nohdei17d1y6dg1sob00g6zv5rtubnl2:latest/confusion_matrix_table.table.json"},"val_loss":0.5390884265833382,"_timestamp":1.7411691804676175e+09,"total_training_time":52.677045822143555,"Model Run history":{"val_acc":[0.7423333333333333,0.799,0.8148333333333333,0.825,0.812],"train_loss":[1.1839747053210221,0.6691200782701974,0.5741103968676019,0.5297591905504277,0.5039491138575627],"train_acc":[0.6161666666666666,0.7697777777777778,0.805037037037037,0.819037037037037,0.8284259259259259],"val_loss":[0.7456357753595667,0.6053030944440096,0.5441527347934003,0.5114480462682455,0.5390884265833382]},"train_accuracy":0.8284259259259259,"test_accuracy":0.7971,"_step":8,"epoch_time":10.418038368225098,"val_accuracy":0.812,"_wandb":{"runtime":55}}