{"train_accuracy":0.8497407407407407,"val_accuracy":0.8548333333333333,"_timestamp":1.7412038804453018e+09,"_step":13,"_runtime":213.454099877,"epoch_time":19.923948287963867,"total_training_time":212.09641408920288,"train_loss":0.4306646558118533,"_wandb":{"runtime":213},"confusion_matrix_table":{"artifact_path":"wandb-client-artifact://q17c417sz9jeep1572jeyjlcjq6y6mnfszk3e6zlt121x7hjegusjtxs2jioh9j4coa9wohswh24do7fmo1bigftgyhsmbqncg0zrxkwxlrfluioerovdhd45m0tcfk4/confusion_matrix_table.table.json","_latest_artifact_path":"wandb-client-artifact://8owohek0pd9g9vcfu684axp81gqzimnjg34xjugfwrr7d0ao0yzxegsvwexpzfk79obyw14itiggyvlq6fe8nfqr7ylg41fmhiggi57n44dil05b18iaau9c5ifybwul:latest/confusion_matrix_table.table.json","path":"media/table/confusion_matrix_table_13_681797c9fbb95a97ab2e.table.json","ncols":3,"nrows":100,"_type":"table-file","sha256":"681797c9fbb95a97ab2e4ebade5aa4f3dca9d5d719a84503f3310dc1c737898a","size":2932},"val_loss":0.40983265123245116,"epoch":10,"Model Run history":{"val_loss":[0.5027238622360871,0.45447645870448,0.45509279252226825,0.42822073526925586,0.45340539855532974,0.4206633186613529,0.41912420402309813,0.4247623611235658,0.43793013670866543,0.40983265123245116],"val_acc":[0.8088333333333333,0.8418333333333333,0.8323333333333334,0.8458333333333333,0.8271666666666667,0.8478333333333333,0.8453333333333334,0.843,0.8433333333333334,0.8548333333333333],"train_loss":[0.5637607556163035,0.4847085490997957,0.46147530767221523,0.45319087268261404,0.4459673631842899,0.4394692097007022,0.4369413459815043,0.43366325233198116,0.4317436182355582,0.4306646558118533],"train_acc":[0.8051296296296296,0.8313888888888888,0.8391851851851851,0.8405370370370371,0.843037037037037,0.8467592592592592,0.8463333333333334,0.8482777777777778,0.8487037037037037,0.8497407407407407]},"test_accuracy":0.8415}