{"_timestamp":1.741164639331507e+09,"val_accuracy":0.1515,"train_accuracy":0.1022037037037037,"total_training_time":76.96475338935852,"confusion_matrix_table":{"_latest_artifact_path":"wandb-client-artifact://yzd923m155w8a529493q8q61cakf8u4hdgq9osxf6sfk56sejghf3ybd4kmsgk8tj0ko2fqhxr69d2gaen6rtx2dxdcyut5mk8lnttql44x9nd0bpxvu3h1xz9m9kd5q:latest/confusion_matrix_table.table.json","path":"media/table/confusion_matrix_table_8_7990fd576f31547d6788.table.json","ncols":3,"nrows":100,"_type":"table-file","sha256":"7990fd576f31547d6788294dbcd27f059b747c865d1beeb09e178f0558d2e188","size":2907,"artifact_path":"wandb-client-artifact://yq9bq69z1wistyyvfnb3c78apz2wtmmerhqeqi7ocdag5cglskw41juw9mkpmwqzstdr0ddyo5795ocaq4kk2evfsltuov5o1csm0gzjh4667tjfub2p7rv3hqr1rwit/confusion_matrix_table.table.json"},"epoch_time":16.142695903778076,"train_loss":2.3031666912470565,"test_accuracy":0.153,"_wandb":{"runtime":78},"epoch":5,"Model Run history":{"train_acc":[0.09861111111111111,0.10024074074074074,0.10077777777777777,0.09625925925925925,0.1022037037037037],"val_loss":[2.3030512128260985,2.310525620047722,2.3087978360662746,2.3027669019247923,2.298801195842277],"val_acc":[0.09833333333333333,0.0915,0.09933333333333333,0.099,0.1515],"train_loss":[2.3072658795983156,2.3048116048146103,2.304288425607651,2.3045576739505553,2.3031666912470565]},"val_loss":2.298801195842277,"_runtime":78.592070629,"_step":8}