{"_wandb":{"runtime":31},"_timestamp":1.7412044248036435e+09,"train_loss":0.30299325121830667,"total_training_time":30.287841320037842,"Model Run history":{"train_acc":[0.8114444444444444,0.8578518518518519,0.8691666666666666,0.8741666666666666,0.8787777777777778,0.8824074074074074,0.8830555555555556,0.8835555555555555,0.8886481481481482,0.8888333333333334],"val_loss":[0.42849271616449763,0.40300401860096263,0.37246666576587534,0.34134098678319874,0.36073404774511536,0.363527475738179,0.352010528864337,0.360879677952283,0.33230650427142244,0.32263942081640706],"val_acc":[0.8395,0.8495,0.8631666666666666,0.8751666666666666,0.8688333333333333,0.8636666666666667,0.8755,0.8723333333333333,0.876,0.8833333333333333],"train_loss":[0.5297207512196108,0.39223581032321475,0.36234448148534965,0.34372473757275507,0.33094325975134004,0.32454038588791434,0.31689782729226634,0.3105759500256341,0.3058160965401826,0.30299325121830667]},"_runtime":31.44810963,"confusion_matrix_table":{"ncols":3,"nrows":100,"_type":"table-file","sha256":"721f5a8fcba8a203e0c78ace9613d5d8590a2ae1ecddc45df4df600a86cb7875","size":2931,"artifact_path":"wandb-client-artifact://xtjuyrh6x0lv2a46wbbqcr6t074nf5ttyeugfjfqcdaapnhruay08p4tmgvygpkfphezsq0yvifmpu1urx8lyjvkeghldxiwm33cu0atn8xly962oy1xq81az69jqlby/confusion_matrix_table.table.json","_latest_artifact_path":"wandb-client-artifact://esp4t1cfcw4f7c570f88dvrbpoa4ihubj0qx542jxu7f4770jfys8izei9qfaqnrmqmqif43iditzzmwt07q7sdjpg6xriebpuxw9lgq4pjtbh01np377saos9mxlukm:latest/confusion_matrix_table.table.json","path":"media/table/confusion_matrix_table_13_721f5a8fcba8a203e0c7.table.json"},"epoch_time":3.2425992488861084,"test_accuracy":0.8697,"val_loss":0.32263942081640706,"train_accuracy":0.8888333333333334,"epoch":10,"_step":13,"val_accuracy":0.8833333333333333}