{"epoch":10,"val_accuracy":0.863,"train_accuracy":0.8892037037037037,"epoch_time":1.7072923183441162,"test_accuracy":0.8541,"_wandb":{"runtime":17},"_runtime":17.990545571,"_step":13,"confusion_matrix_table":{"nrows":100,"_type":"table-file","sha256":"435e69413f5d56357c28b2706eaad39ad8063f9ed5b5d7f174b4e2a3584e7028","size":2933,"artifact_path":"wandb-client-artifact://nq1ly3n4pe576fbjx6ri3o7g1itx957q9t5onsllgnu9vltby1h8tjuxwwfwf9e3yp9hot3dpzlw5kgah8se16kpja84bl5ioy6i65eonuirqhbhqcm0xh84ga2w2d3w/confusion_matrix_table.table.json","_latest_artifact_path":"wandb-client-artifact://gjbg3ue6n7hz4ia516xyrn92wcthoi9tnqseohj1114q4zc8jhtpmelqr52r3i98len1hh59n3g5y97c5ovgc7e85wo6lp8nizal26842anldpdib5qlxd1an1ob80u1:latest/confusion_matrix_table.table.json","path":"media/table/confusion_matrix_table_13_435e69413f5d56357c28.table.json","ncols":3},"total_training_time":16.901814937591553,"val_loss":0.4568455319770463,"Model Run history":{"train_acc":[0.8034074074074075,0.853537037037037,0.866462962962963,0.8727962962962963,0.8783333333333333,0.8821851851851852,0.8853148148148148,0.8863703703703704,0.8892407407407408,0.8892037037037037],"val_loss":[0.46810792623626774,0.44590665431628146,0.40171443244719174,0.39205418575756895,0.3773112707613092,0.3974778824440909,0.39664618659972756,0.3915686993690114,0.4103657568836813,0.4568455319770463],"val_acc":[0.8298333333333333,0.8443333333333334,0.858,0.865,0.8735,0.8671666666666666,0.8713333333333333,0.8705,0.863,0.863],"train_loss":[0.5662524618079591,0.4109236300138342,0.3737139178570317,0.3537671609948881,0.3386804026764948,0.33038068984242924,0.3232413119057865,0.31748661479208734,0.3113899675487525,0.31075001106462047]},"train_loss":0.31075001106462047,"_timestamp":1.7412428203381734e+09}