{"test_accuracy":0.87,"val_loss":0.3251402683324279,"epoch":5,"val_accuracy":0.8828333333333334,"train_accuracy":0.8847962962962963,"_wandb":{"runtime":13},"_step":8,"epoch_time":2.225452184677124,"Model Run history":{"train_loss":[0.522368182268953,0.3822333759333898,0.34978610672166277,0.32635986303417247,0.30935524706416434],"train_acc":[0.8132962962962963,0.8620925925925926,0.8727592592592592,0.8793888888888889,0.8847962962962963],"val_loss":[0.41525284069841883,0.3657749781011213,0.343389408118041,0.3520828444315942,0.3251402683324279],"val_acc":[0.8493333333333334,0.8675,0.8728333333333333,0.8701666666666666,0.8828333333333334]},"_timestamp":1.7412009732112281e+09,"train_loss":0.30935524706416434,"total_training_time":12.157296180725098,"confusion_matrix_table":{"size":2929,"artifact_path":"wandb-client-artifact://ivocwdc9xo15lf23ns8l6cqi7e2n89qnwsmvgjthy669x493s3thsk0pbtvky3tkllszyue6qp0av50vuyxu9moigg0f6xf5az3dw2ceeeoh4wzx1q0xxk5rb6fb0fu1/confusion_matrix_table.table.json","_latest_artifact_path":"wandb-client-artifact://5v9lbntgbzpq1x1wt1xpvx24uy5ot1s4fh0mvta9t452ixvggz9k6pwmn9f3kkbrey9kup18dem0zg7ygx2hr28p9nqgx920s9273smscd1zux37ka2nw6poeim4e068:latest/confusion_matrix_table.table.json","path":"media/table/confusion_matrix_table_8_4d57cfa81e9963f8b139.table.json","ncols":3,"nrows":100,"_type":"table-file","sha256":"4d57cfa81e9963f8b139860e5d08400ff297482265be92d8906c198a9e4b6019"},"_runtime":13.174107025}