{"_wandb":{"runtime":24},"val_accuracy":0.8415,"val_loss":0.4454632036764199,"_runtime":24.414759469,"train_loss":0.4271138174574642,"epoch":10,"Model Run history":{"train_acc":[0.8140185185185185,0.8434259259259259,0.847462962962963,0.8500740740740741,0.8518148148148148,0.8523333333333334,0.8523888888888889,0.8520740740740741,0.8527037037037037,0.8521296296296297],"val_loss":[0.4642472541492922,0.4518986454077392,0.44266867217796446,0.4311737719400675,0.44234542093160645,0.4383800264754451,0.4206470080552218,0.416184744169176,0.4464891554401167,0.4454632036764199],"val_acc":[0.8376666666666667,0.8423333333333334,0.8458333333333333,0.8551666666666666,0.8475,0.8468333333333333,0.8515,0.8566666666666667,0.8388333333333333,0.8415],"train_loss":[0.5447174295039408,0.4550582522578586,0.44519402211402814,0.4360376729938958,0.43214976147333195,0.42979071539711217,0.4279985356023716,0.42646864068171964,0.425929103576588,0.4271138174574642]},"_timestamp":1.7412398315234795e+09,"train_accuracy":0.8521296296296297,"test_accuracy":0.8351,"epoch_time":2.839509963989258,"_step":13,"confusion_matrix_table":{"_type":"table-file","sha256":"9a938f6045a873e45c965671b11fe7409dc262cf462c88ff8849bdd9bee9455e","size":2932,"artifact_path":"wandb-client-artifact://vgztqlt95dlmfsuqljzevww9c7ut02sgh7x5ecqhi1oa8scncmro7b8t195rsebbjpg338qrfhfdoh0q0dc08pt5ywv7mhynjo4jv9odgp2lc55nppk3h1wpodp7qs7q/confusion_matrix_table.table.json","_latest_artifact_path":"wandb-client-artifact://216jsn309xuq679c5r5b69vtxu0hszxqvu1y6hc6ge7uxxm0crpg39xidqdn86bojx7hmmt0zor0pe0rs4sb5l5lr1d1twslelhu7oi6ujp4jvhc2mmucjaxje456gez:latest/confusion_matrix_table.table.json","path":"media/table/confusion_matrix_table_13_9a938f6045a873e45c96.table.json","ncols":3,"nrows":100},"total_training_time":23.147510290145874}