{"test_accuracy":0.8574,"val_loss":0.3817988914599952,"total_training_time":20.007856369018555,"train_accuracy":0.8801666666666667,"train_loss":0.3263182949194034,"val_accuracy":0.8671666666666666,"Model Run history":{"train_acc":[0.7782407407407408,0.841462962962963,0.8536666666666667,0.8608518518518519,0.8653888888888889,0.8709629629629629,0.8732962962962963,0.8765185185185185,0.8791481481481481,0.8801666666666667],"val_loss":[0.4822131124755234,0.49866419825293834,0.4105665549776172,0.4321090362138531,0.4071688950694302,0.3709526400871241,0.3876316091922321,0.4314188562679193,0.39709128292206397,0.3817988914599952],"val_acc":[0.8281666666666667,0.8195,0.853,0.8416666666666667,0.855,0.8718333333333333,0.8613333333333333,0.849,0.856,0.8671666666666666],"train_loss":[0.6282396539857658,0.44818152640630377,0.41125091053942625,0.3890749908874494,0.37210361214991977,0.3578349039473975,0.34790624895048083,0.33927595787568665,0.3318428555854393,0.3263182949194034]},"_runtime":21.251072899,"_step":13,"_timestamp":1.741241234152176e+09,"confusion_matrix_table":{"_type":"table-file","sha256":"68f71a15e189228b3a30372f8b60bbc080a5444653aeafd39f8cfb8ea34b2b41","size":2932,"artifact_path":"wandb-client-artifact://wnbl63ge9dxrax5si8rlliu7hb6606rstq1xyxxce9qpaqsv32sbbl24z7da41tdikr17vwrataiqiha0jwrhcz5ghx0kmba9uxbem75p6knh2ooxz8797n4fl8vmqhc/confusion_matrix_table.table.json","_latest_artifact_path":"wandb-client-artifact://8f68zqu5r3xsdmp4lqgkfmh8znkg1ufi5jodjxejv6urwktuarx3uw2bbdhq3e91xxdlkzhm6h91xqifpk5f7gu3aoedu6kk37shvzux5zd7mxnt9u3m6szn628q8uxk:latest/confusion_matrix_table.table.json","path":"media/table/confusion_matrix_table_13_68f71a15e189228b3a30.table.json","ncols":3,"nrows":100},"epoch":10,"epoch_time":1.9250168800354004,"_wandb":{"runtime":21}}