{"_timestamp":1.7411696987766232e+09,"val_accuracy":0.8046666666666666,"_runtime":92.800442825,"_step":0,"epoch_time":92.16092205047607,"train_loss":0.602835454577993,"train_accuracy":0.7841851851851852,"val_loss":0.5434128350844059,"_wandb":{"runtime":130},"epoch":1}