{"_wandb":{"runtime":13},"epoch":2,"total_training_time":12.348366737365723,"train_accuracy":0.09972222222222223,"confusion_matrix":{"path":"media/images/confusion_matrix_4_bdc00934b1ad4227a2c0.png","format":"png","width":1000,"height":800,"_type":"image-file","sha256":"bdc00934b1ad4227a2c08ba7422a4ee889dcb689fccceafcf76a9576ab88eb72","size":47785},"val_accuracy":0.10466666666666667,"train_loss":2.303073397216811,"_runtime":13.624310795,"_step":4,"epoch_time":5.800037145614624,"test_accuracy":0.1,"_timestamp":1.7410054964762414e+09,"val_loss":2.303051942765217}