{"train_accuracy":0.9177777777777778,"_timestamp":1.7413537314585633e+09,"val_loss":0.30676272653936154,"train_loss":0.21750591428418856,"_runtime":557.072804281,"_wandb":{"runtime":557},"val_accuracy":0.8915,"epoch":40,"Model Run history":{"train_loss":[0.5358591787976397,0.4009094918232688,0.362568779784028,0.3389291932973409,0.32262410527388896,0.3100705768595773,0.30269943707989877,0.29129040719696736,0.2870614739004288,0.27815670661309244,0.2752167104578838,0.2669824935862567,0.26557304666278286,0.2617161593507785,0.25792779146826794,0.25437887915899193,0.2519243225245379,0.24803608269216593,0.24720083793284756,0.24470715972230817,0.24219497053542532,0.2402309039826122,0.2391861694420116,0.23679283830688116,0.2339216657057939,0.23288412269058376,0.23227347328054354,0.23130829858976745,0.228357706105613,0.22910364373752354,0.2258730662968624,0.2205051815518787,0.22086187471766522,0.224178964696681,0.22335367225688182,0.2203008538659574,0.2215309799064424,0.21670732255990824,0.22014908661747729,0.21750591428418856],"train_acc":[0.8126666666666666,0.8574444444444445,0.8701111111111111,0.8776666666666667,0.8836666666666667,0.8877037037037037,0.8892962962962963,0.8936296296296297,0.8937407407407407,0.8983703703703704,0.8984629629629629,0.9010925925925926,0.9023333333333333,0.9021666666666667,0.9045555555555556,0.9055555555555556,0.9070555555555555,0.9069444444444444,0.9081296296296296,0.9091481481481481,0.9102962962962963,0.9108148148148149,0.910962962962963,0.9106481481481481,0.9132222222222223,0.9135925925925926,0.9130555555555555,0.913425925925926,0.9152222222222223,0.9148333333333334,0.9157037037037037,0.9178148148148149,0.9172962962962963,0.9156481481481481,0.9167962962962963,0.9187407407407407,0.9167407407407407,0.9187222222222222,0.9188703703703703,0.9177777777777778],"val_loss":[0.45133342627624606,0.3601256420012525,0.345305669850656,0.3626784935065665,0.32946948400689857,0.35390784171701045,0.3492082468242089,0.3068536980730035,0.30558010669045244,0.34016241888674875,0.29471933495567987,0.30930685450600287,0.30661463628683405,0.29086246266369065,0.3072041056191132,0.312896527660981,0.29341688374647806,0.2899447394541071,0.30676595596367556,0.3186838640167617,0.31120096376676193,0.2880068902043998,0.34108133357328413,0.30105111432286624,0.28715668315326914,0.3144239551060685,0.3041148431062297,0.30433963472857506,0.31527365107216465,0.31334057618899697,0.2939121208509524,0.31674579796083535,0.275638867780413,0.2923561634888698,0.2883263291945241,0.3230359988259357,0.30853382297502624,0.32488261043760536,0.3117126269012168,0.30676272653936154],"val_acc":[0.8306666666666667,0.8636666666666667,0.8736666666666667,0.862,0.8751666666666666,0.8706666666666667,0.8691666666666666,0.8823333333333333,0.8873333333333333,0.8716666666666667,0.8956666666666667,0.8851666666666667,0.8891666666666667,0.89,0.8858333333333334,0.8833333333333333,0.8938333333333334,0.8913333333333333,0.8953333333333333,0.8825,0.8855,0.8961666666666667,0.8785,0.8898333333333334,0.8995,0.8846666666666667,0.8913333333333333,0.8891666666666667,0.8913333333333333,0.8873333333333333,0.8931666666666667,0.8831666666666667,0.901,0.8965,0.895,0.8861666666666667,0.8881666666666667,0.8831666666666667,0.8848333333333334,0.8915]},"total_training_time":555.7559359073639,"_step":43,"epoch_time":12.717783689498901,"test_accuracy":0.8816,"confusion_matrix_table":{"_latest_artifact_path":"wandb-client-artifact://0z6wxpbqhqcsu9l3hhkch75d6fsf1y1xnyygj2w01yjfgnx5bxp4woz54vbb7794fjedqz21oruplao8tkd9uhcxxpl9osrk58vl59s25w4srfq21egk2ppqf1fsaefw:latest/confusion_matrix_table.table.json","path":"media/table/confusion_matrix_table_43_67dcb5baf9658c063a17.table.json","ncols":3,"nrows":100,"_type":"table-file","sha256":"67dcb5baf9658c063a1740fc253903d898d96e29ad175004080d275b5cf7255d","size":2929,"artifact_path":"wandb-client-artifact://kj4t9qjnkvvif7kamxi988h5jdnxsksph28ku55wlx9ztmk5cts25hh2yb8k15qgzz7v9zl2nxajvbm8nlcjxdpmxo4pngbm4npgu6khhidgiqncfpuqpeajfwbqpnxr/confusion_matrix_table.table.json"}}