{"val_accuracy":0.8661666666666666,"_wandb":{"runtime":49},"val_loss":0.3669677975598261,"_runtime":49.728030336,"train_loss":0.3372975305289577,"_timestamp":1.7412050213945227e+09,"total_training_time":48.630553245544434,"Model Run history":{"train_loss":[0.5450351775679605,0.41577128800066526,0.3851110050811835,0.3727491368498263,0.36158924465259096,0.3556678953867546,0.34814930180588893,0.34575351413129335,0.34062979697886553,0.3372975305289577],"train_acc":[0.8043703703703704,0.8517777777777777,0.8608703703703704,0.8657592592592592,0.8702592592592593,0.8730185185185185,0.8753518518518518,0.8769074074074074,0.8777777777777778,0.8798518518518519],"val_loss":[0.44277538059579685,0.39534815979973886,0.390009742667946,0.41738427126253785,0.3552248048599278,0.38918604057840334,0.46350447613654583,0.36103255266595763,0.394200150619077,0.3669677975598261],"val_acc":[0.8415,0.8616666666666667,0.8576666666666667,0.8416666666666667,0.87,0.8565,0.8298333333333333,0.87,0.8731666666666666,0.8661666666666666]},"confusion_matrix_table":{"path":"media/table/confusion_matrix_table_13_bd245a18189c9624d701.table.json","ncols":3,"nrows":100,"_type":"table-file","sha256":"bd245a18189c9624d70190483b4f37c526563170ce66c3fb03bbf11cce492d07","size":2930,"artifact_path":"wandb-client-artifact://5a0fwn4h65ykgccqh378au5pb2rtqa4t9nd5e30akcbvwc4yapvotbyxm6olykafjn61eoyjzv9t6mo8946dtfv8tx0z8he0unetb3uzlvaaiksijx3udgyt48xtk3pt/confusion_matrix_table.table.json","_latest_artifact_path":"wandb-client-artifact://ra6one4qiqa17f6qvy6qoufdkwy52c3juzu35ube6yfom3sz48kcf260qmxy94nen8726unz372n54btxpwwondg923wgcn36375ps71qcpn05qqef0x40in1xgm0kpr:latest/confusion_matrix_table.table.json"},"epoch":10,"epoch_time":4.294201612472534,"train_accuracy":0.8798518518518519,"_step":13,"test_accuracy":0.8651}