{"_runtime":27.928750901,"test_accuracy":0.8629,"_timestamp":1.741242511302149e+09,"_wandb":{"runtime":27},"Model Run history":{"val_acc":[0.8478333333333333,0.8616666666666667,0.8671666666666666,0.8561666666666666,0.867,0.873,0.8756666666666667,0.8743333333333333,0.8723333333333333,0.8705],"train_loss":[0.537014760470263,0.390697944159676,0.3579105809641672,0.3367755065386078,0.32400666306424325,0.3111305045979921,0.30116132071396834,0.29207506990253984,0.2855444929329938,0.27852752148289556],"train_acc":[0.8142037037037037,0.8614074074074074,0.8689259259259259,0.8762407407407408,0.8806666666666667,0.8854444444444445,0.889537037037037,0.8910185185185185,0.8940925925925925,0.8965555555555556],"val_loss":[0.43493192765122457,0.38961715319084717,0.36900407321600337,0.3971843811098038,0.3801825991729219,0.36144692772888953,0.36140621825820274,0.34269280844748135,0.36388996180585975,0.3685573204857588]},"confusion_matrix_table":{"_latest_artifact_path":"wandb-client-artifact://vmd5h86wkopt8xwc7eljgobvmyedazfk27no0f6ckivjwh0e04ge4sgsttn9x3dmxw5ulhtov1kdt6fvxv4eu7yi2j0cn4asqea19630brfsxswudos58n999qtpsuvz:latest/confusion_matrix_table.table.json","path":"media/table/confusion_matrix_table_13_198830f86f575b7df96d.table.json","ncols":3,"nrows":100,"_type":"table-file","sha256":"198830f86f575b7df96d679ef5943473971595ddca20a34aa1bc1dbfb338f923","size":2933,"artifact_path":"wandb-client-artifact://9zpo710jch0gb2fla1waakb9b8yzgliwohxeea3ekwvjz3utex1qtks3j03nuyjh540p5gl3b9iyztapdjk3v27khx03qyg6zezjslfsx6lejahmxc9fwjnwmizofe8r/confusion_matrix_table.table.json"},"val_accuracy":0.8705,"train_accuracy":0.8965555555555556,"val_loss":0.3685573204857588,"total_training_time":26.922513723373413,"epoch_time":2.766982316970825,"train_loss":0.27852752148289556,"epoch":10,"_step":13}