{"Model Run history":{"val_acc":[0.8488333333333333,0.8593333333333333,0.868,0.8578333333333333,0.86,0.8523333333333334,0.8668333333333333,0.8755,0.874,0.8736666666666667],"train_loss":[0.5873207389718429,0.4038661636078625,0.36903104328478853,0.3503265789238003,0.3370306572512072,0.3265937835906269,0.3189676687936375,0.3115964657181057,0.3069144750187729,0.30150880458812346],"train_acc":[0.7962962962962963,0.8551666666666666,0.8661666666666666,0.8731296296296296,0.8760925925925926,0.8797962962962963,0.8832777777777778,0.8854074074074074,0.888537037037037,0.889962962962963],"val_loss":[0.4298155292362033,0.4034096423291497,0.3804130894733856,0.3963401071691293,0.3772911358528851,0.4210050974495384,0.3717268681874176,0.34929010920628445,0.35559504988815793,0.35692882299373746]},"epoch_time":2.2381844520568848,"_timestamp":1.7412406313554251e+09,"train_accuracy":0.889962962962963,"test_accuracy":0.8668,"val_loss":0.35692882299373746,"confusion_matrix_table":{"ncols":3,"nrows":100,"_type":"table-file","sha256":"89339d1febcce4433fec1a8fc61dedd00e3f871f89e1240006e9219bff037d0a","size":2929,"artifact_path":"wandb-client-artifact://4oqswtlpfg394l6cdp4hqk4x4ap4s2qh2cumls90uekn55elr18ob1jw0c0c8r28w38mjq64f5fmzaos64ei8g42by6xjg6jex19hijyeclvb01sgqe0rru9t9kgfbvb/confusion_matrix_table.table.json","_latest_artifact_path":"wandb-client-artifact://tiefkff61joo1uqkyes4dxi8n76h5l23ttmg60jtt22ez80d46t9vto7ydg6sqnggicwvwwvg2mdjwi9rqgeibx5t5twrnw0cw2ee9usy0g691w7r0cg4zntuson1a56:latest/confusion_matrix_table.table.json","path":"media/table/confusion_matrix_table_13_89339d1febcce4433fec.table.json"},"_step":13,"train_loss":0.30150880458812346,"val_accuracy":0.8736666666666667,"total_training_time":22.11687970161438,"_wandb":{"runtime":23},"_runtime":23.356602909,"epoch":10}