{"_wandb":{"runtime":65},"_timestamp":1.7411999696399758e+09,"train_accuracy":0.23207407407407407,"_runtime":65.268477037,"_step":13,"total_training_time":63.9862904548645,"val_accuracy":0.19433333333333333,"train_loss":1.8386609933283953,"test_accuracy":0.1963,"val_loss":1.8348729881343755,"epoch_time":5.822462320327759,"epoch":10,"confusion_matrix_table":{"path":"media/table/confusion_matrix_table_13_172f8bae83a3798fe266.table.json","ncols":3,"nrows":100,"_type":"table-file","sha256":"172f8bae83a3798fe266bc795ab6c3879be3c0e883cc55cb25e96d9c5dd10373","size":2908,"artifact_path":"wandb-client-artifact://sykarjh1fq39oenj5xhqe68lja3drhfxikbrnm3hswntkeiqlvy2b45gnirv6wxcn6qtigxzyf3qxxivqxpg96ebfyo2zq82o8wlc6xv58h88dnqiott2tidex3ctjsm/confusion_matrix_table.table.json","_latest_artifact_path":"wandb-client-artifact://5zzlo2vcjf6ghzw3n7n7sstrek0g3cj20ettm1f3dpoqdg24xpk9six4vuc5zp390ymp483pto2vldd8ta7zio69m5tbvmjvyfd5myara1aob5hdldeuqramekwy03fi:latest/confusion_matrix_table.table.json"},"Model Run history":{"val_acc":[0.10533333333333333,0.20516666666666666,0.1835,0.15183333333333332,0.19833333333333333,0.285,0.3873333333333333,0.185,0.2035,0.19433333333333333],"train_loss":[2.2905435712084774,2.2926725770190552,2.191026523184927,2.2459554222636586,2.160357666202367,1.9663182018343925,1.8115265628125437,1.695422474765353,1.8586795505850655,1.8386609933283953],"train_acc":[0.12851851851851853,0.12061111111111111,0.16722222222222222,0.16972222222222222,0.2010925925925926,0.23446296296296296,0.3,0.35153703703703704,0.2396111111111111,0.23207407407407407],"val_loss":[2.29787171744973,2.297762133979524,2.229683398255793,2.23004806946873,2.0470306188720695,1.9260914734031296,1.6338407754014859,1.8653800597950645,1.8417015201953346,1.8348729881343755]}}