{"val_loss":0.42289596485661574,"confusion_matrix_table":{"sha256":"81129a4c34116eb2a43f9b37dc5b55482779cae1bb0ad0261b4113cfbe7fda88","size":2933,"artifact_path":"wandb-client-artifact://dtaw41zihjiz0vgydekw0po8nncd6329lzdekb1uu1h97k5kaog197dpp3cidfbbbv0ekgtl7rlcu35g6ymvpu2j869so5d88wsi6eqgbcmb7xs1yuue2xad3u8ospgx/confusion_matrix_table.table.json","_latest_artifact_path":"wandb-client-artifact://7bh0p2udrc2auve6a38pob5t4ak7nc1zi1ey22aykta721be8nh0sl6ebvcggtz5r18z3tm5mth31kua7vw3tib9kk2klc2j9ae00i9btcai2x97fqr99cxavd6b36sl:latest/confusion_matrix_table.table.json","path":"media/table/confusion_matrix_table_8_81129a4c34116eb2a43f.table.json","ncols":3,"nrows":100,"_type":"table-file"},"epoch_time":8.060542345046997,"_timestamp":1.7411943648929617e+09,"_runtime":42.523953673,"val_accuracy":0.8551666666666666,"train_loss":0.45122122202281145,"total_training_time":41.35411834716797,"_wandb":{"runtime":42},"train_accuracy":0.8580185185185185,"Model Run history":{"train_acc":[0.7921666666666667,0.8382962962962963,0.8493148148148149,0.8560185185185185,0.8580185185185185],"val_loss":[0.48118340641647994,0.4341141378059346,0.4306618755575988,0.4071232962143492,0.42289596485661574],"val_acc":[0.8351666666666666,0.8515,0.8456666666666667,0.8588333333333333,0.8551666666666666],"train_loss":[0.7593475548105412,0.5682041634729764,0.5097143583580181,0.4748319550255738,0.45122122202281145]},"test_accuracy":0.8469,"epoch":5,"_step":8}