{"val_loss":0.3660052791368465,"val_accuracy":0.8746,"epoch":10,"_step":12,"_wandb":{"runtime":22},"test_accuracy":0.8707,"total_training_time":20.607332706451416,"_runtime":22.014853135,"epoch_time":2.1915338039398193,"train_loss":0.2504854965765248,"train_accuracy":0.90578,"confusion_matrix":{"path":"media/images/confusion_matrix_12_a313c7eba7f2f2e33a5f.png","format":"png","width":1000,"height":800,"_type":"image-file","sha256":"a313c7eba7f2f2e33a5f26a0e1979198f5a4e16a5cd4dddbbd9c5cdf05218b75","size":60339},"_timestamp":1.740909003748813e+09}