{"train_loss":0.31435181652944383,"val_loss":0.39384888569347526,"epoch":10,"_timestamp":1.7412400576515265e+09,"total_training_time":16.56810212135315,"test_accuracy":0.8504,"confusion_matrix_table":{"_latest_artifact_path":"wandb-client-artifact://fhu0cf1hd6e7egs65npegbwzd2e17j9ooarotatq8do8u14zds3plvfjfndzzor4dlsa7ogi51wbf1uw8ql4m1v6cp4un9c77ck68yd9vdiemonabip6wvmsevb9vuvq:latest/confusion_matrix_table.table.json","path":"media/table/confusion_matrix_table_13_0a27dceccb6f1fc85d42.table.json","ncols":3,"nrows":100,"_type":"table-file","sha256":"0a27dceccb6f1fc85d42a5b45b53bf55815ca71c2cd7604a9d3357c877c31429","size":2929,"artifact_path":"wandb-client-artifact://u4qd55gjskv128zc9t6ysmjrre3gy1n6wtjwaw7echaigodt7v3beuav7ioffx3msachw2dbgjdgl0djwgwza1j58j5gve1woeb3c2v8dl461n6xlj7pqaikmy2bmt0x/confusion_matrix_table.table.json"},"val_accuracy":0.861,"_step":13,"_runtime":17.87616084,"train_accuracy":0.8834814814814815,"Model Run history":{"train_loss":[0.628099750145357,0.43160084804974364,0.3912760309130372,0.3688825158916844,0.35295425910067596,0.34318067905408983,0.3349669235003563,0.3262034592828008,0.3199245096426955,0.31435181652944383],"train_acc":[0.7782777777777777,0.8450925925925926,0.8578333333333333,0.8666481481481482,0.8727592592592592,0.8752407407407408,0.8767962962962963,0.8789444444444444,0.882537037037037,0.8834814814814815],"val_loss":[0.5017796833327836,0.44394827766324596,0.3972363622878111,0.3840800861175863,0.3982228740121958,0.3856395022601284,0.3635433507438341,0.38159603552667726,0.3633922430284768,0.39384888569347526],"val_acc":[0.817,0.8398333333333333,0.8545,0.8643333333333333,0.8596666666666667,0.8616666666666667,0.8695,0.8706666666666667,0.8688333333333333,0.861]},"_wandb":{"runtime":17},"epoch_time":2.1856048107147217}