{"val_loss":0.32007503068110266,"epoch":40,"test_accuracy":0.8771,"epoch_time":4.136695861816406,"_timestamp":1.7413437230544417e+09,"train_accuracy":0.9312037037037038,"_wandb":{"runtime":147},"confusion_matrix_table":{"ncols":3,"nrows":100,"_type":"table-file","sha256":"948bb9dcf131babc992b050509e7ebb1d1a90c46238d2de8376e7e07974f97ee","size":2931,"artifact_path":"wandb-client-artifact://ssgx3h86k8og6wbk1dxt5qarm5qpipbz0tbiroqs2rvrxlsndco0b3jz2wyxvu6fcta02521p8xbkc9981j1339wljln72c0l1nsdfsro6uz629uaodjef310hcjlc8w/confusion_matrix_table.table.json","_latest_artifact_path":"wandb-client-artifact://kdhv7twz1mgsqqhv7zgfpb58omp1elggqtz6ul4o28eqo5renoglhfrc7youc1a7o73xdxjmjqq0spb30y4h8b7ftxkyfjaay54pt3ygi5ypkgif689jvgy94dcuhh3r:latest/confusion_matrix_table.table.json","path":"media/table/confusion_matrix_table_43_948bb9dcf131babc992b.table.json"},"_step":43,"_runtime":147.958672919,"val_accuracy":0.8906666666666667,"total_training_time":146.83055877685547,"train_loss":0.19413304823547428,"Model Run history":{"val_loss":[0.5228248528688683,0.4780929861697609,0.4253948922967524,0.4043443959992542,0.38043313522794725,0.35765237554734375,0.350567650522448,0.38372712200649034,0.3396893633246922,0.35162793846028617,0.3464500653438241,0.3358881261196678,0.35191739798090566,0.34134439628440993,0.3176806732005643,0.33593148670314515,0.37117224124543996,0.29480893612401254,0.3151633618675477,0.3016294985033594,0.32061129088062296,0.3032800834803729,0.29581936007202897,0.3221003285379486,0.3035451413601494,0.2875375229811234,0.3005263583093285,0.3091537036438359,0.2953820029578899,0.29037958067299796,0.31476762357506205,0.2962244896585578,0.28505162401869666,0.2989787137131351,0.293874320074181,0.32416646439857494,0.30817872613334957,0.30228008927460637,0.29154998167723645,0.32007503068110266],"val_acc":[0.813,0.822,0.839,0.8495,0.8623333333333333,0.8715,0.8723333333333333,0.8578333333333333,0.8761666666666666,0.8723333333333333,0.8728333333333333,0.8776666666666667,0.8701666666666666,0.8801666666666667,0.8873333333333333,0.8788333333333334,0.86,0.8946666666666667,0.8835,0.8921666666666667,0.8823333333333333,0.8896666666666667,0.8933333333333333,0.885,0.8895,0.8978333333333334,0.8911666666666667,0.8908333333333334,0.8946666666666667,0.8951666666666667,0.8911666666666667,0.8961666666666667,0.8986666666666666,0.896,0.8938333333333334,0.8788333333333334,0.8885,0.8928333333333334,0.899,0.8906666666666667],"train_loss":[0.6815164220713884,0.46851749645041985,0.4182874015817861,0.39208165605621204,0.37211363906097994,0.3561557165943743,0.34250663770149076,0.3312727610287573,0.3225034336872256,0.3140517697149842,0.306489273460856,0.29916943176471106,0.2925519818727452,0.28671996982794645,0.2803182464684746,0.2753626319015751,0.2697373092129347,0.26576863898436615,0.26076046571938705,0.2571643460718826,0.25123441188289336,0.24851228483510002,0.24536961935777754,0.24020131793714553,0.236935627063048,0.23326843863756386,0.23073854207485717,0.2256394434676258,0.22377002337619054,0.22140383037763553,0.21769725698398135,0.21381720820407932,0.2114301591940206,0.20931547940594497,0.20523643118670484,0.20226005164388347,0.20007406422130364,0.19913416084689226,0.19457120842172376,0.19413304823547428],"train_acc":[0.7641481481481481,0.8360925925925926,0.852037037037037,0.8622222222222222,0.8677777777777778,0.8745185185185185,0.8773148148148148,0.8823333333333333,0.8859814814814815,0.8883148148148148,0.8903888888888889,0.8935,0.8958333333333334,0.8968148148148148,0.8993888888888889,0.9011851851851852,0.9037037037037037,0.9050185185185186,0.9072592592592592,0.9068148148148149,0.9107037037037037,0.9101296296296296,0.9126666666666666,0.9131851851851852,0.9146851851851852,0.9162407407407407,0.9178148148148149,0.9186851851851852,0.9197962962962963,0.9197777777777778,0.9215555555555556,0.9231296296296296,0.9239814814814815,0.9251111111111111,0.925962962962963,0.9284444444444444,0.9278148148148149,0.928962962962963,0.9300555555555555,0.9312037037037038]}}