{"epoch":40,"_wandb":{"runtime":335},"Model Run history":{"train_acc":[0.8104444444444444,0.8494074074074074,0.859537037037037,0.8667037037037038,0.8704814814814815,0.8739259259259259,0.8769074074074074,0.8775,0.8795555555555555,0.8778333333333334,0.8820185185185185,0.8828888888888888,0.8841111111111111,0.8830370370370371,0.8842222222222222,0.8858518518518519,0.8861111111111111,0.8875740740740741,0.8871481481481481,0.8863518518518518,0.8885,0.8880185185185185,0.889537037037037,0.8859814814814815,0.8889259259259259,0.8884444444444445,0.8893703703703704,0.8907962962962963,0.8928148148148148,0.89,0.8904074074074074,0.8906481481481482,0.8904444444444445,0.8923888888888889,0.8902962962962963,0.8901111111111111,0.8909444444444444,0.8922407407407408,0.8903888888888889,0.8919074074074074],"val_loss":[0.4190182659822283,0.37395868554197326,0.42256357102248315,0.39124306348021987,0.36861627840383854,0.3755441717501352,0.34688931583940436,0.37307189159425147,0.3549056606043159,0.3406847984114055,0.34355496532542606,0.38652380123436114,0.3507599752985746,0.36404365798342175,0.35635218941829844,0.3330518377591502,0.3527711913250024,0.3542629944164514,0.3590314707733282,0.37553863419325756,0.3441627164183871,0.34669865322637666,0.3278073796506,0.36563580252494027,0.35122317612721554,0.3443895150005598,0.3485782676041893,0.32089971713470383,0.3234965074215013,0.3171991362736828,0.3874066098756041,0.4090624858871747,0.3644125226606601,0.3442374241704367,0.37345432806672,0.3184044445881246,0.37339827207221993,0.3347369497244961,0.36207828225661,0.3171935605136535],"val_acc":[0.844,0.8593333333333333,0.837,0.8556666666666667,0.8571666666666666,0.8581666666666666,0.8728333333333333,0.8591666666666666,0.863,0.8776666666666667,0.8748333333333334,0.86,0.8716666666666667,0.8725,0.8681666666666666,0.8773333333333333,0.8668333333333333,0.8655,0.8673333333333333,0.8655,0.872,0.8785,0.879,0.8668333333333333,0.871,0.8745,0.8725,0.8808333333333334,0.8833333333333333,0.8838333333333334,0.8566666666666667,0.8621666666666666,0.8666666666666667,0.8735,0.8663333333333333,0.8851666666666667,0.8573333333333333,0.8758333333333334,0.8655,0.8846666666666667],"train_loss":[0.5312666315400905,0.41983463538270616,0.38853370710957835,0.3692761102064083,0.35806315205289757,0.3489227622496153,0.3399769792182559,0.3364550218615917,0.3322960735506185,0.3311657604038619,0.32327769212044405,0.32106331274908817,0.3185586263908265,0.3182456395340786,0.31758596654686994,0.3132272220214087,0.31330171989200845,0.3112052350739388,0.3097651466114161,0.3082194718825744,0.3072380818317681,0.3055190808209373,0.3045953068334606,0.3065627005798058,0.30346593313683473,0.303942915984348,0.3019855212078731,0.29902081253132357,0.296030728371332,0.2997038614749513,0.29864558767410265,0.2978838693154841,0.299206808381261,0.29671407045916753,0.300228013518999,0.29784618247218686,0.29550225378902445,0.29651991443027254,0.29613000683370166,0.2970455868158208]},"val_loss":0.3171935605136535,"train_loss":0.2970455868158208,"test_accuracy":0.8695,"train_accuracy":0.8919074074074074,"_step":43,"_timestamp":1.7413499015084784e+09,"_runtime":335.866291718,"epoch_time":9.774189472198486,"val_accuracy":0.8846666666666667,"total_training_time":334.33729362487793,"confusion_matrix_table":{"_latest_artifact_path":"wandb-client-artifact://wq9yhim1d0yo82vd3cp9a9ckcty2i3wmmmeubik3yviykepualo0w49bwk5wsihzcedjhodhyvn4dx1oq64cabsuek5zstn9rpr2x1pzqdg5o70usosvst13n8pl856h:latest/confusion_matrix_table.table.json","path":"media/table/confusion_matrix_table_43_8db9b72e6c27f919f853.table.json","ncols":3,"nrows":100,"_type":"table-file","sha256":"8db9b72e6c27f919f853c194ec0519d028f73b3a7ec512631ddabf6a3dad6a37","size":2931,"artifact_path":"wandb-client-artifact://e3yxzy7c94y95bmu9x333rxfdubu2h7ro423y4hxw4rh1ge6b3i2jy60mfm8mr3ounxwgzksipl3hvrpf5y3ipklp688cal8isj2xzpzab9skrsuhkhmvcmwqhxdcz5u/confusion_matrix_table.table.json"}}