{"_step":13,"_runtime":50.734477979,"val_loss":0.3240439928161474,"total_training_time":48.63255453109741,"train_loss":0.27197224858768304,"_timestamp":1.7412396163776581e+09,"test_accuracy":0.8731,"_wandb":{"runtime":50},"epoch_time":5.070586442947388,"val_accuracy":0.881,"epoch":10,"Model Run history":{"train_loss":[0.5048724396668991,0.3830384838760858,0.3516102841878905,0.3307981060172977,0.315385234371561,0.30357894756894716,0.2923561462263231,0.2857752802874356,0.27855626097903763,0.27197224858768304],"train_acc":[0.8166666666666667,0.8623888888888889,0.8732777777777778,0.8793888888888889,0.8846851851851851,0.8898148148148148,0.8942222222222223,0.8963333333333333,0.8977037037037037,0.9001296296296296],"val_loss":[0.4102759936355274,0.3914269207903784,0.37297480771608427,0.3475706729858311,0.36012215341260045,0.33419948073216216,0.3367259597103225,0.347087494227196,0.34731138913630677,0.3240439928161474],"val_acc":[0.8535,0.861,0.8631666666666666,0.8705,0.8738333333333334,0.878,0.882,0.8756666666666667,0.8756666666666667,0.881]},"train_accuracy":0.9001296296296296,"confusion_matrix_table":{"path":"media/table/confusion_matrix_table_13_ddf52c2745f8ccf553c0.table.json","ncols":3,"nrows":100,"_type":"table-file","sha256":"ddf52c2745f8ccf553c0d9fd8edefc82435b850192221321135f7411de77c151","size":2930,"artifact_path":"wandb-client-artifact://dl6ioyt0jbfsd0wq9j1gsu9paflpudzavcvgi1su63o7kae00i7c5b9mc6xac2bxnpnbo5w57u7hh99oh7qh7v5dkn48gul0bwd68p235q30s0vbyf9eruot0bw93m03/confusion_matrix_table.table.json","_latest_artifact_path":"wandb-client-artifact://l93kfwvtq9gtcjieqh6auiku6yp8c5dz9bugvf7z0dm5f5ztk12is2st2yz10prjvbgv0t9siauuc5xmas6om8x3obvncolet4h8gzkalqt2ayk8z29orh12awo1hbq2:latest/confusion_matrix_table.table.json"}}