{"total_training_time":49.37709379196167,"val_loss":0.4336326972141757,"epoch_time":9.1755051612854,"_timestamp":1.7411937322202628e+09,"test_accuracy":0.833,"train_loss":0.4745539634310188,"_runtime":51.14453228,"val_accuracy":0.84,"Model Run history":{"val_acc":[0.8328333333333333,0.8298333333333333,0.8408333333333333,0.8263333333333334,0.84],"train_loss":[0.5986735045885643,0.4882942096996457,0.48280199147175684,0.47612289102200267,0.4745539634310188],"train_acc":[0.8045555555555556,0.8286111111111111,0.8294814814814815,0.8302777777777778,0.830962962962963],"val_loss":[0.4686593994671043,0.47579639006257646,0.4448563754494409,0.49077666506193574,0.4336326972141757]},"epoch":5,"_step":8,"confusion_matrix_table":{"size":2936,"artifact_path":"wandb-client-artifact://mlx8k0w0vwyyqxe83trtixq652lguoci2x1fttjyit7x5p9o4h92739o6hosat83b3ki28i1yiujbsfjfu6g3k1sjb9twojse08j6tco9b4na811wxx7zz7l4w27e2k3/confusion_matrix_table.table.json","_latest_artifact_path":"wandb-client-artifact://pivcxyk56wovcnlm8a0mxp4bd5f9q3c55bgqh9b7qq11faxt4pjpxsysvepdaw4msghp0b88m0xpqp5u2608m5qizy8yubnnbfidp0x63mx2oedpkewaln2f2djrjpmz:latest/confusion_matrix_table.table.json","path":"media/table/confusion_matrix_table_8_ffebf3a64a39c5ee86f4.table.json","ncols":3,"nrows":100,"_type":"table-file","sha256":"ffebf3a64a39c5ee86f488ecbb9e7ea5f7c477363ec845a69ba6236679045b56"},"train_accuracy":0.830962962962963,"_wandb":{"runtime":51}}