{"confusion_matrix_table":{"_latest_artifact_path":"wandb-client-artifact://b9uzm1xxm7j2fv9bdfu22edbk7xu7hchkfmzsa9v3zl4t4qhngw3ir9y3zckqvfhqttvhdssdicp9cpegn7ob1jc4zbr88gmp6uisimai56654izky14owrfto8chtmc:latest/confusion_matrix_table.table.json","path":"media/table/confusion_matrix_table_13_e36d664f93939e54ecbf.table.json","ncols":3,"nrows":100,"_type":"table-file","sha256":"e36d664f93939e54ecbf0fad85e82e03ae397ba3020169796d608c9f1f1cf4ec","size":2932,"artifact_path":"wandb-client-artifact://f5pdqss82nw26dgfw95zg4cxl0ajj819ngzv7zrkhcvdhix54vpgy8po9vedocb8jefuhb4arh9tipx4lhop4yt8oaby3dgsddzbb6mmxug8jnwy5jvqjyvdqfm0lway/confusion_matrix_table.table.json"},"Model Run history":{"train_loss":[0.6490191031820917,0.47309320096136664,0.4468885466347917,0.4318488232000254,0.4241758498075527,0.42098862222355815,0.4162817515531128,0.41404236761221197,0.4111573602305911,0.40739831051745784],"train_acc":[0.7752777777777777,0.8341111111111111,0.8437407407407408,0.8465,0.8491296296296297,0.8497962962962963,0.8506296296296296,0.8522222222222222,0.8546111111111111,0.8566481481481482],"val_loss":[0.564764981884929,0.463245739042821,0.4523854570146581,0.4405739978557433,0.42847613064021955,0.39994834448323785,0.4129168499878303,0.4230800586549947,0.4452977909544916,0.40952879803307235],"val_acc":[0.7926666666666666,0.8391666666666666,0.839,0.8475,0.8466666666666667,0.8646666666666667,0.8573333333333333,0.8488333333333333,0.8375,0.8545]},"epoch":10,"test_accuracy":0.8403,"total_training_time":27.11034059524536,"_wandb":{"runtime":28},"train_accuracy":0.8566481481481482,"val_loss":0.40952879803307235,"_runtime":28.542308862,"_step":13,"val_accuracy":0.8545,"_timestamp":1.7412423666576333e+09,"epoch_time":1.983675241470337,"train_loss":0.40739831051745784}