{"epoch":5,"val_loss":0.13261509569860014,"_wandb":{"runtime":9},"_timestamp":1.7422142739732969e+09,"confusion_matrix_table":{"size":1795,"artifact_path":"wandb-client-artifact://rq6vdgyld19zqj2pirxhoyx92he8eko60gflf2mdjqwhg2zm307tkez0boxsbxsv3al2h3no2j9pu7tybjb1ur0tufr8chou1bt8hs4c8a5harfsy96230zqu7qh4hr6/confusion_matrix_table.table.json","_latest_artifact_path":"wandb-client-artifact://zw4razqxcsbd2j9ocylpq958m4p6x3ku2etx5mi8ytwnlrce8vn30wiyt6v7ym4010eli202f0ju1abnxyks0d91aznvonnif7xf9d0fipqv2or0z5hdqsk1feowam91:latest/confusion_matrix_table.table.json","path":"media/table/confusion_matrix_table_8_bab0083bb342392f16b7.table.json","ncols":3,"nrows":100,"_type":"table-file","sha256":"bab0083bb342392f16b7900973426b9611d65b050ed6a6419b07fcb554083599"},"_step":8,"total_training_time":8.449537754058838,"Model Run history":{"train_acc":[0.9030555555555555,0.9441666666666667,0.9562777777777778,0.9618888888888889,0.9663333333333334],"val_loss":[0.22360003637926174,0.16853949951022187,0.15690751236357744,0.14878965170740233,0.13261509569860014],"val_acc":[0.9326666666666666,0.9461666666666667,0.9485,0.9535,0.958],"train_loss":[0.34410212093781445,0.18534607100727418,0.14697665113846387,0.1266089922455702,0.11328092262867892]},"train_accuracy":0.9663333333333334,"train_loss":0.11328092262867892,"epoch_time":1.452751636505127,"test_accuracy":0.9612,"val_accuracy":0.958,"_runtime":9.583922238}