{"train_loss":0.38088414412712573,"val_accuracy":0.8741666666666666,"_step":4,"confusion_matrix":{"path":"media/images/confusion_matrix_4_d507cb9940cdbc6a3b29.png","format":"png","width":1000,"height":800,"_type":"image-file","sha256":"d507cb9940cdbc6a3b29ad97ea956fe6d2040484487ff26cb801cd30d2eb7e01","size":60730},"total_training_time":6.61376690864563,"epoch_time":3.293567657470703,"epoch":2,"test_accuracy":0.858,"train_accuracy":0.8609074074074075,"val_loss":0.35212157075723005,"_wandb":{"runtime":8},"_runtime":8.177032147,"_timestamp":1.741005877816761e+09}