{"_runtime":18.601010502,"total_training_time":17.47458243370056,"test_accuracy":0.8405,"confusion_matrix":{"sha256":"c70ef28ec359c2b142ac988ff99b8c24cdb0db5be627becda5ca68568c798561","size":61257,"path":"media/images/confusion_matrix_7_c70ef28ec359c2b142ac.png","format":"png","width":1000,"height":800,"_type":"image-file"},"epoch_time":3.070402145385742,"val_accuracy":0.8473,"train_loss":0.42180544884016685,"_step":7,"_timestamp":1.7409124085647786e+09,"train_accuracy":0.85286,"_wandb":{"runtime":18},"val_loss":0.4333604008451772,"epoch":5}