{"confusion_matrix_table":{"_type":"table-file","sha256":"f690904b430e019f6cf437d26e7a663d96832a27a0a510cc57959f874c1b238c","size":2932,"artifact_path":"wandb-client-artifact://z2f5orjjam3ftcl7ambnnvadsabotnsy6fs0ao19eugousxvtl4sxamwjs0ocaas5egf92ky3xhrsj1lkdc4jzhdk0yxjue8fb37hcbsy98e3akrxkr0ww9ulew3flau/confusion_matrix_table.table.json","_latest_artifact_path":"wandb-client-artifact://jwdg5giev7so3fn1jz1d0fg2plh0ujpgvny7hjpacxxi7bfr36iffz1852mgcerbjpv5j10as3xjzr8vnllip6zp1gysr3w13689w5jg3zuxwlj7miqkne4ukwmhb9f2:latest/confusion_matrix_table.table.json","path":"media/table/confusion_matrix_table_43_f690904b430e019f6cf4.table.json","ncols":3,"nrows":100},"epoch":40,"val_accuracy":0.8895,"test_accuracy":0.8755,"epoch_time":6.76090669631958,"total_training_time":245.53628396987915,"_wandb":{"runtime":247},"_runtime":247.15054589,"val_loss":0.3059490046981454,"_timestamp":1.7413519051008668e+09,"train_loss":0.22571363969433114,"train_accuracy":0.9162222222222223,"Model Run history":{"val_loss":[0.4349762197423373,0.3835180069339998,0.33956417610563067,0.3394199618924142,0.335332880956597,0.34051507085624017,0.32636221699492846,0.3123889935778191,0.31991357205698373,0.32818516878288456,0.33155441823042836,0.3102050658895962,0.31596735064102316,0.3122905826732516,0.30163176424192145,0.3073599065066202,0.32176772393181513,0.32298658452672774,0.3021001319892832,0.32350030649109024,0.32086840721114734,0.3115533370973799,0.322859770218931,0.3829266117410489,0.3102990707877308,0.3437617300643264,0.31077734501629517,0.29907302332488844,0.29168027447968325,0.2995663496469157,0.30747160655785294,0.3176503380061097,0.30092411637909533,0.2917588626199619,0.3454581977997734,0.31563096082344494,0.3056719925348417,0.3412866600719018,0.3195918960703587,0.3059490046981454],"val_acc":[0.8336666666666667,0.8525,0.8771666666666667,0.8748333333333334,0.8791666666666667,0.8738333333333334,0.8758333333333334,0.8855,0.8803333333333333,0.8803333333333333,0.8763333333333333,0.8873333333333333,0.8828333333333334,0.887,0.8861666666666667,0.8903333333333333,0.8836666666666667,0.8835,0.8888333333333334,0.8805,0.885,0.885,0.882,0.865,0.8836666666666667,0.8755,0.8905,0.8953333333333333,0.8938333333333334,0.8936666666666667,0.8891666666666667,0.8858333333333334,0.8898333333333334,0.8971666666666667,0.8733333333333333,0.884,0.8916666666666667,0.886,0.8888333333333334,0.8895],"train_loss":[0.5214883303318948,0.39544725998366176,0.36482126732749315,0.34223056613304803,0.32671410132895634,0.3132681693340958,0.30440896400568823,0.29511216117418265,0.29093963598409683,0.2842629094081083,0.2803285062603564,0.2763881259342626,0.2725774586531271,0.26820106868888993,0.26684612372695354,0.26088247672554893,0.2604599385839889,0.25701457686622525,0.2571658002843344,0.25279603912166654,0.250999868574791,0.248517978264318,0.24890993612219892,0.24604509942751648,0.24310799756161014,0.2433118067791384,0.2417493430178549,0.2416617289209915,0.2371247927631922,0.23599105566234513,0.23728766501533455,0.23568649241646772,0.23236310312416417,0.2304443752655595,0.2317390806726022,0.23212340826787686,0.22819576813590334,0.22682281751837702,0.22662005349478617,0.22571363969433114],"train_acc":[0.8153333333333334,0.8584074074074074,0.8682037037037037,0.8753888888888889,0.8801296296296296,0.8848703703703704,0.8887777777777778,0.8911666666666667,0.8932962962962963,0.8955555555555555,0.896074074074074,0.8974814814814814,0.8986296296296297,0.9009074074074074,0.901,0.903,0.9031666666666667,0.9040370370370371,0.9041481481481481,0.9072592592592592,0.9069814814814815,0.9072592592592592,0.907074074074074,0.9087592592592593,0.9106111111111111,0.9092777777777777,0.9112962962962963,0.9099074074074074,0.9118888888888889,0.913,0.9107777777777778,0.9119259259259259,0.9124629629629629,0.9151296296296296,0.9136666666666666,0.9138518518518518,0.9163888888888889,0.9153703703703704,0.9168333333333333,0.9162222222222223]},"_step":43}