{"test_accuracy":0.819,"Model Run history":{"val_loss":[0.6919836217437739,0.47117826594998474,0.46962404873500846,0.46559999180417466,0.43193489029902604,0.4140530935878652,0.4325363980392709,0.43882423610838106,0.42226449112668685,0.46523701937707274],"val_acc":[0.7323333333333333,0.8343333333333334,0.8293333333333334,0.8285,0.8398333333333333,0.8495,0.8421666666666666,0.8373333333333334,0.849,0.8285],"train_loss":[0.5875219465652112,0.46617114334079124,0.44845773839267006,0.43803082629793494,0.43108990198117075,0.4266586611955898,0.42223230030575704,0.41892984188860893,0.41466714497195745,0.41197214988647796],"train_acc":[0.7936666666666666,0.8341666666666666,0.8388703703703704,0.8422777777777778,0.8457962962962963,0.847037037037037,0.8498148148148148,0.8492407407407407,0.8522037037037037,0.8528518518518519]},"total_training_time":18.830198287963867,"val_loss":0.46523701937707274,"train_loss":0.41197214988647796,"val_accuracy":0.8285,"_timestamp":1.7412403467796776e+09,"epoch":10,"train_accuracy":0.8528518518518519,"_wandb":{"runtime":19},"_runtime":19.913416130999998,"confusion_matrix_table":{"_type":"table-file","sha256":"934228d13e56cbce9686b16275d136f297bf5d15361470a9139a546a800ae00c","size":2935,"artifact_path":"wandb-client-artifact://u7zjom2inb1w3vxgkdxu3axqehl21wg6dpnrme3n5qrsnqgdds9vkrf63z0l7323ascn3v9u2ot8sogsissotxofapuwgping0yhjeo3n4edjjxn8ez3p0e8l0tfwz82/confusion_matrix_table.table.json","_latest_artifact_path":"wandb-client-artifact://k4a9fn9lxedwu9pr8it35dai4mepelizjo42q9imj6qjwlqq7xeubn78aqp68q8lhlw3he708nw4ah4c40nwu56tn8wr4zl9fzoyylo4ojvyienvrevlsd0u6abvcxd0:latest/confusion_matrix_table.table.json","path":"media/table/confusion_matrix_table_13_934228d13e56cbce9686.table.json","ncols":3,"nrows":100},"_step":13,"epoch_time":2.1757524013519287}