{"Model Run history":{"train_acc":[0.811962962962963,0.8596296296296296,0.8719629629629629,0.8811851851851852,0.8862777777777778],"val_loss":[0.40978230877667604,0.36911882999356127,0.3752895260693225,0.3742747265535589,0.343890391248699],"val_acc":[0.849,0.8613333333333333,0.8626666666666667,0.8588333333333333,0.874],"train_loss":[0.5303621223690973,0.38449803756941764,0.3467336645221575,0.3227597861814514,0.3059760884479085]},"val_accuracy":0.874,"_wandb":{"runtime":21},"train_accuracy":0.8862777777777778,"_timestamp":1.7412043674435632e+09,"_step":8,"total_training_time":20.16029715538025,"test_accuracy":0.8617,"epoch_time":3.613417387008667,"confusion_matrix_table":{"_latest_artifact_path":"wandb-client-artifact://spucmvm7v9hw6a0ggncp9t89hrswcnkuk6grmjua0e86k8bbh6iolcy38desimx455zzr2i9492wnc8wzpshqmznrgns5xsoslqqalwxvb0h8gunl0er76b6m8icuyrk:latest/confusion_matrix_table.table.json","path":"media/table/confusion_matrix_table_8_7454668214c99ede8589.table.json","ncols":3,"nrows":100,"_type":"table-file","sha256":"7454668214c99ede8589dedc0ba6e8cb1469870617a89f17dd5b22f2faf12840","size":2931,"artifact_path":"wandb-client-artifact://xg19tuvp672gihzgicj8q97k3vxemq4cfyjupm0ad6ti8tjaultv17trxx8snfkx5zdnouojhkyn2blq8d1qs55fae09b8mhbv8uzk64fek590tsjvi6ciyvuaqaa5kc/confusion_matrix_table.table.json"},"train_loss":0.3059760884479085,"_runtime":21.68545081,"val_loss":0.343890391248699,"epoch":5}