{"_timestamp":1.7409124597248135e+09,"epoch":5,"total_training_time":9.568910121917725,"_runtime":10.731133156,"_step":7,"confusion_matrix":{"size":62036,"path":"media/images/confusion_matrix_7_5ede363fe8b5a6426c27.png","format":"png","width":1000,"height":800,"_type":"image-file","sha256":"5ede363fe8b5a6426c27468b11e4f8baffbf75478b95c4f7399f682a595b0d67"},"test_accuracy":0.8479,"val_loss":0.41299910026705555,"epoch_time":1.8839819431304932,"train_loss":0.38011305112980204,"val_accuracy":0.8522,"_wandb":{"runtime":10},"train_accuracy":0.86604}