{"epoch_time":2.7942888736724854,"Model Run history":{"val_acc":[0.8298333333333333,0.8401666666666666,0.875,0.866,0.8596666666666667,0.8783333333333333,0.865,0.8655,0.8765,0.8761666666666666,0.882,0.855,0.8678333333333333,0.8751666666666666,0.8735,0.8858333333333334,0.8765,0.8455,0.8648333333333333,0.8816666666666667,0.8753333333333333,0.8808333333333334,0.8841666666666667,0.89,0.8776666666666667,0.8726666666666667,0.8843333333333333,0.8935,0.874,0.89,0.8811666666666667,0.8876666666666667,0.8871666666666667,0.8898333333333334,0.8728333333333333,0.8816666666666667,0.88,0.884,0.8763333333333333,0.8815],"train_loss":[0.548053662424888,0.4032903857799677,0.37107063343597446,0.35125158222417163,0.3393916867577645,0.3274546923783414,0.32077168722613375,0.3128994844223078,0.309406559679554,0.30422109518644586,0.30153016760564705,0.2985949578596559,0.2933462549400702,0.2907387560221756,0.28693097058695327,0.2832642215103557,0.28248655277977275,0.28058047215624526,0.27714151323417885,0.274264172436062,0.27202703667652034,0.27204421308237425,0.2703730558351368,0.2674951656156498,0.26632909256662995,0.2660898897626075,0.2640741580528064,0.2620102013481848,0.25965141993575513,0.26241602162485766,0.2589242623437302,0.2580943078752184,0.2573236948176115,0.25452123678361466,0.25384728662325956,0.253580625465091,0.2546466124113831,0.2530190040551464,0.2496763885276269,0.24969345705384993],"train_acc":[0.8007592592592593,0.8519444444444444,0.8645185185185185,0.8708148148148148,0.8750185185185185,0.8781296296296296,0.8807222222222222,0.8840925925925925,0.8850925925925925,0.8872777777777778,0.8883888888888889,0.8890185185185185,0.8921481481481481,0.8922407407407408,0.8946666666666667,0.8945185185185185,0.8957777777777778,0.8964814814814814,0.8986481481481482,0.8987222222222222,0.8989444444444444,0.8991666666666667,0.9004814814814814,0.9011296296296296,0.9010555555555556,0.901425925925926,0.9021851851851852,0.9029814814814815,0.9035740740740741,0.901962962962963,0.9032222222222223,0.9043333333333333,0.9038888888888889,0.905962962962963,0.9052037037037037,0.9061296296296296,0.9056851851851851,0.9055,0.9072962962962963,0.9080925925925926],"val_loss":[0.4406021040989108,0.4260665126460356,0.35314009306435173,0.36194448015748204,0.3851944759139288,0.3376796473389726,0.35926036786413384,0.37266396016829617,0.33490957558895673,0.3399670594897229,0.32474813573606715,0.38554441338551243,0.3572788161880634,0.3409737215741156,0.3379870185901859,0.3134557392779418,0.330585987858254,0.4616376789020039,0.3701580767541027,0.33480830025682823,0.33978067475791823,0.3244913903739874,0.33289184270609434,0.3019679275764818,0.348345621869907,0.346537878235368,0.33481514961201897,0.2920705188890254,0.35201147815271727,0.30699320623884524,0.35108811106131205,0.3080849970590878,0.3216804907374676,0.31690078853435116,0.38404001319413594,0.33453780147530787,0.33177178799275037,0.32977435138762473,0.34980900043300106,0.3401594861254701]},"_wandb":{"runtime":134},"confusion_matrix_table":{"ncols":3,"nrows":100,"_type":"table-file","sha256":"76f7bc0fd53840a42f22b834d68b503c0ff323a5ad9c77d61507b18296378d72","size":2932,"artifact_path":"wandb-client-artifact://0lwwuj0l2bgji0i4octxbbmc5xzorw9xojc3zvtbnbsjrb5dan85drzy1omw8m33t3dyh8hom0lsdirl6d2w6xc7gd1ystvjrzj6d8q42ljvkm3v55e52lgj8d87ja8d/confusion_matrix_table.table.json","_latest_artifact_path":"wandb-client-artifact://zgip8vk7ep3ituqg2fesuuqp9w1er6152ardswc007xgecfs27br1101chmk4co8hfxsoig796uein5235cqztq73cnryyk8z7mmupakpd2qkx1ccejmcsphs5gpi9f4:latest/confusion_matrix_table.table.json","path":"media/table/confusion_matrix_table_43_76f7bc0fd53840a42f22.table.json"},"train_accuracy":0.9080925925925926,"total_training_time":133.30751061439514,"_timestamp":1.7413470410683877e+09,"_runtime":134.468463769,"val_accuracy":0.8815,"train_loss":0.24969345705384993,"_step":43,"epoch":40,"test_accuracy":0.8721,"val_loss":0.3401594861254701}