{"_timestamp":1.7412019571039686e+09,"val_accuracy":0.882,"train_accuracy":0.8813888888888889,"epoch_time":5.915409326553345,"test_accuracy":0.8695,"_wandb":{"runtime":29},"_step":8,"train_loss":0.32720014551079596,"val_loss":0.32339664901234494,"confusion_matrix_table":{"sha256":"b43d41c49104b1c404dabdfc7bc4e450e8dd458c1a28d85eaebfd152762d51ba","size":2931,"artifact_path":"wandb-client-artifact://3et83ipbffydjr4ogvft7q1ca0p5i9qlvxk82wuh9s3iulviuzd9uaxagy5otyg065g9y3jqvcs1r55ndmdxnp33q9w9x3eaz32susi0ozl23yl8l400y4fqriybehla/confusion_matrix_table.table.json","_latest_artifact_path":"wandb-client-artifact://5qgw9khm0gm1pitow0sl1uc3md5c92sqydt9iaujjlxz1wm647u2rt86eqa5dyz2igbt91uzyef6ooef33ivnfs1x70qycbp2lmwasyb1c0v3kpji7rusa2lwsw3nfop:latest/confusion_matrix_table.table.json","path":"media/table/confusion_matrix_table_8_b43d41c49104b1c404da.table.json","ncols":3,"nrows":100,"_type":"table-file"},"Model Run history":{"val_loss":[0.4058657306882707,0.34421271287482197,0.37634618130690545,0.3288091395311941,0.32339664901234494],"val_acc":[0.8486666666666667,0.8701666666666666,0.8563333333333333,0.8793333333333333,0.882],"train_loss":[0.4929043856995527,0.37911601702526565,0.3503104579350936,0.3370300847052364,0.32720014551079596],"train_acc":[0.8245185185185185,0.8612037037037037,0.8712037037037037,0.8763518518518518,0.8813888888888889]},"_runtime":29.491163367,"total_training_time":28.208672523498535,"epoch":5}