{"confusion_matrix_table":{"size":2933,"artifact_path":"wandb-client-artifact://ofww5rh04oi7ges81eszy45rxbaxsd2h0b5w7msnq9r2277au9m7z6q6l6h0fdk70oe6i58u7nu7o3galbjuo4kqhsep3drd53t4cv7ypuue7sq7pfj6qmzfmjrjio64/confusion_matrix_table.table.json","_latest_artifact_path":"wandb-client-artifact://a590bthai5mbo0qk5m3j0y33i7h43d017mkh1lflc3xyeex63q9bpnykoifaaxq95z8cnbgx8t7zw8ff1ln23qqpqx939v23de41w33nfud2gwdpdibgwbe71y9c7tie:latest/confusion_matrix_table.table.json","path":"media/table/confusion_matrix_table_13_48d5b0c61632eae07fe6.table.json","ncols":3,"nrows":100,"_type":"table-file","sha256":"48d5b0c61632eae07fe6a2d84c3eb3fb1116024171709382890c139e3e12029e"},"_timestamp":1.7412414807196078e+09,"val_loss":0.3797403692671039,"epoch":10,"_step":13,"_runtime":19.339233529,"train_loss":0.2999495818002082,"val_accuracy":0.8721666666666666,"total_training_time":18.20272994041443,"test_accuracy":0.8648,"Model Run history":{"train_acc":[0.7914629629629629,0.848462962962963,0.8617037037037037,0.8688333333333333,0.873462962962963,0.8786481481481482,0.8818518518518519,0.8854814814814815,0.8859814814814815,0.8897962962962963],"val_loss":[0.4827505263804488,0.4711892942794534,0.40928117709958056,0.3807642670858336,0.3689776014615871,0.39651236963218967,0.35842842320824153,0.41876016490205664,0.3602042415104779,0.3797403692671039],"val_acc":[0.819,0.8266666666666667,0.852,0.864,0.8706666666666667,0.8623333333333333,0.8746666666666667,0.8493333333333334,0.8775,0.8721666666666666],"train_loss":[0.6027137670411704,0.4245406469472632,0.3859749759867072,0.3628797949262668,0.3463635426016254,0.33458911779055256,0.32346459489962875,0.31471886886831857,0.3064952151392816,0.2999495818002082]},"epoch_time":2.682497501373291,"train_accuracy":0.8897962962962963,"_wandb":{"runtime":19}}