{"val_accuracy":0.881,"_wandb":{"runtime":48},"_timestamp":1.741195311663205e+09,"_step":8,"confusion_matrix_table":{"_type":"table-file","sha256":"2c8e9bcff6334fe5a24539510f6b9c580a2b0211032e3ae34d03e8e637e0b47d","size":2931,"artifact_path":"wandb-client-artifact://mph5hvcmgslrceubxlncuene988jyvm3ah4tnzesb80oqmtkhcfnz4kg24ak4sd7mfvhshwulwqw7todcoe7lklt3ezo5en9k7yh8pykbuuo0mcjzfva5ps9kr4w6tcf/confusion_matrix_table.table.json","_latest_artifact_path":"wandb-client-artifact://f85gd6jyacahsq1jnq1xgz3isaz592rvmaxp4b6iafbwo39hgnyst41hyb6n3jm13ua2zojz13rzxfzi43rzur1pct2d8k0nkfna4f7fikdy9kgolo25r1gcqr87fzto:latest/confusion_matrix_table.table.json","path":"media/table/confusion_matrix_table_8_2c8e9bcff6334fe5a245.table.json","ncols":3,"nrows":100},"_runtime":48.062913114,"total_training_time":46.7770881652832,"train_accuracy":0.8852222222222222,"epoch_time":9.487693309783936,"test_accuracy":0.8707,"Model Run history":{"train_loss":[0.5061836099866778,0.38240144320005776,0.34494876007763137,0.32471313210653185,0.30491201367631976],"train_acc":[0.8166111111111111,0.8572222222222222,0.8715,0.8791296296296296,0.8852222222222222],"val_loss":[0.4055197469094152,0.3611113006376477,0.34260588820713506,0.35586651955323473,0.3238043778136552],"val_acc":[0.8491666666666666,0.8686666666666667,0.8785,0.8741666666666666,0.881]},"train_loss":0.30491201367631976,"epoch":5,"val_loss":0.3238043778136552}