{"val_accuracy":0.8645,"Model Run history":{"train_acc":[0.8102592592592592,0.8495555555555555,0.8546296296296296,0.857,0.8611666666666666,0.8617962962962963,0.8626111111111111,0.8647407407407407,0.864537037037037,0.8645555555555555],"val_loss":[0.46210851475457354,0.4305117597588513,0.41531758041185507,0.41009459958761024,0.4209564677071636,0.3980906728917175,0.4115056826561682,0.3940824767741254,0.3930800681280321,0.3979885769056118],"val_acc":[0.8395,0.8498333333333333,0.8568333333333333,0.8583333333333333,0.8528333333333333,0.8635,0.8576666666666667,0.8625,0.8666666666666667,0.8645],"train_loss":[0.5664105377507691,0.4403545510182652,0.42502121509569896,0.414018942020924,0.4075873808978604,0.40148567076926295,0.40141993303930495,0.3966789895917842,0.3936237032593853,0.3934041652266146]},"_wandb":{"runtime":15},"val_loss":0.3979885769056118,"epoch":10,"confusion_matrix_table":{"path":"media/table/confusion_matrix_table_13_a97173e60afde0083942.table.json","ncols":3,"nrows":100,"_type":"table-file","sha256":"a97173e60afde008394278700dfda53c93a79ebc9349141b6a9643157b67fa2c","size":2932,"artifact_path":"wandb-client-artifact://3x3pnxadba7ouwrp488akf1dfg21lmphru0y5bt4lekw6g8sdgpn250267blqznv98bc7yrtbr0y5j8vncio7k6zlm2zipcaxz42akbynizuhkfqu66tl97luja5ohs9/confusion_matrix_table.table.json","_latest_artifact_path":"wandb-client-artifact://4a717wydsjv2pn71e9svh2imgikvgz2i2mlt8yaavcfrd9y3kcfbj0ex0ep18ycy4k8swzej9kiuahdocyg3938k8roppju8915exmd16wve5bdnhrb34nblh9eaiatg:latest/confusion_matrix_table.table.json"},"total_training_time":14.035984754562378,"train_loss":0.3934041652266146,"_timestamp":1.7411927372956493e+09,"test_accuracy":0.852,"_step":13,"train_accuracy":0.8645555555555555,"_runtime":15.090793308,"epoch_time":1.2481532096862793}