{"epoch":5,"Model Run history":{"train_acc":[0.9062037037037037,0.9481296296296297,0.9592777777777778,0.9632407407407407,0.9673148148148148],"val_loss":[0.19355049057917362,0.1635725558473972,0.13724892229037497,0.12401767976262755,0.1224473125733546],"val_acc":[0.9416666666666667,0.9475,0.9545,0.9611666666666666,0.963],"train_loss":[0.324141741243679,0.1749118082934886,0.14136498270490858,0.12513466590528394,0.11268289346002218]},"_wandb":{"runtime":14},"train_loss":0.11268289346002218,"confusion_matrix_table":{"artifact_path":"wandb-client-artifact://muaxykzh6yag3fd5fnjolqscxf157ck7qlvpjeoj013ofzc37c1lisus3dm5nw9qnsh0nhjqknn31qnn1iiooempl7o788o71v8sgd4qkrhkkn62edpqr2ki1biabivy/confusion_matrix_table.table.json","_latest_artifact_path":"wandb-client-artifact://n695eso1n1n4khis50l97heu557tsm658yfzbpxyp6y5vj3rhmw6go4hi9w6jmnftahwfrp6id1ct2soxobng5erqadg1ubrmoj3p2e03gi23bfv5q29nmtgr0dfeyt1:latest/confusion_matrix_table.table.json","path":"media/table/confusion_matrix_table_8_77bdf86498139fafa0cc.table.json","ncols":3,"nrows":100,"_type":"table-file","sha256":"77bdf86498139fafa0cc552096b0e25bd571f1ee0c5a26cf523aec96ef3da847","size":1794},"val_accuracy":0.963,"epoch_time":2.530757188796997,"train_accuracy":0.9673148148148148,"total_training_time":13.202435731887817,"_timestamp":1.7422135550371044e+09,"_step":8,"test_accuracy":0.9604,"_runtime":14.224212836,"val_loss":0.1224473125733546}