{"epoch":5,"train_loss":0.3133346079128016,"test_accuracy":0.8663,"_runtime":21.652654451,"total_training_time":20.319737434387207,"confusion_matrix":{"format":"png","width":1000,"height":800,"_type":"image-file","sha256":"fb3e61b4ec83f43bdbe0279d2c82fe7f59bdb0b102e591daca721454a57dd204","size":59565,"path":"media/images/confusion_matrix_7_fb3e61b4ec83f43bdbe0.png"},"_timestamp":1.740912567197847e+09,"train_accuracy":0.88404,"val_loss":0.3501167364004342,"_step":7,"_wandb":{"runtime":21},"epoch_time":4.986355543136597,"val_accuracy":0.8739}