{"train_loss":0.3375100118203119,"train_accuracy":0.87876,"confusion_matrix":{"format":"png","width":1000,"height":800,"_type":"image-file","sha256":"49290f574a14fb42e715f5b78fad0b51d0778baddb5c039f48aa46dd4e38722d","size":59879,"path":"media/images/confusion_matrix_7_49290f574a14fb42e715.png"},"_wandb":{"runtime":26},"_timestamp":1.7409116609973762e+09,"test_accuracy":0.852,"epoch":5,"_runtime":26.744458011,"val_accuracy":0.8661,"total_training_time":25.57984948158264,"epoch_time":5.00454568862915,"val_loss":0.3776314095524105,"_step":7}