{"_timestamp":1.741241737614691e+09,"_wandb":{"runtime":24},"_runtime":24.250869473,"val_loss":0.3856491056563159,"Model Run history":{"train_loss":[0.5359240652286316,0.40060393658530274,0.3672329119315393,0.34691191049421777,0.33122110830393137,0.3207136981405679,0.31244705532198597,0.30130618278479915,0.29496747194919226,0.28727919996051704],"train_acc":[0.8117962962962963,0.8564814814814815,0.8673518518518518,0.8733518518518518,0.8789814814814815,0.881962962962963,0.8860370370370371,0.8890925925925925,0.8898888888888888,0.8945185185185185],"val_loss":[0.46593322239147333,0.39273796116946685,0.37356867713935854,0.35630362422605877,0.3547395839352136,0.3482256810230631,0.3733823778335838,0.3480321054868978,0.3569890075828549,0.3856491056563159],"val_acc":[0.834,0.8561666666666666,0.8691666666666666,0.8753333333333333,0.8731666666666666,0.8711666666666666,0.8618333333333333,0.8728333333333333,0.874,0.8645]},"test_accuracy":0.8525,"confusion_matrix_table":{"size":2933,"artifact_path":"wandb-client-artifact://osyr0rb8mdpkn3ybdnt4ieb1dqnuak5x8kfzvvecpyw7mqg4krrr9cj3hf206ozk65uqhgr8cp9il57f44ggzb2xqjqxr3ela6s0m1ry3urgem7ys76q35forlb9cnqx/confusion_matrix_table.table.json","_latest_artifact_path":"wandb-client-artifact://pk37s8o91uqk13wc16i4yscko73gdgo5s67833jrcly08l1ttgeo9efs8bx5zedytu2za6iljpdlx6g926lqxxryy5l6ae1edy3ir8wyys77yv7yvgp6qjsizvcz8e2d:latest/confusion_matrix_table.table.json","path":"media/table/confusion_matrix_table_13_ff285cdf77a43b8ba83e.table.json","ncols":3,"nrows":100,"_type":"table-file","sha256":"ff285cdf77a43b8ba83e45b2b751b339a224edf62ead4c81715b1af025da5602"},"epoch_time":2.684290885925293,"_step":13,"epoch":10,"train_loss":0.28727919996051704,"total_training_time":23.094402551651,"val_accuracy":0.8645,"train_accuracy":0.8945185185185185}