{"val_loss":0.35547112397167885,"val_accuracy":0.8725,"_runtime":35.072179592,"_wandb":{"runtime":35},"epoch":5,"train_loss":0.33995628855814347,"epoch_time":5.6466920375823975,"test_accuracy":0.8654,"total_training_time":33.96908688545227,"confusion_matrix":{"width":1000,"height":800,"_type":"image-file","sha256":"fa4d94549740b4ac0a99799818b72435dc0f3614f671c27f15ac0fdc6413b40a","size":61433,"path":"media/images/confusion_matrix_7_fa4d94549740b4ac0a99.png","format":"png"},"train_accuracy":0.87732,"_step":7,"_timestamp":1.7409122383124733e+09}