{"epoch_time":2.2513949871063232,"val_accuracy":0.9641666666666666,"test_accuracy":0.9688,"total_training_time":24.392961502075195,"_wandb":{"runtime":25},"train_loss":0.09195639576451511,"Model Run history":{"train_loss":[0.3162750089860666,0.16960702319227336,0.1380864255631798,0.12289772948001891,0.1133122194823592,0.1066575169028284,0.10217937758805092,0.09736152519125864,0.09454293158232825,0.09195639576451511],"train_acc":[0.9125925925925926,0.9518148148148148,0.9606666666666667,0.9642962962962963,0.9672222222222222,0.9701481481481481,0.9708703703703704,0.9722222222222222,0.9732962962962963,0.9738703703703704],"val_loss":[0.1970017977614025,0.15696959753161774,0.1492345414613768,0.13679640402760423,0.13216104991938,0.12487672392960263,0.11781356163832403,0.11673051177011792,0.1162313366820897,0.11250087372795549],"val_acc":[0.9403333333333334,0.9511666666666667,0.9535,0.9586666666666667,0.9586666666666667,0.9621666666666666,0.966,0.9613333333333334,0.9625,0.9641666666666666]},"val_loss":0.11250087372795549,"confusion_matrix_table":{"_latest_artifact_path":"wandb-client-artifact://igrvob9r08o8b2grlilu0fppet9p2h9298dwnq7b8xp3agpxoibdkcqtei84cwi36xpvtepqdf78afiw7kxzl2m4763by3s6lhjqmc9kq6wxvnab8a0djbvqt7i6ps1m:latest/confusion_matrix_table.table.json","path":"media/table/confusion_matrix_table_13_5557c444a829da73dcda.table.json","ncols":3,"nrows":100,"_type":"table-file","sha256":"5557c444a829da73dcda0d82572153857eefb3e406a6ec2aa790c2f902d2253a","size":1789,"artifact_path":"wandb-client-artifact://ysyj24s1c49xzebstp8zel5dgtqgcipg2f8fp1bu52tconlxpx0egv5h7zxlz6y895gndw9wh5nuyt1q7chsjdgifgquyhxw8ip019ilvvdsccj7h3y9jj8lcafskums/confusion_matrix_table.table.json"},"_runtime":25.493821918,"epoch":10,"_timestamp":1.7422143700854576e+09,"train_accuracy":0.9738703703703704,"_step":13}