{"_wandb":{"runtime":19},"val_loss":0.34019631603944583,"epoch_time":1.6455509662628174,"epoch":10,"_runtime":19.607436629,"_step":12,"confusion_matrix":{"height":800,"_type":"image-file","sha256":"e5d18ff55ab3b9d8a8671c566947bc39783b6e64861954d646f6092e2efd7bac","size":60893,"path":"media/images/confusion_matrix_12_e5d18ff55ab3b9d8a867.png","format":"png","width":1000},"_timestamp":1.7409087653121312e+09,"train_loss":0.2556232143597211,"total_training_time":18.47024393081665,"train_accuracy":0.9042,"test_accuracy":0.8736,"val_accuracy":0.8808}