{"_wandb":{"runtime":1805},"val_accuracy":0.8641666666666666,"val_loss":0.3727620718489633,"train_loss":0.3876839082788992,"epoch_time":883.0834496021271,"epoch":2,"_timestamp":1.7410919184821157e+09,"confusion_matrix":{"height":800,"_type":"image-file","sha256":"d2e1decdb6417e85de28d2e5671ecc2f2cf77ce8a1ace0d9f4d3e10db133e199","size":60182,"path":"media/images/confusion_matrix_4_d2e1decdb6417e85de28.png","format":"png","width":1000},"total_training_time":1788.8619606494904,"_runtime":1805.167899919,"train_accuracy":0.8577407407407407,"test_accuracy":0.8514,"_step":4}