{"val_accuracy":0.8571666666666666,"_runtime":30.082392033,"test_accuracy":0.8459,"_wandb":{"runtime":30},"train_accuracy":0.8571851851851852,"Model Run history":{"val_loss":[0.6078205131489443,0.5214188863780211,0.4894347608909355,0.4699565568035141,0.4822672962298372,0.4462834951811338,0.44888057375110907,0.4322836789071073,0.4444436907387494,0.41954507168276345],"val_acc":[0.7935,0.8223333333333334,0.8311666666666667,0.84,0.8303333333333334,0.847,0.8436666666666667,0.849,0.8446666666666667,0.8571666666666666],"train_loss":[0.8718627051841807,0.5746420826846845,0.5193434627738278,0.490358207361242,0.4714588611753394,0.4572393315100481,0.4471209678310361,0.4382289449000367,0.4324102073112747,0.4251996209952056],"train_acc":[0.7268703703703704,0.8127962962962964,0.8303333333333334,0.8370185185185185,0.8425370370370371,0.8473518518518518,0.8515925925925926,0.8534444444444444,0.8560740740740741,0.8571851851851852]},"epoch_time":3.1347646713256836,"_step":13,"epoch":10,"_timestamp":1.7412399877019303e+09,"train_loss":0.4251996209952056,"confusion_matrix_table":{"_latest_artifact_path":"wandb-client-artifact://0kej8z1urlunlv7d529ez4y7084p8frmt2fy6yh71xal3w2zs4y1wh5zc6s07ztjihk4bi077ef0sclpjexue59gizdg5g4accl30a0zw4q2lbokl739cakgxu9loh5d:latest/confusion_matrix_table.table.json","path":"media/table/confusion_matrix_table_13_2995ca3d3773cac3ac50.table.json","ncols":3,"nrows":100,"_type":"table-file","sha256":"2995ca3d3773cac3ac50bd984563afb83da901b1b701edcd4e16819f01b46e5c","size":2938,"artifact_path":"wandb-client-artifact://na0uj0ztayq96zcd9s5ddtvh6zlc0ss5jot1p5nq3fc4aqljq5r64xbral5mlrjubmgg0x1a8dswumstw6ncgchpfu778vasc11ilygl0or7eulcrow3e7caymorzkau/confusion_matrix_table.table.json"},"total_training_time":28.68412971496582,"val_loss":0.41954507168276345}