{"_runtime":167.774835184,"_wandb":{"runtime":167},"epoch_time":4.216475486755371,"train_accuracy":0.9303888888888889,"train_loss":0.19469905543811386,"confusion_matrix_table":{"path":"media/table/confusion_matrix_table_43_d1e8f21dee18ead8c086.table.json","ncols":3,"nrows":100,"_type":"table-file","sha256":"d1e8f21dee18ead8c086c8f527056ed7d43254e0687e536ef6c34cc4a1693afb","size":2928,"artifact_path":"wandb-client-artifact://ky8pcjryyo7ox9ymasiqk1rwy0v0i8mgi13fmbha6ajts9un73zhlap2qu9uc1xo4icu5eplphscmvvcmhsy7vwvvekwgznen9wq9djytjmajjjn2g9fyghdjkd4pee5/confusion_matrix_table.table.json","_latest_artifact_path":"wandb-client-artifact://edsfkvtbvnepioxhh359ah0351f93m9ig9fm77o16qmxf9y3a1qum5aelpw7qybh62nqnh78jqu3w08jsovu6ryhjxpp4zsvh5j5iavhpf6ztf397idn6hqow3v9q7d8:latest/confusion_matrix_table.table.json"},"val_accuracy":0.892,"epoch":40,"total_training_time":166.6103539466858,"_timestamp":1.7413585972578895e+09,"_step":43,"val_loss":0.30530035925440313,"test_accuracy":0.8838,"Model Run history":{"train_loss":[0.6643705330760018,0.46465793448610393,0.41675699257924886,0.3882601595527838,0.36893102868313715,0.3526680853649323,0.3399487550524517,0.33009599535972456,0.32077447868819864,0.312135521909021,0.3062140635867376,0.29815380570824207,0.2907537846013745,0.28707047760499954,0.2812373363503979,0.27599359080264846,0.27216028440869966,0.2670491250847841,0.261302755473419,0.2579702420034154,0.25345970141116864,0.24966323370243582,0.24562393853507955,0.24209542270868928,0.238923649917685,0.23427225741433116,0.23148385933506554,0.22806193699998709,0.22537787012108837,0.2217670115932515,0.2187633037427587,0.2167861733868633,0.21298912793708374,0.21034660002885336,0.20719429685140012,0.20497182616314033,0.20206915700765823,0.20073723687950817,0.1964044452117645,0.19469905543811386],"train_acc":[0.7742222222222223,0.8370555555555556,0.8540555555555556,0.8627962962962963,0.8696296296296296,0.8748148148148148,0.8792407407407408,0.8828148148148148,0.8857222222222222,0.8884444444444445,0.8898703703703704,0.8931851851851852,0.8956296296296297,0.8973703703703704,0.8988333333333334,0.900425925925926,0.9017222222222222,0.9035740740740741,0.9056851851851851,0.9067222222222222,0.9093888888888889,0.9099814814814815,0.9117407407407407,0.9124814814814814,0.9136481481481481,0.9151481481481482,0.9169814814814815,0.9178333333333333,0.9203333333333333,0.9208518518518518,0.9209814814814815,0.9213333333333333,0.9234814814814815,0.9251296296296296,0.9257407407407408,0.9264444444444444,0.9279814814814815,0.9267407407407408,0.9295,0.9303888888888889],"val_loss":[0.5614891446973904,0.4349399841975957,0.41018335965353975,0.3808417765104576,0.3614524083247507,0.355353875060796,0.3450444778610574,0.33562317090680677,0.3344092734712293,0.3386843588376687,0.32115390724326764,0.38166233183023474,0.32776107530773924,0.3184676660774842,0.3209566323633474,0.3242415406004277,0.326854012009488,0.3157182370966369,0.3586379353280962,0.2979609903831762,0.3471493628655607,0.33368585092012876,0.31446217258716946,0.3171668781744513,0.2964837019657076,0.30163559556938985,0.29216713357691765,0.3059949451339014,0.3017662682575123,0.3229458303540417,0.29839438606524027,0.3211349839459901,0.31000909165189433,0.29395826709011336,0.3256545342437214,0.313769624442444,0.3374131250156746,0.2899312190846279,0.35696809438596294,0.30530035925440313],"val_acc":[0.8045,0.8435,0.8463333333333334,0.86,0.867,0.8688333333333333,0.869,0.8768333333333334,0.8771666666666667,0.8755,0.8838333333333334,0.8541666666666666,0.8795,0.883,0.8805,0.8813333333333333,0.8796666666666667,0.8823333333333333,0.8693333333333333,0.8911666666666667,0.8745,0.883,0.884,0.8805,0.892,0.891,0.8943333333333333,0.8878333333333334,0.8875,0.885,0.8903333333333333,0.8821666666666667,0.8945,0.8956666666666667,0.8845,0.8886666666666667,0.8788333333333334,0.8963333333333333,0.8801666666666667,0.892]}}