{"_step":7,"train_accuracy":0.88124,"epoch_time":3.318952798843384,"val_accuracy":0.8767,"_wandb":{"runtime":16},"test_accuracy":0.8701,"epoch":5,"_runtime":16.426316351,"train_loss":0.32698247997927915,"_timestamp":1.74091201639779e+09,"total_training_time":15.288511514663696,"val_loss":0.344359081466473,"confusion_matrix":{"sha256":"65a03cafe375df0f6fd6db05f8d777739260d9c2f3282171a8eb314cd7d31a78","size":59653,"path":"media/images/confusion_matrix_7_65a03cafe375df0f6fd6.png","format":"png","width":1000,"height":800,"_type":"image-file"}}