{"test_accuracy":0.8509,"train_accuracy":0.8952777777777777,"_timestamp":1.7413627560127718e+09,"val_accuracy":0.862,"train_loss":0.28862860776982513,"Model Run history":{"val_acc":[0.8518333333333333,0.8545,0.8655,0.8558333333333333,0.878,0.8451666666666666,0.8705,0.872,0.8665,0.8686666666666667,0.8865,0.8596666666666667,0.8791666666666667,0.8648333333333333,0.8716666666666667,0.889,0.882,0.8751666666666666,0.8863333333333333,0.8678333333333333,0.8806666666666667,0.8715,0.8716666666666667,0.869,0.8776666666666667,0.8633333333333333,0.8793333333333333,0.8633333333333333,0.8828333333333334,0.8776666666666667,0.8635,0.8768333333333334,0.8751666666666666,0.8765,0.8875,0.8738333333333334,0.8833333333333333,0.8606666666666667,0.8781666666666667,0.862],"train_loss":[0.5419169853046503,0.4208270076475133,0.38432454355578505,0.3654147494740103,0.35208966251385415,0.34385238895941533,0.33938533855462205,0.3335181456545864,0.3285643091290797,0.3217714038551324,0.32109485181428526,0.31386098861832684,0.3115247773641936,0.31390561555356583,0.30853135275658106,0.3060874789138241,0.306585972321533,0.3044104696165669,0.30206943755256754,0.3028994546326696,0.30136250599752223,0.29951885443094795,0.29931519051284544,0.2983365465809753,0.29830742988978376,0.29470914455995223,0.29459154993211684,0.2949906208345841,0.296907165991587,0.2947905551541875,0.29187110338530503,0.29442690786700637,0.29028179766869555,0.2942774471097128,0.29238304466012105,0.2906097521789783,0.2928472954774927,0.2895886982440313,0.2862880660696303,0.28862860776982513],"train_acc":[0.8101296296296296,0.8500925925925926,0.8633703703703703,0.8683333333333333,0.8724074074074074,0.8756666666666667,0.8782592592592593,0.8796296296296297,0.8815740740740741,0.8828148148148148,0.8831296296296296,0.8844814814814815,0.8868148148148148,0.8855,0.8877222222222222,0.8882777777777778,0.8876851851851851,0.8883333333333333,0.8892777777777777,0.8889444444444444,0.890537037037037,0.8919074074074074,0.8899814814814815,0.8904814814814814,0.8907962962962963,0.8918888888888888,0.8928148148148148,0.8927222222222222,0.891962962962963,0.8938333333333334,0.8933888888888889,0.8926296296296297,0.8936666666666667,0.8929444444444444,0.8941111111111111,0.895,0.8941666666666667,0.8936851851851851,0.895074074074074,0.8952777777777777],"val_loss":[0.3925835772965926,0.3924755094322285,0.3681816730541036,0.3829172590848653,0.34194462920985347,0.4093363273914846,0.3470698536132574,0.34170057481679905,0.35101970427094675,0.3721338511048742,0.31120799878493416,0.38267629156896127,0.33309960455716286,0.361763780802019,0.353804445109646,0.3050783097131556,0.32290148485504977,0.33466816281070777,0.3232976910667159,0.3660889426444337,0.3320101816180044,0.35202400217190527,0.35433313543485434,0.34754001566738524,0.3341382173779682,0.3704138269558464,0.3435178243357197,0.37962787994634967,0.32237335626645136,0.33742602996065607,0.37015562276549896,0.3328410878431037,0.34004092599769103,0.33699887297928405,0.314370749960379,0.3445705010498799,0.32480993334904223,0.418800939956431,0.32321503752798475,0.3776074477199907]},"_wandb":{"runtime":313},"epoch":40,"_runtime":313.61558492,"total_training_time":312.2417757511139,"epoch_time":7.547572374343872,"_step":43,"val_loss":0.3776074477199907,"confusion_matrix_table":{"artifact_path":"wandb-client-artifact://gn2qvh29dw2zlg33gfagsk8w5qbwbz8zy4z3ddcibwcoz2dex7gud7hff1fm7rm804i9ifc73ton12xewssykolqq94qbjvs6yugyjr9a89anj6ezzmgf75vcg7tdn3f/confusion_matrix_table.table.json","_latest_artifact_path":"wandb-client-artifact://f1q3bjbc5ashjfznkgkyjqkm4f19ynikjmx2bun5p5cemhn5i5vpl2nc4logi0cjls6q6ebjt94gqevuqdoalzvfhqesb1o5f11n3bdv238r5tpil8y54t2j8c2lsciq:latest/confusion_matrix_table.table.json","path":"media/table/confusion_matrix_table_43_37402588e31285878e84.table.json","ncols":3,"nrows":100,"_type":"table-file","sha256":"37402588e31285878e844907e36238f2caccb48e6ee063411f116aae8f05e837","size":2930}}