{"_runtime":5.537187226,"train_loss":0.394502669661558,"confusion_matrix":{"_type":"image-file","sha256":"36e272a2317d8f65aec5ff9cdd328c809c40934acf98a62db504d004873fe8c3","size":61207,"path":"media/images/confusion_matrix_4_36e272a2317d8f65aec5.png","format":"png","width":1000,"height":800},"epoch_time":2.357421398162842,"_timestamp":1.7410056335964646e+09,"_step":4,"val_accuracy":0.8603333333333333,"total_training_time":4.336282968521118,"_wandb":{"runtime":5},"val_loss":0.38347826967951415,"train_accuracy":0.8563518518518518,"epoch":2,"test_accuracy":0.8574}