{"epoch_time":5.222614765167236,"Model Run history":{"train_loss":[3.5807357338341217,10.508868857493484,22.272254770053763,41.45682520775626,71.56568666397135,117.76176067813475,165.13063431451786,207.875714326325,234.61665580087646,258.35637018565797],"train_acc":[0.2873703703703704,0.36514814814814817,0.44957407407407407,0.5382777777777777,0.4719259259259259,0.18348148148148147,0.1443148148148148,0.25835185185185183,0.3175925925925926,0.2921111111111111],"val_loss":[1.8399602961224613,1.709909412542718,1.5261869441760378,1.6497360314936933,2.222937207270494,3.035079791215127,3.096588985797353,2.9972242428594127,3.0259047517883526,3.1484237396382087],"val_acc":[0.37983333333333336,0.4066666666666667,0.5783333333333334,0.47483333333333333,0.32133333333333336,0.10333333333333333,0.16583333333333333,0.36233333333333334,0.2808333333333333,0.30083333333333334]},"train_accuracy":0.2921111111111111,"train_loss":258.35637018565797,"_wandb":{"runtime":50},"total_training_time":49.174365282058716,"test_accuracy":0.301,"confusion_matrix_table":{"artifact_path":"wandb-client-artifact://s29bvk75utfnbrt7rivu6bdja8vwgc2p6fh1dqr9f72bmm3hjsh2iy6wy5nx1e2muuote9hlxmqncnns35a2qnpowchzsfll8pwwfi5x4nhuaq2xp7uvhwsp89zfduja/confusion_matrix_table.table.json","_latest_artifact_path":"wandb-client-artifact://l0hybx66nssp5svzaj17kwfc9lgjmpj1ykuenxabjvk32wq4vv1pfy96tnpqceys68y4tb94xscjcgdd932zypjbcrsgkg21ivf0y59d6aw7b3z4v9p5ry1hxwb9m61r:latest/confusion_matrix_table.table.json","path":"media/table/confusion_matrix_table_13_e604ba74d8365cb5060c.table.json","ncols":3,"nrows":100,"_type":"table-file","sha256":"e604ba74d8365cb5060c728e12407c1b3ea73c6306ca3ce3e145e3c242495f19","size":2930},"val_loss":3.1484237396382087,"_step":13,"val_accuracy":0.30083333333333334,"epoch":10,"_timestamp":1.7412399493373477e+09,"_runtime":50.534913601}