{"_wandb":{"runtime":12},"train_loss":2.9784027001438806,"epoch":10,"val_loss":2.3126191584715543,"confusion_matrix_table":{"sha256":"b3515bce8f6dae82389de94652f30d5ff27ee645bc6fbe9a2c1f1a99041df0de","size":2912,"artifact_path":"wandb-client-artifact://ugswdyaa23ojkgqam8h4flaffkbunqfqlz7azdxglnkib2wdpwy9664gm32qmnsu2qfkb53lpf00ru5pas1hvtmrg128adsd8qa4rjkou9uy96l2kqleazab63au7twq/confusion_matrix_table.table.json","_latest_artifact_path":"wandb-client-artifact://lj8gww8u0zs6fyhdxm0bpiijqyp3slpt4vpxiid17jbgm58ibmkrt2n9fin4znd0spsa4kp6nnthw6d8rqzbuac8nyumo2nmumgjdl4ihxrlnfapux3orrsg29a2ctx2:latest/confusion_matrix_table.table.json","path":"media/table/confusion_matrix_table_13_b3515bce8f6dae82389d.table.json","ncols":3,"nrows":100,"_type":"table-file"},"train_accuracy":0.09988888888888889,"_step":13,"total_training_time":11.864366054534912,"_runtime":12.931304623,"Model Run history":{"train_loss":[2.315633982501186,2.325433586922644,2.338821368708686,2.3574680737536706,2.3910267961834046,2.466829054094279,2.5628467997574975,2.670629763127101,2.799335993435764,2.9784027001438806],"train_acc":[0.09992592592592593,0.10274074074074074,0.10594444444444444,0.099,0.10122222222222223,0.09918518518518518,0.09712962962962964,0.09837037037037037,0.1015925925925926,0.09988888888888889],"val_loss":[2.3040516058930534,2.3036008051466235,2.302543532991533,2.305357274902693,2.3048128020767398,2.30774203805529,2.3061439327564335,2.308147063362697,2.3103335933408093,2.3126191584715543],"val_acc":[0.0975,0.09733333333333333,0.10416666666666667,0.10416666666666667,0.10016666666666667,0.096,0.10016666666666667,0.044833333333333336,0.10416666666666667,0.096]},"val_accuracy":0.096,"_timestamp":1.7411926981546764e+09,"epoch_time":1.2088444232940674,"test_accuracy":0.1}