{"val_loss":0.29986655173629595,"test_accuracy":0.8855,"Model Run history":{"train_acc":[0.6753888888888889,0.8161111111111111,0.8371296296296297,0.8495555555555555,0.8579444444444444,0.863037037037037,0.8674814814814815,0.8709444444444444,0.8743888888888889,0.878462962962963,0.8824814814814815,0.8852962962962962,0.8863333333333333,0.8878703703703704,0.8917777777777778,0.8927592592592593,0.8953148148148148,0.8972592592592593,0.8996481481481482,0.9011851851851852,0.9022777777777777,0.9054629629629629,0.9048888888888889,0.9068888888888889,0.9081111111111111,0.9096666666666666,0.9106666666666666,0.9124444444444444,0.9141481481481482,0.9146296296296297,0.9162407407407407,0.9177407407407407,0.9191481481481482,0.9197407407407407,0.9203518518518519,0.9217037037037037,0.9234259259259259,0.924037037037037,0.9259074074074074,0.927037037037037],"val_loss":[0.579511029252804,0.5010883365717733,0.43091847265559524,0.4369040623241379,0.4522575059747515,0.40383897038268823,0.3979084733118574,0.4677079644839181,0.3498396989160608,0.35215351010822915,0.33767660253277865,0.3472841402434177,0.41561471939711203,0.3213732467852195,0.37144073452362036,0.3144655647859943,0.45082948869832606,0.33884361357067855,0.37759210727325127,0.32730066441818817,0.3231001210917074,0.3032950364224364,0.33229550858410717,0.3276941405641656,0.3057879162954366,0.32702910609201324,0.29493374786095605,0.3160660872359931,0.3036378644732349,0.3147294524948087,0.3119069390077954,0.29660913174122117,0.3093345884481794,0.29005135381968683,0.33928196247976444,0.3730565160244515,0.32451903580667574,0.2902157153638821,0.29829719081610434,0.29986655173629595],"val_acc":[0.789,0.8151666666666667,0.8448333333333333,0.8361666666666666,0.8326666666666667,0.8518333333333333,0.8495,0.8196666666666667,0.8756666666666667,0.8701666666666666,0.8745,0.8695,0.8446666666666667,0.8843333333333333,0.8593333333333333,0.885,0.842,0.8736666666666667,0.861,0.8846666666666667,0.883,0.8903333333333333,0.8816666666666667,0.8836666666666667,0.8885,0.8806666666666667,0.895,0.887,0.8925,0.8846666666666667,0.8866666666666667,0.8945,0.8935,0.8968333333333334,0.8741666666666666,0.8596666666666667,0.884,0.8975,0.8943333333333333,0.8936666666666667],"train_loss":[0.9202416331904439,0.5317640595847261,0.46800480686615636,0.43166132250544303,0.4071617102659425,0.3884187717106879,0.3737625807170754,0.36098713177901237,0.34830425658454905,0.33839296526844703,0.3290735485659201,0.320817091121392,0.3129622615654442,0.3070353987287123,0.29983920565845806,0.2949270409621337,0.2888761717876399,0.2822160151829985,0.2779757118050443,0.2724740177400603,0.26917092971335566,0.26295389893434784,0.2594158101983982,0.2565563061638251,0.25133770090149427,0.247965833446391,0.2433986374789801,0.24016479318039458,0.23656091506387653,0.23426378197060738,0.22947243031246847,0.22602747738024512,0.22285798906990853,0.22126473750046324,0.21949477754465868,0.21361157941118278,0.21058518378464122,0.21010472309538428,0.20504809038450664,0.20280723088433847]},"_wandb":{"runtime":209},"val_accuracy":0.8936666666666667,"epoch_time":3.766859292984009,"train_accuracy":0.927037037037037,"_timestamp":1.7413493721031256e+09,"_step":43,"confusion_matrix_table":{"artifact_path":"wandb-client-artifact://o3ta8z6is2v129wyab6gnbccmj9ggn5enh92nmz4nsgu794nio9fg0h0euzmp0gyqmhoe0psbfe4hjh0uosiznj56id5a9ubyr8hcmzsouf1d36xt2elbyzq3tglwtkm/confusion_matrix_table.table.json","_latest_artifact_path":"wandb-client-artifact://5gh2cmv2h429tce1bd2bu4367929kcd4iawmjb1tjr67q2khv06hizmgscxel4phs3nul1j4lh28z3qm9olmrf7xaig1x6b1yv3jyy7eql6pr6s45k0dm4nn20wgg2as:latest/confusion_matrix_table.table.json","path":"media/table/confusion_matrix_table_43_44311566a395e917ab87.table.json","ncols":3,"nrows":100,"_type":"table-file","sha256":"44311566a395e917ab8756d80f026d7d85dbca063019e0da15dbffd2cf93a638","size":2929},"train_loss":0.20280723088433847,"total_training_time":208.36411023139954,"_runtime":209.577287326,"epoch":40}