{"total_training_time":9.684109449386597,"Model Run history":{"train_acc":[0.9076481481481481,0.9503518518518519,0.9591481481481482,0.963574074074074,0.9670740740740741],"val_loss":[0.20351950297191693,0.14855754550157418,0.12954799697237115,0.1285529320215291,0.14004313617140857],"val_acc":[0.9363333333333334,0.9505,0.9591666666666666,0.9605,0.9558333333333333],"train_loss":[0.31035178436562694,0.168281489527267,0.13731088332319633,0.12288348156768747,0.11169524678372086]},"_runtime":10.748300931,"train_accuracy":0.9670740740740741,"_timestamp":1.7422139209347034e+09,"val_accuracy":0.9558333333333333,"test_accuracy":0.9599,"confusion_matrix_table":{"_latest_artifact_path":"wandb-client-artifact://pfr7n7810jchrh7q6qklakb1euybruzwjcp4jmttk93f13ucjqpy3b9njheeccx4tnwcan7l9wmxfly5088bnrs7yo7n91hww9egrxzb8rpv676mg0tiezi820emc6pr:latest/confusion_matrix_table.table.json","path":"media/table/confusion_matrix_table_8_0de6c3ec6586822b8431.table.json","ncols":3,"nrows":100,"_type":"table-file","sha256":"0de6c3ec6586822b84314862151353f36339c4da31e9a06fdeee7daa2b9cb230","size":1795,"artifact_path":"wandb-client-artifact://jymva52rq9f9n90bjv9sf47brf49s1i03rnb6b305pfaca7aavjl0nxpg53qq07eu4172ytz1xuw5wm3n57mjad1xzwaqj60h0darhfmf0qsuvtq3jmbi4ewt1iqkz8x/confusion_matrix_table.table.json"},"epoch":5,"val_loss":0.14004313617140857,"epoch_time":1.6231584548950195,"_wandb":{"runtime":10},"_step":8,"train_loss":0.11169524678372086}