{"Model Run history":{"train_acc":[0.805962962962963,0.8513333333333334,0.8636481481481482,0.8712222222222222,0.8763888888888889],"val_loss":[0.4321649956931776,0.3959310348060349,0.38303061474025585,0.36051495600187794,0.3485826333878329],"val_acc":[0.8466666666666667,0.8613333333333333,0.864,0.8706666666666667,0.8726666666666667],"train_loss":[0.5502286792843155,0.4110027645480618,0.37666514563006953,0.35426819934285014,0.3380395117737015]},"_runtime":23.368386756,"_timestamp":1.7411946937517354e+09,"val_accuracy":0.8726666666666667,"epoch_time":4.287613868713379,"train_loss":0.3380395117737015,"confusion_matrix_table":{"path":"media/table/confusion_matrix_table_8_96ea1c4cab3171d0a512.table.json","ncols":3,"nrows":100,"_type":"table-file","sha256":"96ea1c4cab3171d0a512b633b804c1d713b47a524228dd026939347f43a32775","size":2932,"artifact_path":"wandb-client-artifact://moewtioidf1n4wtrx2niecvn5z412ih4mzwwwvfqb6jchfjmtizszvczgcsn62o2e1mhd8b34tck4ojjhzubbkkf4pn7lmi32otjm70sjfy11kdx2587jfqms1qeccv1/confusion_matrix_table.table.json","_latest_artifact_path":"wandb-client-artifact://6axpysbttjoox64wu16asddfvb097bfvaccgoseuwl7x3ifb9xk8w0uzg2rtcru0aiiveosvkfre0nv3t8ovec99gv28pmxv44o0ckg221gbm1hdwlknc62r8eh7tphf:latest/confusion_matrix_table.table.json"},"_wandb":{"runtime":23},"train_accuracy":0.8763888888888889,"total_training_time":21.850486516952515,"test_accuracy":0.8628,"epoch":5,"val_loss":0.3485826333878329,"_step":8}