{"epoch":5,"_timestamp":1.7412024776822424e+09,"_runtime":22.763206815,"total_training_time":21.67381763458252,"val_accuracy":0.8816666666666667,"train_loss":0.2887480631427351,"train_accuracy":0.8924814814814814,"test_accuracy":0.8729,"_step":8,"val_loss":0.3229084595847334,"confusion_matrix_table":{"size":2929,"artifact_path":"wandb-client-artifact://u6uwiamya3ikkarwvy6elyh97ejsdto4juqw4mqgpdqtt2jlomq601l1726ei4lq6qfa1jwx8soit557siku0jb7bk75cl80qcnv2hs7qq4icj5ml2y8b38fncly6gn0/confusion_matrix_table.table.json","_latest_artifact_path":"wandb-client-artifact://f6hx8t5cbt5kvtd0h64837saywuqjteg8e1kfo9aqfvnqislkd8lofyfawoiwvihrb5d5envk38o80yms40dlczet5kc9g9rfdqrq9h5ivck0etn0m2iq4mqmjexk6b8:latest/confusion_matrix_table.table.json","path":"media/table/confusion_matrix_table_8_80621c6c6a2879c050d2.table.json","ncols":3,"nrows":100,"_type":"table-file","sha256":"80621c6c6a2879c050d2f1da17cb676c885290a51c6679c577c56bfdc282097c"},"_wandb":{"runtime":22},"epoch_time":3.755448579788208,"Model Run history":{"train_acc":[0.8292592592592593,0.8682962962962963,0.8789444444444444,0.8868518518518519,0.8924814814814814],"val_loss":[0.41487499095206226,0.3316926919899915,0.31587723322598116,0.3291717041237474,0.3229084595847334],"val_acc":[0.8425,0.8766666666666667,0.8823333333333333,0.8811666666666667,0.8816666666666667],"train_loss":[0.4776384088351019,0.3625620329480734,0.32663352329545814,0.30596137457752365,0.2887480631427351]}}