{"_wandb":{"runtime":31},"epoch":5,"_runtime":31.990835809,"_step":7,"train_loss":0.3689140234240288,"test_accuracy":0.8478,"total_training_time":30.250662326812744,"val_accuracy":0.8539,"confusion_matrix":{"height":800,"_type":"image-file","sha256":"256179a2e14292a76cb371232401e328960d71542cb22fd69f616bd728829df4","size":60872,"path":"media/images/confusion_matrix_7_256179a2e14292a76cb3.png","format":"png","width":1000},"train_accuracy":0.8692,"epoch_time":5.528651475906372,"_timestamp":1.740912144677085e+09,"val_loss":0.4031343980802925}