{"confusion_matrix_table":{"sha256":"d9b6115b93d7157360fcbcb5f2481c228fd24b60785753dcbae53700964dd163","size":2933,"artifact_path":"wandb-client-artifact://ljak6urqnkfbmmkv6dq9js8eybcunzaxvfs4s9u30p1g7j74aoqzgu34tgxy253dzj7183z70asevi948p4r52wu3x6zobambpj7a9276xx3bzrf29pksbtxenmq4fvf/confusion_matrix_table.table.json","_latest_artifact_path":"wandb-client-artifact://ydk34n8b7o694rng4fj8qo0r98wgtz344jpd0s1zao11gknriq5qc1zlda605cb4hww1w97plyxu3oz35re476dgrehjdpjtp8ehjg1a9731vky8541fwu87yho4b4o8:latest/confusion_matrix_table.table.json","path":"media/table/confusion_matrix_table_13_d9b6115b93d7157360fc.table.json","ncols":3,"nrows":100,"_type":"table-file"},"_runtime":23.697402742,"total_training_time":22.620464086532593,"epoch_time":2.2985637187957764,"train_accuracy":0.8702407407407408,"test_accuracy":0.8545,"_step":13,"Model Run history":{"train_loss":[0.8210641415809871,0.5332509104709486,0.47641768038285337,0.446089707804458,0.4240513949306825,0.40701141529778917,0.3954440785563799,0.3838831915215389,0.3736942136869737,0.367226463992996],"train_acc":[0.7245925925925926,0.8138703703703704,0.8338148148148148,0.8445,0.8511851851851852,0.8583888888888889,0.8619629629629629,0.8653518518518518,0.869037037037037,0.8702407407407408],"val_loss":[0.5661464238405232,0.5005809316180299,0.4531494160929029,0.43533571635477103,0.4290754671616597,0.4721439376553819,0.4043749526267384,0.40321586502869283,0.40063567698930014,0.3810281666618751],"val_acc":[0.7996666666666666,0.8226666666666667,0.8376666666666667,0.8451666666666666,0.849,0.8328333333333333,0.859,0.8561666666666666,0.8563333333333333,0.8703333333333333]},"_wandb":{"runtime":23},"epoch":10,"train_loss":0.367226463992996,"val_loss":0.3810281666618751,"val_accuracy":0.8703333333333333,"_timestamp":1.7412397662785616e+09}