{"train_accuracy":0.8950370370370371,"val_loss":0.33771985284271727,"_step":13,"val_accuracy":0.8808333333333334,"Model Run history":{"val_loss":[0.44058482081367695,0.385131736709921,0.3874516014385832,0.3701966522677446,0.3582366931733285,0.35883702721196875,0.3623688676917551,0.34583831782258856,0.35743288320080374,0.33771985284271727],"val_acc":[0.847,0.8655,0.864,0.8695,0.8716666666666667,0.8748333333333334,0.8768333333333334,0.8816666666666667,0.8733333333333333,0.8808333333333334],"train_loss":[0.5328991523001688,0.39860622633608833,0.36394066715587964,0.3441287921646934,0.3285999741574496,0.31526292118999955,0.3049689992233637,0.2984817744693491,0.28842859137959326,0.28377118319307365],"train_acc":[0.8172222222222222,0.8581296296296296,0.8678148148148148,0.8744074074074074,0.879,0.8830555555555556,0.8882592592592593,0.8906851851851851,0.892962962962963,0.8950370370370371]},"test_accuracy":0.8722,"epoch":10,"_wandb":{"runtime":28},"total_training_time":27.34604263305664,"train_loss":0.28377118319307365,"_timestamp":1.7412410849234276e+09,"epoch_time":3.105997085571289,"_runtime":28.580227222,"confusion_matrix_table":{"ncols":3,"nrows":100,"_type":"table-file","sha256":"1288221477529567def3c2bd8de66eade4c8caaba9d3ba88fdc988a125b1b02c","size":2928,"artifact_path":"wandb-client-artifact://76uayu0093k8ih5rtvfbvz0jwa3fma6i60hpnvp2jif9hp8b00vybxbsn6vqvv2snpramnznaynp80c0ayz1u2djqfbv47w1tby2bpuf8uh1trn02tko1gtwskkyrlel/confusion_matrix_table.table.json","_latest_artifact_path":"wandb-client-artifact://rqi2rv0z72jbzokyd62fd3hkctqglpvze8vgcnlkbyy95gjs6162hja6xhp12x30jw6u891nrl7yqgvkics4h8l9tk7b9snujmptmiedvucxqr4b67yjiam0oqv42lor:latest/confusion_matrix_table.table.json","path":"media/table/confusion_matrix_table_13_1288221477529567def3.table.json"}}