{"val_loss":2.3027108673375496,"train_accuracy":0.09738,"epoch_time":4.102988243103027,"_runtime":47.218415492,"_timestamp":1.740911065605319e+09,"_wandb":{"runtime":47},"train_loss":2.302720177799426,"val_accuracy":0.0955,"_step":12,"total_training_time":45.945061683654785,"confusion_matrix":{"_type":"image-file","sha256":"d718fd620d48d3de254bd7d6b123b64f2097c537aec1fda468eee27dd764429b","size":48048,"path":"media/images/confusion_matrix_12_d718fd620d48d3de254b.png","format":"png","width":1000,"height":800},"epoch":10,"test_accuracy":0.1}