{"epoch_time":3.2447524070739746,"val_loss":0.37620511986177296,"total_training_time":28.208129405975342,"confusion_matrix":{"size":61268,"path":"media/images/confusion_matrix_12_1879a0d968d081a72ea8.png","format":"png","width":1000,"height":800,"_type":"image-file","sha256":"1879a0d968d081a72ea8140633113d7ae58a28de4eb15b027a9bcd71e4ca670d"},"test_accuracy":0.8556,"_runtime":29.282072296,"train_loss":0.34038537631780746,"epoch":10,"train_accuracy":0.8764,"_step":12,"val_accuracy":0.8665,"_wandb":{"runtime":29},"_timestamp":1.740908845124558e+09}