{"val_loss":0.10400519290758706,"val_accuracy":0.969,"_step":13,"_wandb":{"runtime":17},"train_loss":0.06777261917386843,"train_accuracy":0.9789444444444444,"confusion_matrix_table":{"path":"media/table/confusion_matrix_table_13_486e6e465d0b638ba92f.table.json","ncols":3,"nrows":100,"_type":"table-file","sha256":"486e6e465d0b638ba92f8bf1858b4c8cc64ca6a0615e13adc5baa43e57f6c83e","size":1791,"artifact_path":"wandb-client-artifact://xu6jy5dud1ns5k8nx58h0tn6vica2hirkv5s2emms7ywptpk1kl4hsa3y142f8dn6kgom8bo33228hrcsto6i8oga638hrt7x5t2wc3m1alelv724pzygqn7wrmwu2i7/confusion_matrix_table.table.json","_latest_artifact_path":"wandb-client-artifact://m13kpz5kro9lpkhkxpbagfsx7obtafnk1rwfl1qq6ythba1ocrcxm5tqrdl986az61rgnaw1mq04s4nwtf78o071nk5t2win6i77m4a46z7jb5ozbbb1idnvxquybs8d:latest/confusion_matrix_table.table.json"},"_timestamp":1.7422146190501642e+09,"epoch":10,"test_accuracy":0.9674,"Model Run history":{"val_acc":[0.9416666666666667,0.9585,0.9615,0.96,0.9633333333333334,0.961,0.9633333333333334,0.9646666666666667,0.9663333333333334,0.969],"train_loss":[0.2987992761922769,0.15944389996618866,0.12861122151333806,0.112588535502892,0.10014926161226265,0.09201371636220082,0.08560816148584703,0.07777565030341918,0.07282353888376095,0.06777261917386843],"train_acc":[0.9098518518518518,0.9523888888888888,0.962037037037037,0.9659814814814814,0.9696851851851852,0.9719074074074074,0.9736481481481482,0.9759074074074074,0.9773888888888889,0.9789444444444444],"val_loss":[0.18081058443317652,0.1385313181106985,0.12277426072868809,0.13114723632544145,0.11694916721750809,0.12301061619892167,0.11729453497830865,0.12325464789159907,0.1042385464416193,0.10400519290758706]},"_runtime":17.134803792,"total_training_time":15.963215827941895,"epoch_time":1.7636582851409912}