{"confusion_matrix":{"_type":"image-file","sha256":"7579e9170ef95e2647dc39f0272d2598391ba946e664a53c1421ec35a67cfa02","size":66369,"path":"media/images/confusion_matrix_3_7579e9170ef95e2647dc.png","format":"png","width":1000,"height":800},"_step":3,"val_acc":0.569,"_timestamp":1.7407356433482285e+09,"_runtime":5.446097119,"val_loss":14.886212626206508,"train_loss":2.1638612641602757,"_wandb":{"runtime":5},"train_acc":0.56474,"test_accuracy":0.5598,"sample_predictions":{"path":"media/images/sample_predictions_2_523afd0bec6ff80b9a05.png","format":"png","width":1200,"height":300,"_type":"image-file","sha256":"523afd0bec6ff80b9a05d968287022099675580c97dd44eb378215e62bbecae0","size":20635},"epoch":1}