{"val_loss":0.36980597295699574,"train_loss":0.3441587600783354,"epoch_time":3.633192539215088,"total_training_time":21.88572645187378,"_step":7,"epoch":5,"val_accuracy":0.8641,"test_accuracy":0.8581,"_wandb":{"runtime":23},"train_accuracy":0.87536,"confusion_matrix":{"format":"png","width":1000,"height":800,"_type":"image-file","sha256":"eb5f6569f6424fe317cda792fd92674a80f11804976f0c43f43a89408bacd0dd","size":60952,"path":"media/images/confusion_matrix_7_eb5f6569f6424fe317cd.png"},"_timestamp":1.7409123594325523e+09,"_runtime":23.103082951}