{"epoch_time":3.46852445602417,"val_loss":0.10498361685930266,"total_training_time":22.88348650932312,"_runtime":23.912942178,"epoch":10,"_step":13,"confusion_matrix_table":{"artifact_path":"wandb-client-artifact://vvtwrab2p7yn1tkin8byxfinb1m1y26agxwql9muhuvxyfvr322qjtk4alikgeem1kk4p1pxzqvb0n9njytbiifye5no2mi6p8892f8jtirmdj3z6gj6piznjb4zffis/confusion_matrix_table.table.json","_latest_artifact_path":"wandb-client-artifact://p5df71g8eoy5k9se1d9s6o8ljmkkz57bbqj4sva1d0a8wkuibgxqu4m2zvhs97mfwffepd54uvwlm7qsl4ts4a6kvep59sb1jj4874jz1efmqt7uwiitiszu7ecrv247:latest/confusion_matrix_table.table.json","path":"media/table/confusion_matrix_table_13_22ce40536aa3ffd9b237.table.json","ncols":3,"nrows":100,"_type":"table-file","sha256":"22ce40536aa3ffd9b23725860af2a594155245a439305b7077ce026545ea3c56","size":1788},"train_accuracy":0.9755370370370371,"train_loss":0.08181042479973183,"test_accuracy":0.9714,"val_accuracy":0.9661666666666666,"_wandb":{"runtime":23},"_timestamp":1.7422138864206538e+09,"Model Run history":{"train_acc":[0.8942222222222223,0.9458518518518518,0.9574074074074074,0.9625370370370371,0.9676111111111111,0.9703703703703703,0.9718888888888889,0.9734259259259259,0.9743888888888889,0.9755370370370371],"val_loss":[0.22306070365898562,0.14965420800253715,0.15003417631275295,0.1297414035878791,0.12099741176336347,0.11148548961373421,0.11226707674420425,0.1107466258449534,0.11163600216594122,0.10498361685930266],"val_acc":[0.9333333333333333,0.9555,0.9545,0.9605,0.9623333333333334,0.9656666666666667,0.9651666666666666,0.9665,0.9641666666666666,0.9661666666666666],"train_loss":[0.361597277230286,0.18223274896678993,0.14628964214662285,0.1260194844675532,0.111929599358585,0.10139466000443959,0.09527465527772447,0.08965731627140566,0.08624968818566923,0.08181042479973183]}}