{"val_loss":0.398333186302937,"epoch":10,"Model Run history":{"train_loss":[0.839986972815234,0.6280262239434631,0.5471703381160883,0.49515905558942486,0.4617960647431601,0.43758947955876587,0.41890902879890246,0.4058516380164159,0.3956368368614802,0.3871296529021678],"train_acc":[0.8042962962962963,0.8489074074074074,0.8584444444444445,0.8621851851851852,0.8642592592592593,0.8668333333333333,0.8683888888888889,0.8706111111111111,0.8697592592592592,0.8727962962962963],"val_loss":[0.4446493694508464,0.42566596440804993,0.3950675384986551,0.3993864206763536,0.40471388931757973,0.38109980201991717,0.36855724437647597,0.37712816702842844,0.3695255322017122,0.398333186302937],"val_acc":[0.836,0.845,0.8578333333333333,0.8606666666666667,0.851,0.865,0.8673333333333333,0.8661666666666666,0.8713333333333333,0.8588333333333333]},"train_accuracy":0.8727962962962963,"total_training_time":160.85538029670715,"_timestamp":1.7411929594779387e+09,"test_accuracy":0.8472,"confusion_matrix_table":{"path":"media/table/confusion_matrix_table_13_5f99f4c717d55762e7e0.table.json","ncols":3,"nrows":100,"_type":"table-file","sha256":"5f99f4c717d55762e7e0197e3cac0ff253280457caa60d7a784ebf024c7d28b4","size":2932,"artifact_path":"wandb-client-artifact://qmnpz7jydkw9g6c35s9wgfhumlffss34bj9qcj9spxsw32kqu6mtyqyq0mv4hjkuyj9tprumbae6mchs1bjmonui0zmgzlsh9k9osvg91whuplqnrkg35hxnm1xf9s5w/confusion_matrix_table.table.json","_latest_artifact_path":"wandb-client-artifact://bahuzu24johrt8pelzvatp5l1wlp3dtxmy96y6qyu8njiiq39kzosv9nf7b3aday8oozt86jd42bkmhqgq43z7q8p3uqsh6d17wf5i8ejjzt7zjb4typhjud13waudfg:latest/confusion_matrix_table.table.json"},"_runtime":162.102176629,"epoch_time":17.450876235961914,"val_accuracy":0.8588333333333333,"_step":13,"train_loss":0.3871296529021678,"_wandb":{"runtime":162}}