{"_runtime":20.988625145,"_step":13,"epoch":10,"_wandb":{"runtime":20},"val_accuracy":0.8751666666666666,"train_loss":0.31206375837546785,"train_accuracy":0.8849814814814815,"Model Run history":{"val_loss":[0.48298754374860575,0.4079807677717075,0.3953929824844416,0.39472332381818703,0.36812253222101676,0.35886338701467835,0.3769105488281668,0.3721751493352919,0.3447294505072033,0.3549150237726343],"val_acc":[0.8313333333333334,0.8511666666666666,0.86,0.8598333333333333,0.8705,0.8675,0.871,0.8681666666666666,0.877,0.8751666666666666],"train_loss":[0.6228444207308237,0.43716980830929025,0.3955608780359307,0.37344048002799773,0.3585371517731984,0.3460569119381219,0.3330320825765366,0.32514953932331414,0.32041613893859633,0.31206375837546785],"train_acc":[0.7781111111111111,0.8429814814814814,0.8563148148148149,0.8644259259259259,0.868574074074074,0.8728703703703704,0.8761481481481481,0.8798888888888889,0.8815185185185185,0.8849814814814815]},"total_training_time":19.95681381225586,"val_loss":0.3549150237726343,"test_accuracy":0.8686,"_timestamp":1.7412402600259125e+09,"confusion_matrix_table":{"artifact_path":"wandb-client-artifact://pjjepiu2sppbx2ii4ajaylrnb3hzqrnyqcuieatomd4vjohq4nqzoni7bdwnoa1w6g5me3s01rxi43exvx5s8vlh6sq30va8028eryi3y27eig5aoaokkefq9deikbkl/confusion_matrix_table.table.json","_latest_artifact_path":"wandb-client-artifact://bkcm6ls1hlvxt5h8lpa9awt4q8606itxkdd4aevtc94dt56rvrm27t2iz19bcsv6qblh13tph7uwtkjqrs65z5rn1i35ydo8vqnz24cb2naupv3bvyz1zeoz63u1xx6s:latest/confusion_matrix_table.table.json","path":"media/table/confusion_matrix_table_13_837cad786fb365ab1fb7.table.json","ncols":3,"nrows":100,"_type":"table-file","sha256":"837cad786fb365ab1fb78fd4ecd95afb43683ffda08fa6d89496c7728515a614","size":2932},"epoch_time":1.159475326538086}