{"val_accuracy":0.9041666666666667,"test_accuracy":0.892,"train_loss":0.17891127267593365,"val_loss":0.27907295773957674,"epoch":40,"_wandb":{"runtime":271},"train_accuracy":0.9378888888888889,"_runtime":271.433689867,"_step":43,"epoch_time":6.70684027671814,"_timestamp":1.7413602057816935e+09,"confusion_matrix_table":{"size":2929,"artifact_path":"wandb-client-artifact://lgy5cjvmm1lsn75l29eyyfvl137u91m0q6ng6hbbgqd4jpwqarp2di1lpuuq0c7648k0br1hsp3syug226pm95ci6i9kcb12eoygs362l3qcf4leirtv64rmywrwoemh/confusion_matrix_table.table.json","_latest_artifact_path":"wandb-client-artifact://uncmm0qqkd0zsg9i5gkwb2yx5gpke7v2ftzavqtkd7xo1gilqt9znjwv478ib37rt1mtshxbsrn8lihletezt7m2g05fabgszpyfqwofuxrslbezldbyukvidhun6ofh:latest/confusion_matrix_table.table.json","path":"media/table/confusion_matrix_table_43_925eb730532ed35887f6.table.json","ncols":3,"nrows":100,"_type":"table-file","sha256":"925eb730532ed35887f6c1e12abbea5444177e173425f465b20f8c8d8a2bc533"},"total_training_time":270.21666526794434,"Model Run history":{"val_acc":[0.8281666666666667,0.8605,0.8576666666666667,0.8735,0.877,0.8863333333333333,0.8803333333333333,0.8878333333333334,0.8821666666666667,0.8903333333333333,0.8861666666666667,0.8868333333333334,0.8833333333333333,0.8886666666666667,0.8845,0.8853333333333333,0.8955,0.8795,0.8918333333333334,0.8966666666666666,0.892,0.893,0.8953333333333333,0.9,0.8976666666666666,0.8983333333333333,0.9003333333333333,0.8938333333333334,0.895,0.8961666666666667,0.9006666666666666,0.8946666666666667,0.9003333333333333,0.8955,0.8945,0.8996666666666666,0.8956666666666667,0.8941666666666667,0.8993333333333333,0.9041666666666667],"train_loss":[0.6117551650789765,0.43294323906135873,0.39033664573372123,0.3654416075948522,0.3480071302504013,0.33302545867532324,0.3206261511773022,0.30887760686039345,0.30034927812745926,0.29206519487414734,0.28448480719456065,0.2782901419312107,0.2701705783188085,0.2650381546076919,0.2594647004130077,0.25481427735251067,0.24973736594194051,0.24638685854542142,0.24177482539908332,0.23592389387742746,0.23375387751361099,0.22852263167909442,0.2255695534458251,0.22242364017469665,0.21988588939975737,0.21543569200892126,0.2126750151116555,0.2098755002231887,0.20847772793294378,0.20473718270426805,0.2018594613169418,0.1977242524652975,0.19646465159489668,0.1946142323129222,0.19110135144972454,0.1898908439257049,0.18636846327543444,0.1849026644111379,0.1828853029228026,0.17891127267593365],"train_acc":[0.7909074074074074,0.8505925925925926,0.8635925925925926,0.8706666666666667,0.8773148148148148,0.8828518518518519,0.887,0.892,0.8938703703703703,0.8965555555555556,0.8995740740740741,0.9023518518518518,0.9045740740740741,0.9049814814814815,0.9084074074074074,0.9096851851851852,0.9118333333333334,0.9115555555555556,0.9143518518518519,0.915425925925926,0.9167037037037037,0.9195740740740741,0.9196851851851852,0.9216296296296296,0.9213703703703704,0.9228703703703703,0.9245185185185185,0.9255740740740741,0.9264074074074075,0.9277037037037037,0.9285185185185185,0.9304814814814815,0.9299814814814815,0.931962962962963,0.9326851851851852,0.9326296296296296,0.9333333333333333,0.9346666666666666,0.9357222222222222,0.9378888888888889],"val_loss":[0.4727145957022022,0.37805151590834585,0.3813867733897977,0.3477088481406618,0.3392038963076136,0.31571169841052726,0.33071691485987853,0.3139410972859537,0.3188751371160376,0.30398700718457966,0.3163077804187282,0.30612523402145425,0.30915247579696953,0.3114724051295913,0.30711723406334257,0.31406823463027844,0.2830794602415082,0.32336642790750286,0.2957912940179644,0.3023540481309489,0.28872905602845655,0.2983698394094851,0.29848334254465486,0.2881870341363653,0.29682207814078604,0.2870890279250476,0.28920996659082726,0.28645824226799316,0.2985537189404667,0.2897266138035479,0.28183720569666576,0.2906421432152012,0.29029910137721454,0.3022634091337921,0.29327307457574403,0.29309321088542845,0.2944022486817445,0.3018223335877001,0.29295870415712827,0.27907295773957674]}}