{"train_accuracy":0.9097222222222222,"val_accuracy":0.8918333333333334,"_runtime":221.277873414,"epoch":40,"Model Run history":{"train_loss":[0.5112478945064941,0.3940416102746366,0.36178673823529006,0.3452872318421983,0.3281657016898953,0.3207394934909485,0.3090258694373,0.30218508838720487,0.29888302337707034,0.2963152193818741,0.2902816505254632,0.2874228287854727,0.2858558973309962,0.2773375549716914,0.2805000873658071,0.27518600388036013,0.27339521681161966,0.27258127017392786,0.2684019966793207,0.2674138517758263,0.26374848730545053,0.2611538311783434,0.2594606185344938,0.26004751971591444,0.2594258392177516,0.25755429026447035,0.2559998554368635,0.25491613958220016,0.2533431131228987,0.2512777504331144,0.25021889867989555,0.2478247492091668,0.24918730193749766,0.24862083549674954,0.2473421591030365,0.24606290709943837,0.24384418109987932,0.2447395473020243,0.2429718783706654,0.24193924998512198],"train_acc":[0.8157592592592593,0.8586111111111111,0.869,0.8746296296296296,0.8784074074074074,0.8821666666666667,0.8855925925925926,0.8900925925925925,0.8906666666666667,0.8903518518518518,0.8928888888888888,0.8929074074074074,0.895074074074074,0.8972592592592593,0.8954074074074074,0.8981851851851852,0.8975925925925926,0.8997407407407407,0.9003703703703704,0.9005740740740741,0.9026296296296297,0.9031481481481481,0.9040555555555555,0.9033703703703704,0.9047037037037037,0.904,0.9047962962962963,0.903962962962963,0.9057777777777778,0.9058703703703703,0.9058888888888889,0.9077407407407407,0.9061111111111111,0.9074444444444445,0.9085185185185185,0.9073703703703704,0.9097962962962963,0.9085,0.9106666666666666,0.9097222222222222],"val_loss":[0.42187200330917934,0.3843771151124217,0.3460154793195542,0.33297847236481914,0.3338265601556442,0.3417025462235367,0.3270485658525054,0.3112781184098316,0.3158183135857984,0.32285819108686337,0.31123515913800065,0.31917719729873445,0.33087810675537443,0.30776319683378783,0.29554527497583255,0.31355291036750677,0.3054949967366576,0.33609648228884625,0.3185669766519041,0.29956854488034845,0.354170313669824,0.30879574171282864,0.31850877343386136,0.31802811686039584,0.32844804362381164,0.32497446730095214,0.31682210241985753,0.2984580712533481,0.30663706279937925,0.30558715980285955,0.30234401865435623,0.30117988778797733,0.3052511208882463,0.31051616328512766,0.2981165029173366,0.3302633554954508,0.30570667475303,0.31402211936229707,0.3228167870451548,0.3013598452914748],"val_acc":[0.8453333333333334,0.8561666666666666,0.87,0.8756666666666667,0.8765,0.873,0.8793333333333333,0.8848333333333334,0.8878333333333334,0.8856666666666667,0.8831666666666667,0.8863333333333333,0.8766666666666667,0.8896666666666667,0.893,0.887,0.8873333333333333,0.8795,0.8805,0.8911666666666667,0.8778333333333334,0.883,0.8828333333333334,0.883,0.8796666666666667,0.8823333333333333,0.8808333333333334,0.893,0.8938333333333334,0.8898333333333334,0.887,0.89,0.8866666666666667,0.8821666666666667,0.895,0.881,0.889,0.8893333333333333,0.8866666666666667,0.8918333333333334]},"confusion_matrix_table":{"sha256":"fb3202de1c9296ffccb190cf285997dfdb6c030a9efb8c5cfa162dd14a3c398c","size":2930,"artifact_path":"wandb-client-artifact://nzw4mk00rlz4jcybas5wtg6bmnulu563u11fo1zogzijdurfqdk9y72u0yezoseayhn14mnjn4qbnaeptij5s0b0muljp2l04sm7x4kk2dx1hwe7xqimlcm3ppxwhvvw/confusion_matrix_table.table.json","_latest_artifact_path":"wandb-client-artifact://e5xe5d01mof0a1fs123iqmr78zw3qwo9ity9dig9cgtxe03bv5xr3bf4cjiijc040l7ncfwmhv79thzt6u2vsk73pn4lwrt3gfath22fkelf29gfxjy4vkvox28yo2vv:latest/confusion_matrix_table.table.json","path":"media/table/confusion_matrix_table_43_fb3202de1c9296ffccb1.table.json","ncols":3,"nrows":100,"_type":"table-file"},"epoch_time":5.7653985023498535,"val_loss":0.3013598452914748,"train_loss":0.24193924998512198,"_step":43,"total_training_time":219.77244782447815,"_wandb":{"runtime":221},"_timestamp":1.7413458983856544e+09,"test_accuracy":0.876}