{"_step":43,"confusion_matrix_table":{"path":"media/table/confusion_matrix_table_43_a3370034a241f5606185.table.json","ncols":3,"nrows":100,"_type":"table-file","sha256":"a3370034a241f5606185ca6740b7b5613e6d972cfec1a7ff89249b6185909d5f","size":2928,"artifact_path":"wandb-client-artifact://f07x9dnnxly9bbj222qyrqirjzjjvh3gwcjzcuajf9y82chgwb074u8x6ptydg8sf5b07mnyj8ucepr4zbygl1ue5m6rsswou6hnc3hj8f569fd9ul0cb56d6jjb4c0w/confusion_matrix_table.table.json","_latest_artifact_path":"wandb-client-artifact://59efcc2k51wwcifdj48t4hkjy9i9epai07rjozx3io9ai91nm7dg6dmz3hyu5cmdqkbcf1yhzdey9coav6euw4yo0j5gd6ys81zys2h8xq8y9vabar86lioacrmy5ux0:latest/confusion_matrix_table.table.json"},"train_accuracy":0.9477777777777778,"_runtime":586.377581845,"val_accuracy":0.89,"val_loss":0.3151704374858788,"_timestamp":1.741345165789899e+09,"test_accuracy":0.8859,"_wandb":{"runtime":586},"epoch_time":17.42801070213318,"Model Run history":{"val_loss":[0.41002185789907636,0.3808444711865571,0.35547237508969354,0.3783926892100741,0.3292563070938474,0.33466285458260236,0.3418302315863359,0.3075691553665558,0.3090353694783814,0.3146113720615632,0.2899618071547193,0.30858115448409024,0.3410567681670205,0.29291203185155446,0.30438973873176745,0.2982000813819166,0.29624021862599215,0.29047367309667943,0.2910642953039544,0.30081594250271265,0.30549143897636843,0.303412953733628,0.2900850084439211,0.3125428710321053,0.33025782236598833,0.29196202640432817,0.28817875642805896,0.3205957130634081,0.2948383492537312,0.31062940223090685,0.293519446049769,0.2919421170532962,0.28697470812717907,0.2916910754753978,0.30060247790711875,0.29852901122726194,0.30995501471719056,0.29478688505898737,0.3135817583941036,0.3151704374858788],"val_acc":[0.8508333333333333,0.862,0.8725,0.858,0.8816666666666667,0.8756666666666667,0.8775,0.8871666666666667,0.8863333333333333,0.884,0.895,0.8851666666666667,0.8758333333333334,0.8963333333333333,0.8908333333333334,0.896,0.8948333333333334,0.8951666666666667,0.8966666666666666,0.8916666666666667,0.895,0.8936666666666667,0.8988333333333334,0.8863333333333333,0.8863333333333333,0.8948333333333334,0.8981666666666667,0.8853333333333333,0.9005,0.8921666666666667,0.9013333333333333,0.9005,0.903,0.901,0.9028333333333334,0.8976666666666666,0.8953333333333333,0.9013333333333333,0.9001666666666667,0.89],"train_loss":[0.5920952029962502,0.4368024312683998,0.39333534586158875,0.3669466293908626,0.34664960497760744,0.3308368107345201,0.31754943814065356,0.3055675843303347,0.29519776317268354,0.28759586220578465,0.2779001691119193,0.2688755393461794,0.2622574373115583,0.2563557627637511,0.2500181985312661,0.24264473472449252,0.2377152534511894,0.23038247902270884,0.226697723119904,0.22115928986494587,0.21569992328244636,0.21204814532607105,0.20736967015546956,0.20365088159873304,0.19862054981219404,0.19492869491068035,0.19058340268113697,0.18780278552238486,0.18462702375762707,0.1795216309875389,0.17863727995983444,0.1748629568675924,0.1711286300185979,0.16895785149253392,0.16515607342833433,0.16382945660495746,0.15774241541951806,0.1558756274501668,0.15446807537012272,0.1530792135751271],"train_acc":[0.8055185185185185,0.8538148148148148,0.8685,0.8769814814814815,0.8829259259259259,0.8867037037037037,0.8941111111111111,0.8973333333333333,0.9006111111111111,0.9039444444444444,0.9061481481481481,0.9101296296296296,0.9115740740740741,0.9136666666666666,0.9152222222222223,0.9181296296296296,0.9188333333333333,0.921537037037037,0.9228148148148149,0.9249814814814815,0.9271111111111111,0.9289074074074074,0.929,0.9305,0.933,0.9346666666666666,0.9357592592592593,0.9367407407407408,0.9370185185185185,0.9387962962962964,0.9392962962962963,0.9412037037037037,0.9423703703703704,0.9418518518518518,0.9444814814814815,0.9437592592592593,0.946925925925926,0.9478888888888889,0.9474814814814815,0.9477777777777778]},"train_loss":0.1530792135751271,"epoch":40,"total_training_time":584.7560749053955}