{"val_loss":0.37355147536425615,"confusion_matrix_table":{"path":"media/table/confusion_matrix_table_13_6cdb7104352e510660df.table.json","ncols":3,"nrows":100,"_type":"table-file","sha256":"6cdb7104352e510660df7aae883973104c5cb45f3ba9720d257a880ed88167fd","size":2936,"artifact_path":"wandb-client-artifact://do6ues45ahewyxmfvnpn04jldhltdctmkcuk4bwq3jd6rg6dgdmuonqqf1vsli17m8muon5t2kn7ynkcr9gakbor40lahpcicvpxbwm0ojicnf6xh4gl75g7x01eoh4v/confusion_matrix_table.table.json","_latest_artifact_path":"wandb-client-artifact://ohksyhf2ulxlfv17vcvaqs1n5ua2bhanloufyevdxfzzgzxj5exxxqcx4dx9cj6k3jlgkmpfn06p4vuom86udwc5ugaky9lqimnzmeooky9awbb6qujcozs8vg3io6ux:latest/confusion_matrix_table.table.json"},"_timestamp":1.7412396666769814e+09,"Model Run history":{"train_loss":[0.7006441408454129,0.48927338076237653,0.445991911425635,0.4189358730832516,0.4008879698751376,0.3874050481805364,0.3752644148302374,0.36373569593160593,0.3550693558226279,0.3478149480237035],"train_acc":[0.7705740740740741,0.831037037037037,0.8456851851851852,0.855037037037037,0.8614444444444445,0.8651296296296296,0.8694444444444445,0.8726666666666667,0.875462962962963,0.8782037037037037],"val_loss":[0.5390595865898903,0.45226084827741386,0.4439091692255951,0.4569076479983376,0.4654143027645689,0.3946804727775829,0.4257229945016599,0.38652756917533604,0.38986504946549627,0.37355147536425615],"val_acc":[0.8118333333333333,0.8405,0.8413333333333334,0.8378333333333333,0.8265,0.8616666666666667,0.8468333333333333,0.8608333333333333,0.8618333333333333,0.8715]},"test_accuracy":0.8564,"epoch_time":3.877821683883667,"_runtime":42.458074945999996,"epoch":10,"train_loss":0.3478149480237035,"train_accuracy":0.8782037037037037,"val_accuracy":0.8715,"_step":13,"total_training_time":41.36483931541443,"_wandb":{"runtime":42}}