{"epoch_time":2.056069850921631,"_timestamp":1.7412415753155205e+09,"_wandb":{"runtime":21},"_step":13,"total_training_time":20.52180314064026,"train_accuracy":0.8917962962962963,"Model Run history":{"train_loss":[0.5937145900939327,0.4159232183977204,0.3785880661688611,0.3549024530140405,0.3402496988197939,0.3270594812334188,0.31723861477764276,0.3075653220509787,0.2994085956434942,0.2898699514125881],"train_acc":[0.789,0.852574074074074,0.8636111111111111,0.8697777777777778,0.8746666666666667,0.8797037037037037,0.8839814814814815,0.8868148148148148,0.8896111111111111,0.8917962962962963],"val_loss":[0.4639300001041098,0.42487828935399724,0.4145071694161452,0.3706665391185718,0.3743229097758185,0.36210010809633786,0.39569691202209456,0.3521996883391038,0.35270680747073024,0.3499948403072265],"val_acc":[0.839,0.8491666666666666,0.8508333333333333,0.8726666666666667,0.8715,0.8721666666666666,0.8621666666666666,0.8775,0.8726666666666667,0.8776666666666667]},"val_accuracy":0.8776666666666667,"confusion_matrix_table":{"size":2934,"artifact_path":"wandb-client-artifact://bz9pw1vgxto9lod28xh9qymsf942b2vyqda5gil3rrox3j3hqppssmrzi2lwfqdnkmphx4jf0e3pgt71jxi52je0i4yfhy8l1hgmq5hr32uauak7x6z5v4vr5k0g52xj/confusion_matrix_table.table.json","_latest_artifact_path":"wandb-client-artifact://55o30e2by48png77260e4an0pik892vtran0yl2pr1hkgpxiaxwylumt9ywg75c27p1r6vr5db6nqkah001iqs5znrionv2oi9dr60ouq9oy2s51n69dirx6nk7f7bp4:latest/confusion_matrix_table.table.json","path":"media/table/confusion_matrix_table_13_c9c654c4f0a73c9d2c47.table.json","ncols":3,"nrows":100,"_type":"table-file","sha256":"c9c654c4f0a73c9d2c4788d466e5f7d8b867ff04492b44c6b23fe6c09686dc32"},"val_loss":0.3499948403072265,"test_accuracy":0.866,"epoch":10,"_runtime":21.705734906,"train_loss":0.2898699514125881}