{"_wandb":{"runtime":57},"_timestamp":1.7412011359635487e+09,"test_accuracy":0.8644,"train_loss":0.3041534295361991,"confusion_matrix_table":{"path":"media/table/confusion_matrix_table_13_96ffbeca60157df6a75d.table.json","ncols":3,"nrows":100,"_type":"table-file","sha256":"96ffbeca60157df6a75d961a97a787143d69ea26ad0048d831d14dbd39241019","size":2928,"artifact_path":"wandb-client-artifact://4a13q4qqupn3xzo0svveht3pqkg0k0tpnc0i96ficce12gkm5el0jn600rejpil554n6yyn5ytq32m8i6zd23sp14bojixwff2fh2hfdgmb8b4rirq2ub9saf3ya598v/confusion_matrix_table.table.json","_latest_artifact_path":"wandb-client-artifact://30cjzqbopjwr3d3dd0yncu40jgk9m9skrex13kmj0sdr6f44rkhup07gq7vh9rrxjcwt1bjnfx2oif3pgs0keirx91jp54o22fb7v0a8nf63744d4lc0lk3isyekvfll:latest/confusion_matrix_table.table.json"},"epoch":10,"total_training_time":56.30926203727722,"train_accuracy":0.8880185185185185,"val_accuracy":0.876,"_step":13,"val_loss":0.33574334396007993,"_runtime":57.437638436,"epoch_time":5.782374143600464,"Model Run history":{"train_loss":[0.510856789846461,0.3962354231150021,0.36405153646323984,0.35060678894024067,0.3370466790694828,0.32896255798025736,0.3167175113111166,0.3131834881838762,0.3079600986961116,0.3041534295361991],"train_acc":[0.8188333333333333,0.8551296296296297,0.8673703703703703,0.871537037037037,0.8766296296296296,0.8810740740740741,0.8838703703703704,0.8855925925925926,0.8853148148148148,0.8880185185185185],"val_loss":[0.4349050627039703,0.3995475332224473,0.3770009829973374,0.3804962940446095,0.3301241246901207,0.3308336969424562,0.3703356876247666,0.3502734790379649,0.3291092889712317,0.33574334396007993],"val_acc":[0.837,0.8528333333333333,0.8548333333333333,0.8601666666666666,0.8771666666666667,0.8783333333333333,0.864,0.8715,0.8838333333333334,0.876]}}