{"confusion_matrix":{"width":1000,"height":800,"_type":"image-file","sha256":"d718fd620d48d3de254bd7d6b123b64f2097c537aec1fda468eee27dd764429b","size":48048,"path":"media/images/confusion_matrix_12_d718fd620d48d3de254b.png","format":"png"},"test_accuracy":0.1,"train_loss":2.3026059103446714,"_timestamp":1.740907501162849e+09,"epoch":10,"epoch_time":5.188679218292236,"_runtime":50.224592272,"_step":12,"train_accuracy":0.09902,"val_loss":2.302759673129416,"_wandb":{"runtime":50},"total_training_time":49.075756549835205,"val_accuracy":0.0955}