{"_timestamp":1.7412028174941983e+09,"_runtime":80.445440617,"_wandb":{"runtime":80},"val_accuracy":0.8663333333333333,"confusion_matrix_table":{"sha256":"86f86f3fd112b2bdb5d93c2ae800a514c3a14b6942abf47967d74912eb3b08ad","size":2931,"artifact_path":"wandb-client-artifact://30f0y0ijv2xxddg9wm5yc8mkcmm6q3n8pchzmsc2df1b5hiz5mt7nr77i0oky2mxdn620ar0iacmkfiyj668vp6p67l8pb3lxxzf0wgj3snnz7gk0275kfy830vuscnu/confusion_matrix_table.table.json","_latest_artifact_path":"wandb-client-artifact://y6w32nxf2gg3oo2zrm5is8adfsdaevuoa4u4r24vbl77907x004chmibetflspiqphofi6zrmamrbjstf4bpo1lqhf0c9hnr53c2ck3g65r5sk3yjnouawc0ak8t8fcq:latest/confusion_matrix_table.table.json","path":"media/table/confusion_matrix_table_8_86f86f3fd112b2bdb5d9.table.json","ncols":3,"nrows":100,"_type":"table-file"},"train_accuracy":0.8635185185185185,"test_accuracy":0.8548,"Model Run history":{"train_acc":[0.8080555555555555,0.846462962962963,0.854574074074074,0.8598148148148148,0.8635185185185185],"val_loss":[0.4237240586330846,0.39710529547918033,0.3825743544494567,0.38894832656546774,0.3702561708125374],"val_acc":[0.847,0.8518333333333333,0.8623333333333333,0.857,0.8663333333333333],"train_loss":[0.5280162723428712,0.427811287259798,0.4047023103281681,0.3878757129814926,0.37593211472316795]},"val_loss":0.3702561708125374,"epoch_time":14.156559228897095,"_step":8,"total_training_time":79.10770845413208,"train_loss":0.37593211472316795,"epoch":5}