{"total_training_time":249.85450983047485,"train_accuracy":0.9125740740740741,"val_accuracy":0.895,"_step":43,"_wandb":{"runtime":250},"train_loss":0.23542165388420677,"epoch_time":5.521060228347778,"confusion_matrix_table":{"size":2926,"artifact_path":"wandb-client-artifact://6m0p39cteldu6v8sz88janhgpzxl79xqm5py7crp3wusw782zns9o7wadohmguk2r6n8xlk3cxq0wi89hmh266k7yvmbs75e0zxa4r7p8xaimgw6n1q4jzwpt0cvjopz/confusion_matrix_table.table.json","_latest_artifact_path":"wandb-client-artifact://comyuqd777z7pn7ul8ws750w0x9nbi6w7rflikt4wj1u4dblfdb50llqmelup9z07rdb4b0sf47c83x51zp5788dy9mmgkyt54dy7ofl469oq9e7knrzxzbybsr44mig:latest/confusion_matrix_table.table.json","path":"media/table/confusion_matrix_table_43_0d1d1c9dee910d446a53.table.json","ncols":3,"nrows":100,"_type":"table-file","sha256":"0d1d1c9dee910d446a538b138afc86663f477c7cc8ef484994d013ae6389762d"},"Model Run history":{"val_loss":[0.4124330671651803,0.37889082688848635,0.35793780515131224,0.3714438075637425,0.3695768286946417,0.3338859142025699,0.3398158738059417,0.32028604199581917,0.32057157732528163,0.3365908904054049,0.3360165516603387,0.31877216753181187,0.3076081485852161,0.36486698763669595,0.32809135610720325,0.30984970207078405,0.32316594886022876,0.3052108819787049,0.29997191078634905,0.3160589398727407,0.3031520956436017,0.29233174316623034,0.29758317758137404,0.3344501739268044,0.29089883710987485,0.32763114480161376,0.3292064525852014,0.3107990413316669,0.3030777908720974,0.2847556712156712,0.28768620163268227,0.30668681328607456,0.29733928371316,0.3265559396610076,0.29718077009410093,0.3059394637345271,0.3389583173554922,0.33303677180324853,0.3091455957687978,0.307058020940686],"val_acc":[0.8506666666666667,0.859,0.8663333333333333,0.8606666666666667,0.863,0.8735,0.8731666666666666,0.8791666666666667,0.886,0.874,0.8746666666666667,0.883,0.8841666666666667,0.871,0.8763333333333333,0.8865,0.8836666666666667,0.8896666666666667,0.8873333333333333,0.8838333333333334,0.8898333333333334,0.8925,0.8903333333333333,0.8765,0.8963333333333333,0.8821666666666667,0.8831666666666667,0.8831666666666667,0.8946666666666667,0.8988333333333334,0.8976666666666666,0.8868333333333334,0.8935,0.883,0.8936666666666667,0.888,0.8815,0.8788333333333334,0.8878333333333334,0.895],"train_loss":[0.580016071632836,0.41087633443292687,0.3720124297456755,0.3518755300819825,0.3331569381529591,0.32353718098235656,0.3155635579098424,0.30469723164845974,0.3006325523228434,0.2935061344303591,0.28961667168497907,0.28401648627720644,0.2798956182952614,0.2767344987913251,0.2755104204132284,0.2707614451342788,0.2640948810323859,0.26749551190118853,0.2616928696719789,0.2600735418761022,0.25504632824326584,0.2550082929912291,0.2538710185495388,0.25396865766350807,0.2479051489766852,0.2504070700936461,0.24927826669761108,0.24890679534161114,0.24662690532134648,0.24662097974496835,0.23888363202350435,0.2429732245538865,0.23788610651733844,0.24137636278089408,0.24315973177535818,0.23659460730943022,0.23890264712433695,0.23707935434214714,0.23479448906854516,0.23542165388420677],"train_acc":[0.7922222222222223,0.8516666666666667,0.8646666666666667,0.8716851851851852,0.877462962962963,0.8808703703703704,0.8838148148148148,0.8867222222222222,0.8882407407407408,0.8918518518518519,0.8929074074074074,0.895074074074074,0.898074074074074,0.8978148148148148,0.8970925925925926,0.8983888888888889,0.9020185185185186,0.9005185185185185,0.9030370370370371,0.9028148148148148,0.9051296296296296,0.9049074074074074,0.9060370370370371,0.9059259259259259,0.9087777777777778,0.9063148148148148,0.9060185185185186,0.9069074074074074,0.9071666666666667,0.9088518518518518,0.9101851851851852,0.9092962962962963,0.9115555555555556,0.9105740740740741,0.9091666666666667,0.9122407407407407,0.9116481481481481,0.9107407407407407,0.9118518518518518,0.9125740740740741]},"_runtime":250.994108866,"test_accuracy":0.8834,"epoch":40,"_timestamp":1.7413567723703752e+09,"val_loss":0.307058020940686}