{"test_accuracy":0.8604,"val_accuracy":0.8651,"confusion_matrix":{"sha256":"ad5fef2310e4f64527631a06fefdde4681bad70cb490ba2cefcb1b525ee87053","size":61273,"path":"media/images/confusion_matrix_12_ad5fef2310e4f6452763.png","format":"png","width":1000,"height":800,"_type":"image-file"},"_timestamp":1.7409090596016378e+09,"_step":12,"epoch":10,"val_loss":0.38240819307840695,"total_training_time":18.0379319190979,"_wandb":{"runtime":19},"_runtime":19.156326285,"train_accuracy":0.87748,"train_loss":0.3456609378215819,"epoch_time":1.7358431816101074}