{"_step":12,"epoch_time":7.562140464782715,"_runtime":79.800919839,"_wandb":{"runtime":79},"epoch":10,"confusion_matrix":{"format":"png","width":1000,"height":800,"_type":"image-file","sha256":"3b5c54454dcb111d15fe77dba9f9f77965a4b929e065ec98fed498a485b15b30","size":60954,"path":"media/images/confusion_matrix_12_3b5c54454dcb111d15fe.png"},"train_loss":0.4146044351448537,"val_loss":0.4232446311585902,"test_accuracy":0.8414,"train_accuracy":0.85442,"_timestamp":1.7409114283322608e+09,"total_training_time":78.47242641448975,"val_accuracy":0.8462}