{"total_training_time":19.79141592979431,"confusion_matrix":{"path":"media/images/confusion_matrix_4_5e483ff58768deab5e0d.png","format":"png","width":1000,"height":800,"_type":"image-file","sha256":"5e483ff58768deab5e0da01159b4b74b76f7e1550f7b2ebd0a9296bc6ac7286a","size":59364},"test_accuracy":0.857,"epoch":2,"_runtime":21.016630124,"train_loss":0.3951945467017171,"_wandb":{"runtime":21},"val_loss":0.37636765866847466,"_step":4,"train_accuracy":0.8572037037037037,"val_accuracy":0.8688333333333333,"_timestamp":1.7410059600757482e+09,"epoch_time":9.952094793319702}