{"epoch":2,"_timestamp":1.741024665684832e+09,"val_loss":2.302823919257282,"_step":4,"total_training_time":22.02843189239502,"test_accuracy":0.1,"confusion_matrix":{"path":"media/images/confusion_matrix_4_675e66215a4ad8c0d749.png","format":"png","width":1000,"height":800,"_type":"image-file","sha256":"675e66215a4ad8c0d7490695134e219d8b68ae597af07cdfac7ed07a22c41023","size":47624},"train_loss":2.3027754125915534,"_runtime":23.687847351,"_wandb":{"runtime":23},"train_accuracy":0.09974074074074074,"val_accuracy":0.09733333333333333,"epoch_time":10.90340542793274}