{"val_loss":0.4031074977220411,"_wandb":{"runtime":16},"_step":12,"epoch_time":1.423604965209961,"total_training_time":15.228345155715942,"_timestamp":1.7409087041233733e+09,"test_accuracy":0.8519,"_runtime":16.298273112,"epoch":10,"val_accuracy":0.8594,"train_loss":0.38356241657688156,"confusion_matrix":{"path":"media/images/confusion_matrix_12_fea7c76665e8b78f30f5.png","format":"png","width":1000,"height":800,"_type":"image-file","sha256":"fea7c76665e8b78f30f5670831cf23bd88c881b27b62a4754afd716a7726b78f","size":59719},"train_accuracy":0.86458}