{"total_training_time":6.0565714836120605,"_wandb":{"runtime":7},"epoch":5,"Model Run history":{"train_acc":[0.7636111111111111,0.830962962962963,0.8414259259259259,0.8479629629629629,0.8517037037037037],"val_loss":[0.5220795194048922,0.47617550561265065,0.4444287771613618,0.4507228880894838,0.42382257021111636],"val_acc":[0.809,0.8251666666666667,0.8396666666666667,0.8381666666666666,0.85],"train_loss":[0.7026410372749884,0.5056204557446612,0.4715639389088007,0.45260660281958276,0.44058114802628356]},"test_accuracy":0.8458,"_runtime":7.174466352,"train_loss":0.44058114802628356,"val_loss":0.42382257021111636,"val_accuracy":0.85,"_step":8,"confusion_matrix_table":{"nrows":100,"_type":"table-file","sha256":"10d2320c03780d8ab4cbc5b1d2e94e03c5b607534199cf0d440eb50fc5a88ab5","size":2936,"artifact_path":"wandb-client-artifact://rbo46ksyil3ijcrudgr0fdp83iwgruvft5lu09e54sw0ti7saas6jszcxz57648kpajjp1xn5c3jmae7qp0w3hpdw7j1cv7n19rqmda7oimtzsydstvgqpu73b1i21ia/confusion_matrix_table.table.json","_latest_artifact_path":"wandb-client-artifact://qwguoyam810aq9bh3lb625o2j8c34a3l65snb3hojik0qziv3jbcr81c6w89eh6v28ce9dq4it8dnv990kmmo7i48ifre3o07uy4saqlytzd0zwbqoetxhut774t2ok1:latest/confusion_matrix_table.table.json","path":"media/table/confusion_matrix_table_8_10d2320c03780d8ab4cb.table.json","ncols":3},"_timestamp":1.7412027222675097e+09,"epoch_time":1.2644164562225342,"train_accuracy":0.8517037037037037}