{"_step":18,"train_accuracy":0.8890925925925925,"test_accuracy":0.8653,"total_training_time":47.035441637039185,"train_loss":0.3064654732460335,"_runtime":48.156583663,"_wandb":{"runtime":48},"epoch_time":2.717597484588623,"_timestamp":1.741347610420388e+09,"Model Run history":{"val_loss":[0.5353894797499007,0.4729652093141999,0.43395997533250297,0.4051248995739158,0.3955664434797422,0.40307745102534764,0.4023834264506286,0.3561642920741942,0.3618819746391718,0.3735468670312522,0.3520978040192222,0.3386721150570172,0.3301894509227641,0.35397155343199627,0.34584683032297514],"val_acc":[0.7981666666666667,0.824,0.8411666666666666,0.8518333333333333,0.8558333333333333,0.8533333333333334,0.8495,0.8723333333333333,0.8685,0.864,0.8746666666666667,0.8758333333333334,0.8811666666666667,0.871,0.873],"train_loss":[0.744193122035118,0.4985961488364837,0.44672296072799544,0.4176103390626491,0.39618591364137307,0.38068620448935586,0.3680773727039829,0.35681693470527426,0.3472828639725311,0.33889309998481515,0.33172690882882616,0.3244112716349175,0.3189884544027742,0.31395947267991914,0.3064654732460335],"train_acc":[0.7518518518518519,0.8242222222222222,0.8430185185185185,0.8526666666666667,0.8596481481481482,0.8637037037037038,0.8681111111111111,0.8721666666666666,0.8750185185185185,0.8784259259259259,0.8801111111111111,0.8819444444444444,0.8846481481481482,0.8861851851851852,0.8890925925925925]},"epoch":15,"val_loss":0.34584683032297514,"confusion_matrix_table":{"artifact_path":"wandb-client-artifact://z9r2iy64oebmlgsj8bsdp7v4849m1ntrnjih8ldkuczbc6upi13t3yjshswk2zjdrh3df1sl7ohf9oeu2tc9xyrpr4xlpjc5jqtqo8twfmlazewp67qc3giiht72oxys/confusion_matrix_table.table.json","_latest_artifact_path":"wandb-client-artifact://107mn88rkglsd03i5dsg20754yoxfbjq5rnbk2cbkbfwbt6qcy4khirpq4cdxehxj97h1q7ytizg97l4w2izc76q2ow9v8keq9qlye9a47suw0vrmnc6jjgt5gzoa2gj:latest/confusion_matrix_table.table.json","path":"media/table/confusion_matrix_table_18_2a17cbd4b2fa3fa631d5.table.json","ncols":3,"nrows":100,"_type":"table-file","sha256":"2a17cbd4b2fa3fa631d5518adc9389ff2d28ace042b0242c86e9554054aadb11","size":2930},"val_accuracy":0.873}