{"val_loss":0.11454970955112043,"epoch":10,"val_accuracy":0.9666666666666667,"_step":13,"_runtime":20.242204535,"test_accuracy":0.9685,"_timestamp":1.7422138025312715e+09,"train_loss":0.0985982169941805,"total_training_time":19.223936557769775,"Model Run history":{"train_acc":[0.903425925925926,0.9425555555555556,0.953462962962963,0.9597407407407408,0.9636296296296296,0.9664814814814815,0.9673888888888889,0.9701666666666666,0.9705185185185186,0.9715555555555555],"val_loss":[0.2366385738402895,0.17655771461291084,0.15469664167290323,0.15035223408163984,0.12834425722293566,0.12522655952838888,0.1277647721456303,0.12472522438855528,0.11713459154516535,0.11454970955112043],"val_acc":[0.9288333333333333,0.9485,0.9523333333333334,0.9561666666666667,0.9616666666666667,0.9631666666666666,0.9633333333333334,0.9633333333333334,0.9643333333333334,0.9666666666666667],"train_loss":[0.347022092566035,0.19805540078207792,0.1592755638339645,0.13831607857145492,0.12574189744995096,0.11652421223919335,0.11113696038460744,0.10559234092088285,0.10135291998702715,0.0985982169941805]},"confusion_matrix_table":{"nrows":100,"_type":"table-file","sha256":"a96a262dfae5af6b84ddc2c67c685e00bd03a58f9d0a5468472ee22c8cfc984f","size":1790,"artifact_path":"wandb-client-artifact://sly8gaowq34w5335bng4uchszrhd4x4nn5gb6l4nrlys8pmfypk35jdifd51vu4y6y00i7fdgmovkzrt82z1rpt6r1z2wa2ai17g5xg3ung6cm9in0myqrhmx0jai82g/confusion_matrix_table.table.json","_latest_artifact_path":"wandb-client-artifact://rgpdkwi3e8ihsag2nwu3dgfm9ev4v0ch66kclutt8cryfed6hwe3xswn6madd8cysj2hj0874wbf0pti6ez8m3vo8ss1wzgaj1kmlaigrpyep9vxphvai0s4luaoq5br:latest/confusion_matrix_table.table.json","path":"media/table/confusion_matrix_table_13_a96a262dfae5af6b84dd.table.json","ncols":3},"epoch_time":1.7800054550170898,"_wandb":{"runtime":20},"train_accuracy":0.9715555555555555}