{"val_loss":0.38214848128326695,"total_training_time":12.002015113830566,"_wandb":{"runtime":13},"_timestamp":1.7410060992232842e+09,"test_accuracy":0.8511,"train_accuracy":0.8572777777777778,"train_loss":0.39578205368585634,"_step":4,"_runtime":13.170802751,"epoch":2,"val_accuracy":0.8613333333333333,"confusion_matrix":{"_type":"image-file","sha256":"a857d7d42b7856ac134f7ccec52f081ec792b71cac457c7d29d85ca410310225","size":60490,"path":"media/images/confusion_matrix_4_a857d7d42b7856ac134f.png","format":"png","width":1000,"height":800},"epoch_time":5.966986656188965}