{"train_loss":1.196271529134578,"confusion_matrix":{"path":"media/images/confusion_matrix_7_6de57e306335bb5b5f15.png","format":"png","width":1000,"height":800,"_type":"image-file","sha256":"6de57e306335bb5b5f15fcc69ae8ccfa057345734dc7a358bafd2c418b24a2f9","size":67033},"epoch_time":2.9095752239227295,"epoch":5,"test_accuracy":0.6503,"train_accuracy":0.64142,"_timestamp":1.74091226352554e+09,"val_loss":1.1527260614039798,"_runtime":17.834979566,"val_accuracy":0.6583,"_wandb":{"runtime":17},"total_training_time":16.61955189704895,"_step":7}