{"_timestamp":1.7409072258965774e+09,"test_accuracy":0.1,"val_accuracy":0.0955,"_runtime":46.181524598,"total_training_time":44.868741273880005,"train_accuracy":0.10068,"epoch_time":4.5124804973602295,"_step":12,"_wandb":{"runtime":46},"epoch":10,"val_loss":2.302762841012365,"confusion_matrix":{"format":"png","width":1000,"height":800,"_type":"image-file","sha256":"d718fd620d48d3de254bd7d6b123b64f2097c537aec1fda468eee27dd764429b","size":48048,"path":"media/images/confusion_matrix_12_d718fd620d48d3de254b.png"},"train_loss":2.3026051245596415}