{"val_accuracy":0.8871666666666667,"train_accuracy":0.9087962962962963,"val_loss":0.30845992828422625,"_step":13,"epoch":10,"_wandb":{"runtime":55},"test_accuracy":0.8785,"Model Run history":{"train_loss":[0.4825217404351837,0.36892374421415747,0.33529282307135005,0.31090535254055846,0.2978701652409734,0.28142831876738206,0.27366150641340653,0.259255084392434,0.24850926871539583,0.24232889524219905],"train_acc":[0.8271481481481482,0.8655555555555555,0.8768888888888889,0.8858148148148148,0.8890740740740741,0.8956296296296297,0.8983888888888889,0.9028518518518519,0.9050555555555555,0.9087962962962963],"val_loss":[0.4086199613756377,0.3764718521910141,0.3334029875989062,0.3362872608893896,0.34203434431923474,0.3047263875758391,0.29711858513810924,0.33037489676070936,0.3241901077924801,0.30845992828422625],"val_acc":[0.8498333333333333,0.8576666666666667,0.8768333333333334,0.8758333333333334,0.8763333333333333,0.893,0.8916666666666667,0.8798333333333334,0.8856666666666667,0.8871666666666667]},"total_training_time":54.77115607261658,"_timestamp":1.741202447258242e+09,"_runtime":55.933251767,"epoch_time":4.905096769332886,"train_loss":0.24232889524219905,"confusion_matrix_table":{"_type":"table-file","sha256":"0daaf3b0ef561a00f99915b8499bfb63a377a91321f02b1c730d8ee410e012aa","size":2929,"artifact_path":"wandb-client-artifact://d14sviivmisawprzbth6l3iwlthivhnh42qbfc3zldpt20ybz4kkp5ifm5hriks5wz2wl20z8ow7ypha2ddpu2zs3tlxs25qaz8xspnhaqwbx06wsiqyzg2lzawflsh4/confusion_matrix_table.table.json","_latest_artifact_path":"wandb-client-artifact://nvlbpy9w7689jhcwrwdnc691f1boxvmjuan23p9eceaompeq17li61yajt880avk3u3zohef6vod1g35l1hfjjqdni147hxa15fgk0zzm7bc3r9rze5whs4fbc4asnk6:latest/confusion_matrix_table.table.json","path":"media/table/confusion_matrix_table_13_0daaf3b0ef561a00f999.table.json","ncols":3,"nrows":100}}