{"epoch":40,"total_training_time":313.0955080986023,"Model Run history":{"train_acc":[0.7488148148148148,0.8280185185185185,0.8454259259259259,0.8557962962962963,0.8617592592592592,0.867574074074074,0.873,0.8769629629629629,0.8798333333333334,0.8820185185185185,0.8857962962962963,0.8876851851851851,0.8911481481481481,0.8927962962962963,0.8953888888888889,0.896425925925926,0.8972407407407408,0.8999444444444444,0.9013148148148148,0.9017407407407407,0.9044814814814814,0.9061851851851852,0.9069444444444444,0.9088888888888889,0.9096851851851852,0.9109814814814815,0.9142777777777777,0.9152222222222223,0.9163518518518519,0.9164629629629629,0.9178888888888889,0.9197037037037037,0.9221666666666667,0.9230185185185186,0.9231481481481482,0.9248703703703703,0.9266851851851852,0.9253703703703704,0.9278148148148149,0.9289444444444445],"val_loss":[0.5143962989800703,0.46493919814802315,0.43279696666775525,0.40326567104158256,0.383357224217616,0.385336858191577,0.3591816836952198,0.3836497777327466,0.3497909916751772,0.3531212207429216,0.336618071964784,0.345631966410767,0.3502600861076809,0.3458868521521247,0.3209619901206448,0.31984810013856146,0.3225270553566135,0.32840238000701727,0.31596177146107746,0.302894289424561,0.304931486397881,0.3334097864675052,0.3131254952490968,0.30915358237976504,0.31736936774869423,0.3144060251639001,0.30004029364590284,0.29928878624259764,0.300456400003461,0.3179836026872386,0.29465871818687756,0.3051145680678608,0.3109175029427392,0.3116354446569113,0.28653965217480903,0.3040247187768052,0.3206776039559475,0.28665103181827367,0.3241975650315231,0.32042745766782016],"val_acc":[0.8178333333333333,0.8303333333333334,0.8436666666666667,0.852,0.8618333333333333,0.8603333333333333,0.869,0.8578333333333333,0.8736666666666667,0.8691666666666666,0.8776666666666667,0.874,0.8733333333333333,0.8715,0.8811666666666667,0.884,0.8846666666666667,0.8791666666666667,0.8863333333333333,0.8886666666666667,0.8898333333333334,0.8796666666666667,0.8843333333333333,0.8868333333333334,0.8825,0.8856666666666667,0.8915,0.8925,0.8891666666666667,0.8875,0.8945,0.8876666666666667,0.8858333333333334,0.8881666666666667,0.896,0.8865,0.8846666666666667,0.8903333333333333,0.8846666666666667,0.8805],"train_loss":[0.7490443132223341,0.49806243452906335,0.44652200263866615,0.4167164424392585,0.39521314026860194,0.3782983069002621,0.36398950379313716,0.35166670984605414,0.3421214055832846,0.33306079104997566,0.32434671403031556,0.3155218220353309,0.30960198698815244,0.30344727154401174,0.2977229295619557,0.2915258718401213,0.28864985962831685,0.2816775849128318,0.277624292870576,0.27266524599552844,0.2683429189395356,0.2636618335454357,0.2609041494859158,0.2565110964297525,0.25168556003016923,0.24839715685140412,0.24450867757987305,0.240631363211222,0.23804389207360607,0.23409046800353076,0.2309817201784382,0.22712182877102,0.22334381654265278,0.22106070523060373,0.21821534140946075,0.21477211477509572,0.21128259498656965,0.20974906338567875,0.20663168405419244,0.20328406908012547]},"train_loss":0.20328406908012547,"val_accuracy":0.8805,"_wandb":{"runtime":314},"test_accuracy":0.8722,"train_accuracy":0.9289444444444445,"_step":43,"confusion_matrix_table":{"artifact_path":"wandb-client-artifact://hvgu0ooeg2y6boh0933a6k723wj3k15fddr6ijl5717iohc73f5w5n091m8r2gzxt98jgaaatafc0nzba6es4qol8y5zde9rpifwelbzbnz3su8usk89vuseh3bwwfwa/confusion_matrix_table.table.json","_latest_artifact_path":"wandb-client-artifact://ly7vbp2v19rcnlproacf2llivmhycsbahhhqnvgmyqhx9euyvl8g9jj5tl16knpc23mw497nih1bkhzg048rv1usbk276vmjugcn32lj7gf78fl1mu0y6e9q5sqbyzzq:latest/confusion_matrix_table.table.json","path":"media/table/confusion_matrix_table_43_a08d5550983d4f9f7994.table.json","ncols":3,"nrows":100,"_type":"table-file","sha256":"a08d5550983d4f9f79944a7aed9df000bb9d93c2c42763db02ea4bd1f35c08be","size":2930},"_timestamp":1.7413581462137115e+09,"epoch_time":6.698197841644287,"val_loss":0.32042745766782016,"_runtime":314.441790585}