{"epoch":40,"val_loss":0.3421880780870396,"epoch_time":5.441444396972656,"confusion_matrix_table":{"size":2935,"artifact_path":"wandb-client-artifact://kp93r3q02o6jiqo9jpavioyhtzpbwy6m0hn4edcjq0yhqi5m74kv9hotnjo4zd8ox01i7pznqq1p1uwqv187mn197rypm828rz3hshzzjl3dbr96qlg2yb1zxqlkhe88/confusion_matrix_table.table.json","_latest_artifact_path":"wandb-client-artifact://hjatpjq7nqt7fb6dt41i0y4ffnduwqca2d5i5nin2su5f9fdqdplsuc1ohnm1b0emsal55snngriajmo4pvtivh4u9i0lvt6sfc82zpqjhzcedi5sd1ql67i6ogjn2ko:latest/confusion_matrix_table.table.json","path":"media/table/confusion_matrix_table_43_4a626714c06d94dcd151.table.json","ncols":3,"nrows":100,"_type":"table-file","sha256":"4a626714c06d94dcd151fd04a46758dc39d7bf8aba6b07c0d2a1c5765cfaa247"},"_timestamp":1.741363929689246e+09,"train_loss":0.2935618369734983,"total_training_time":216.9740777015686,"_runtime":218.160730617,"_step":43,"train_accuracy":0.8935925925925926,"test_accuracy":0.8583,"Model Run history":{"val_acc":[0.8443333333333334,0.8338333333333333,0.861,0.869,0.852,0.843,0.8591666666666666,0.8568333333333333,0.8703333333333333,0.8581666666666666,0.8658333333333333,0.885,0.8681666666666666,0.8613333333333333,0.881,0.8643333333333333,0.8586666666666667,0.8738333333333334,0.8753333333333333,0.883,0.8773333333333333,0.8785,0.8821666666666667,0.8675,0.8778333333333334,0.8796666666666667,0.888,0.8748333333333334,0.8606666666666667,0.8641666666666666,0.8738333333333334,0.85,0.8826666666666667,0.8775,0.8746666666666667,0.8791666666666667,0.88,0.8638333333333333,0.8813333333333333,0.8751666666666666],"train_loss":[0.5448702833961928,0.4172801572716797,0.38933990343788744,0.3745932312608136,0.36372585820092046,0.3570289442410302,0.35054188788619706,0.3427532860255208,0.33945038953164747,0.33326756528587187,0.331635926333362,0.3311416735374125,0.3262381914190169,0.3234269627087034,0.3246594123373681,0.3206182445266885,0.3179609168507139,0.3143221817171143,0.31535027884136135,0.3151504225706154,0.3134794573336121,0.31082438391812417,0.30844129627176686,0.30756252159423564,0.3064807471444358,0.3047778692873354,0.3035213218707558,0.30473279983944873,0.3011675673478518,0.3009740023201642,0.30304564330264244,0.2988657985342419,0.2994261444996682,0.29916027876157897,0.29879144779995476,0.297141585279898,0.29674713769153893,0.2966698447457678,0.29530520534486265,0.2935618369734983],"train_acc":[0.7996851851851852,0.8499629629629629,0.859574074074074,0.8662222222222222,0.8711851851851852,0.8722592592592593,0.8753703703703704,0.8774444444444445,0.8791111111111111,0.880962962962963,0.8810370370370371,0.8799074074074074,0.8829444444444444,0.8830740740740741,0.882462962962963,0.8843333333333333,0.8860370370370371,0.8867222222222222,0.8870555555555556,0.8870370370370371,0.8877592592592592,0.8889074074074074,0.8902777777777777,0.8892407407407408,0.8891481481481481,0.890462962962963,0.8897962962962963,0.8896481481481482,0.8905185185185185,0.8918888888888888,0.8919444444444444,0.892074074074074,0.890537037037037,0.891425925925926,0.8919814814814815,0.8930925925925925,0.8931666666666667,0.8927037037037037,0.892537037037037,0.8935925925925926],"val_loss":[0.41503196158144523,0.4462015005623328,0.4045453190859417,0.3687977571758176,0.4132059010118787,0.4395482713327487,0.3683402722410366,0.3690966258605678,0.36539671587122363,0.3725137377006061,0.3573251919895532,0.3282936156434707,0.37936601722416685,0.40785082629476954,0.3372840795095354,0.3916790492130015,0.42739678510707807,0.360316991203973,0.3373756882923627,0.32975670589613015,0.3664919718397767,0.33842261445370514,0.32809197562543324,0.3665670227985703,0.3358114296618701,0.33615745793895097,0.3233894290501407,0.3470863384883456,0.390797552891246,0.412487830719795,0.36261796490043086,0.41466632121603403,0.3291807038274034,0.3521811409898188,0.35885945389765844,0.3465448049583644,0.34449198180280494,0.37405933878938485,0.33870572184304476,0.3421880780870396]},"val_accuracy":0.8751666666666666,"_wandb":{"runtime":218}}