{"train_loss":0.41595308947327875,"train_accuracy":0.8576296296296296,"val_loss":0.43659609923811266,"_step":13,"test_accuracy":0.8377,"Model Run history":{"train_acc":[0.8045555555555556,0.845462962962963,0.8498148148148148,0.8550740740740741,0.8536481481481482,0.8551111111111112,0.8563888888888889,0.8584259259259259,0.8562037037037037,0.8576296296296296],"val_loss":[0.4612923484977621,0.46423345621825796,0.4357438418115331,0.4361050761990213,0.42242563286100177,0.41751396266262714,0.4522960379233502,0.4186963100896473,0.4121248919941603,0.43659609923811266],"val_acc":[0.8375,0.8371666666666666,0.8495,0.8506666666666667,0.8596666666666667,0.8593333333333333,0.8373333333333334,0.856,0.8605,0.8438333333333333],"train_loss":[0.5951147786600359,0.45137935908206733,0.4366756999844448,0.4279325134406422,0.42434301887025044,0.42097761324895144,0.41872579421629325,0.4147746470249442,0.41692639906386986,0.41595308947327875]},"epoch_time":1.350520133972168,"val_accuracy":0.8438333333333333,"_runtime":14.752838214,"_timestamp":1.7412428500016642e+09,"_wandb":{"runtime":14},"epoch":10,"total_training_time":13.46895718574524,"confusion_matrix_table":{"_type":"table-file","sha256":"865c60539c5d0b7f7db2b86debacdb529b22c25054bd1df0e8fe76f269527e03","size":2931,"artifact_path":"wandb-client-artifact://ohw15ygqc4fwz7s3fl2dja0g41zmqner0e7s3xnof4rss0moqary1mg0fkjlzc72p4ihd02wr3w3ieby0br6z6syoov624u4oabdbc1sbl7xipl2uas0v4iky9fjjtgl/confusion_matrix_table.table.json","_latest_artifact_path":"wandb-client-artifact://ukk4mk42uy46sdrp9cvgoavrp82h0wsnkyq3fni0nzmxcuqaou7waf9u3nuyjsj0epvey0x6tto13av1caic0lbphsvgru5g81zn1hua1s1hg3akpd0q2ewzsv1cpbj5:latest/confusion_matrix_table.table.json","path":"media/table/confusion_matrix_table_13_865c60539c5d0b7f7db2.table.json","ncols":3,"nrows":100}}