{"total_training_time":136.66014766693115,"train_accuracy":0.8587777777777778,"test_accuracy":0.8467,"val_accuracy":0.8535,"epoch_time":8.622363805770874,"_timestamp":1.7413407017043734e+09,"confusion_matrix_table":{"artifact_path":"wandb-client-artifact://1h8vjqeun6e6gk6fpommpe69dv6rgd4mj6ryinxfw8xcwi5nq9e9hsce3esw13v7qxiyshn9fle3up2jpoc9kbq6e32uecb6i5bqrukdo734wuj2mdwpov65dygzy5s6/confusion_matrix_table.table.json","_latest_artifact_path":"wandb-client-artifact://s5tmiq2iisws24pnyfxesq2s6yzaj032yex3xot28i1abfajeenngnq60ep3so3cxkhsepbvuwfj0yw4vr1ljw80ph6phshleqxrkh9kxatrctswb06defdi165q4g3f:latest/confusion_matrix_table.table.json","path":"media/table/confusion_matrix_table_18_7b6b5f3e46ca2deab018.table.json","ncols":3,"nrows":100,"_type":"table-file","sha256":"7b6b5f3e46ca2deab0180aba47307658edeb3470f1b3d3d14d43c46b516f1981","size":2935},"val_loss":0.39543379859161737,"_runtime":137.914302823,"Model Run history":{"train_acc":[0.7775,0.8210740740740741,0.8318703703703704,0.8376296296296296,0.843574074074074,0.8464074074074074,0.8496851851851852,0.8503888888888889,0.8527222222222223,0.8535555555555555,0.8537777777777777,0.855574074074074,0.857537037037037,0.8584074074074074,0.8587777777777778],"val_loss":[0.472261838025489,0.47771103399933607,0.4968790896012456,0.4062114405073407,0.40194984594261896,0.40471078071622957,0.4531528980489406,0.5194895070077852,0.394162229200111,0.4066869386174883,0.3951000651047489,0.40040648871868134,0.4072201499883447,0.47219024626425316,0.39543379859161737],"val_acc":[0.8251666666666667,0.8156666666666667,0.8141666666666667,0.8526666666666667,0.851,0.8505,0.8336666666666667,0.8165,0.8505,0.8511666666666666,0.8565,0.8528333333333333,0.8545,0.8323333333333334,0.8535],"train_loss":[0.6314369938244535,0.4984140403746856,0.46927649864443965,0.4518016577398591,0.43703251337427335,0.42907771376750037,0.4236143818167607,0.4190461533026124,0.41360048537276484,0.40939212996419444,0.4060937807389275,0.4046201957212898,0.40058037661094054,0.400937923145846,0.3986471388397611]},"_wandb":{"runtime":137},"epoch":15,"train_loss":0.3986471388397611,"_step":18}