{"epoch_time":1.2576303482055664,"confusion_matrix_table":{"size":2935,"artifact_path":"wandb-client-artifact://7mvh79mnib5pphhc7znfpyy5ihxr2zrbcho3qmp39m4iv1how7q9o76h55093f1ld0uifb04cgujf2h7xt3vtuqbfpuvlo3tmg77h4xccai3tl3rt1sm6nfwf729qpbl/confusion_matrix_table.table.json","_latest_artifact_path":"wandb-client-artifact://qgvmqft70o4bcq3aqiyrvmyqos5t5yz347xw8omtznbxjibosqw86bobz4x5iywagh3e252heltl6bgo7904ukp4bb0wipgkukyumz80rge3eebmix1zxx0eb8hti7qh:latest/confusion_matrix_table.table.json","path":"media/table/confusion_matrix_table_8_62497dbd92ef564c3cef.table.json","ncols":3,"nrows":100,"_type":"table-file","sha256":"62497dbd92ef564c3cefbf5c7fe910a907cba72b79dfd78bc9c4991c7710c95a"},"val_accuracy":0.6911666666666667,"_runtime":7.023383577,"train_accuracy":0.7111851851851851,"_step":8,"_wandb":{"runtime":7},"_timestamp":1.7412041129493568e+09,"test_accuracy":0.698,"Model Run history":{"val_loss":[2.3012067633009714,1.3365594468659325,1.2082123652260943,0.9217565453976156,0.8493037464574357],"val_acc":[0.2475,0.475,0.5268333333333334,0.6355,0.6911666666666667],"train_loss":[2.3024452634133024,2.058769928191655,1.1405625404978037,0.9718452439719745,0.8057184561373375],"train_acc":[0.10757407407407407,0.23098148148148148,0.5277407407407407,0.6195555555555555,0.7111851851851851]},"epoch":5,"val_loss":0.8493037464574357,"total_training_time":5.837273359298706,"train_loss":0.8057184561373375}