{"confusion_matrix":{"height":800,"_type":"image-file","sha256":"0fe066c8fdb923cdb97cee6773f03e55aa7aef3c5f5bf29b9990bb39b0849e2d","size":47739,"path":"media/images/confusion_matrix_4_0fe066c8fdb923cdb97c.png","format":"png","width":1000},"epoch_time":5.912604570388794,"epoch":2,"total_training_time":11.757462501525879,"_step":4,"train_accuracy":0.11955555555555555,"_runtime":13.139215721,"test_accuracy":0.1,"val_accuracy":0.09,"_wandb":{"runtime":13},"train_loss":2.296273218736912,"_timestamp":1.741005351150517e+09,"val_loss":2.2768757231075267}