{"_step":13,"test_accuracy":0.9569,"_runtime":23.424166666,"total_training_time":21.833478212356567,"val_accuracy":0.9573333333333334,"Model Run history":{"train_acc":[0.11040740740740741,0.11125925925925927,0.1112962962962963,0.11183333333333334,0.21685185185185185,0.6239629629629629,0.8926111111111111,0.9359444444444445,0.9521111111111111,0.960574074074074],"val_loss":[2.3007538589758285,2.300721150418937,2.3005330481111406,2.3004053615335187,1.4641005962603872,0.6265758746800189,0.2864333546780569,0.20825973062446163,0.17526369359256208,0.1589356374958349],"val_acc":[0.11716666666666667,0.11716666666666667,0.11716666666666667,0.11716666666666667,0.43666666666666665,0.8271666666666667,0.921,0.9438333333333333,0.9516666666666667,0.9573333333333334],"train_loss":[2.3017154288618307,2.3016382319511868,2.301687038622133,2.3015218247457194,1.9971975238191444,1.0635542551169117,0.37984914587585966,0.2234018154473185,0.1682717427427509,0.13768520336593376]},"train_loss":0.13768520336593376,"val_loss":0.1589356374958349,"train_accuracy":0.960574074074074,"_wandb":{"runtime":23},"confusion_matrix_table":{"ncols":3,"nrows":100,"_type":"table-file","sha256":"58f260fd6f733d2b446a939a8f9043c817343f2503fffd76520d6489c42cad0d","size":1796,"artifact_path":"wandb-client-artifact://jjpj90c9yt9fvacm2cc803y390gdug692na9bqeh8nxkv1xufke41q9rtavr17bwoxfkwpjed9cy7wvghl1h5tsv6ueahcu30g2sj15fnu22gaqhsgv1bwbv8x8f8xfl/confusion_matrix_table.table.json","_latest_artifact_path":"wandb-client-artifact://6geejomlzhpdo12pupssll7n1zgtbvw4egpj9htk4l8rpk0dkbvqhqfcmbf8yr6nalgod5easpp0cw36hsf1nos3wpujbt7azkj7mfxvb11arjfddnp7i4o7ygdj8fta:latest/confusion_matrix_table.table.json","path":"media/table/confusion_matrix_table_13_58f260fd6f733d2b446a.table.json"},"epoch_time":2.1608164310455322,"_timestamp":1.7422131826472292e+09,"epoch":10}