{"test_accuracy":0.8402,"Model Run history":{"train_loss":[0.5867916031456429,0.4407587745447895,0.4216261815687145,0.4146001756168101,0.40989405961468023,0.40424197823149083,0.3980272946144576,0.39611434499621234,0.3924650788825955,0.3901068768413947],"train_acc":[0.7992592592592592,0.8484814814814815,0.8537962962962963,0.8554074074074074,0.8574074074074074,0.8588518518518519,0.8612777777777778,0.861537037037037,0.8628518518518519,0.8639814814814815],"val_loss":[0.45604292059462376,0.43991102012394495,0.4409239745292572,0.41536704398081037,0.40337028732760655,0.40733936109107105,0.43115202407995834,0.40136831263011724,0.3998288585712148,0.4371409536686962],"val_acc":[0.8403333333333334,0.8461666666666666,0.8435,0.8581666666666666,0.8613333333333333,0.8621666666666666,0.8471666666666666,0.858,0.8585,0.846]},"train_loss":0.3901068768413947,"val_accuracy":0.846,"_runtime":27.170323345,"_timestamp":1.7412406948562074e+09,"epoch":10,"total_training_time":25.947689294815063,"_wandb":{"runtime":27},"confusion_matrix_table":{"_type":"table-file","sha256":"b4e8ad8478657035063c85374a9bcdbeacb81b014b4186c66371c2571cc508db","size":2938,"artifact_path":"wandb-client-artifact://5qj0n5ngwffv4491xljpuzu30roevr3uu181ex95jvki2zifjj3e4jja2gvsdj3vg4owk5xs3d9hz86gc1t5thbkmhfevoqdf7azni758065p3ry9ywkmhkn0b0m0d7n/confusion_matrix_table.table.json","_latest_artifact_path":"wandb-client-artifact://u9enov3okjiouccqjsih3op2n3of8ol3a29uygjawnm8vlk2qstouzf323n3mg19522mxrdfu7nyqsg18ei2umiq0ejohwh50e0jmfdbbf959d7j1n48lua571tiqybp:latest/confusion_matrix_table.table.json","path":"media/table/confusion_matrix_table_13_b4e8ad8478657035063c.table.json","ncols":3,"nrows":100},"train_accuracy":0.8639814814814815,"_step":13,"epoch_time":2.42026424407959,"val_loss":0.4371409536686962}