{"train_loss":NaN,"_runtime":60.093017778,"val_accuracy":0.10183333333333333,"_timestamp":1.7411640394831731e+09,"epoch_time":59.47900176048279,"_wandb":{"runtime":67},"val_loss":NaN,"_step":0,"train_accuracy":0.09987037037037037,"epoch":1}