{"test_accuracy":0.1,"_wandb":{"runtime":19},"train_accuracy":0.1009,"val_loss":2.302597189901797,"epoch":10,"_step":12,"confusion_matrix":{"size":48048,"path":"media/images/confusion_matrix_12_d718fd620d48d3de254b.png","format":"png","width":1000,"height":800,"_type":"image-file","sha256":"d718fd620d48d3de254bd7d6b123b64f2097c537aec1fda468eee27dd764429b"},"_runtime":19.134421499,"epoch_time":1.8659417629241943,"train_loss":2.3025834652659762,"total_training_time":17.925034999847412,"_timestamp":1.7409110915379896e+09,"val_accuracy":0.0955}