{"epoch":2,"_runtime":23.893372617,"train_accuracy":0.8578333333333333,"train_loss":0.38852596754142193,"total_training_time":22.38914942741394,"_timestamp":1.741006136399903e+09,"_wandb":{"runtime":23},"epoch_time":11.234681129455566,"val_loss":0.40950834070433034,"val_accuracy":0.8631666666666666,"_step":4,"test_accuracy":0.8543,"confusion_matrix":{"_type":"image-file","sha256":"83eabf13b22c53bb1dba097b8439c5de01b7bffc5e3bcfc6984b4195be8e5aa6","size":61485,"path":"media/images/confusion_matrix_4_83eabf13b22c53bb1dba.png","format":"png","width":1000,"height":800}}