{"confusion_matrix_table":{"size":1787,"artifact_path":"wandb-client-artifact://44xumc2n7l0i164cciita876ctq8z7lk2efja1p6vm1m6m149an4aoyegfn91cihddvv92mpsqtrvbj61u5vnz0cm7p9pcpvhg7e5w6je1yxtex78a0ojx76rh7sqtr6/confusion_matrix_table.table.json","_latest_artifact_path":"wandb-client-artifact://9pd66hdg8wdcnvx2vfrg6lpe0lyveyl0zlhr930uefko3lpxrfohnunnb0es2y2aam38nkhw42l2lmpe2cay8uamzb1726o1vuodudh42pogge66539c2g8d40mxx80a:latest/confusion_matrix_table.table.json","path":"media/table/confusion_matrix_table_8_2b35394379a5c5204b1f.table.json","ncols":3,"nrows":100,"_type":"table-file","sha256":"2b35394379a5c5204b1fe26e6cc5b44a352795caeb30c2a6807321008b711fd8"},"epoch":5,"Model Run history":{"train_acc":[0.10381481481481482,0.10248148148148148,0.10637037037037037,0.10231481481481482,0.10403703703703704],"val_loss":[15.609164035029458,85.64644578178417,210.01059412134794,381.8791139463479,596.8269972537744],"val_acc":[0.09116666666666666,0.10683333333333334,0.09683333333333333,0.09683333333333333,0.10516666666666667],"train_loss":[1100.3190280793851,16356.994659118676,52769.19253411182,108548.25269878621,182160.59791024227]},"test_accuracy":0.1135,"total_training_time":71.47409844398499,"epoch_time":14.214497804641724,"_wandb":{"runtime":73},"train_accuracy":0.10403703703703704,"_timestamp":1.7422134830676422e+09,"val_accuracy":0.10516666666666667,"_runtime":73.378408487,"val_loss":596.8269972537744,"train_loss":182160.59791024227,"_step":8}