{"train_accuracy":0.918425925925926,"_runtime":156.958780966,"epoch":40,"_step":43,"_wandb":{"runtime":156},"confusion_matrix_table":{"artifact_path":"wandb-client-artifact://12wycpmdkdtfm3czj2uoxgr6e7yvp6tp2ccdelsx0r12lycxj2tlg0byrcn23twp65dyyknlu71ucoxrtmagg8nkadk2za4mdmqkv9w6b1504xh6du9tur6i0jq8bps7/confusion_matrix_table.table.json","_latest_artifact_path":"wandb-client-artifact://9gcz6h5wowdtj3ryaqouypv9kslnq97jx06y5y2m2rmqoa9peyn5ln7xavwlz2das0h2uzn41sq8gaonkqrtmakzqp734eq5kd7dzqbcsyrkkb0waxyrsnuc3s4afgp1:latest/confusion_matrix_table.table.json","path":"media/table/confusion_matrix_table_43_a1dc968cb7c83047706f.table.json","ncols":3,"nrows":100,"_type":"table-file","sha256":"a1dc968cb7c83047706fdda32f77745494c0067f8dd1c21c2781d336f836cdac","size":2928},"_timestamp":1.7413569379623046e+09,"Model Run history":{"val_acc":[0.7981666666666667,0.8233333333333334,0.823,0.8501666666666666,0.8575,0.8585,0.8611666666666666,0.867,0.8638333333333333,0.8703333333333333,0.8506666666666667,0.8703333333333333,0.8653333333333333,0.8785,0.8746666666666667,0.8783333333333333,0.8825,0.882,0.8745,0.8846666666666667,0.8776666666666667,0.8783333333333333,0.8821666666666667,0.8818333333333334,0.873,0.8843333333333333,0.8845,0.8858333333333334,0.8848333333333334,0.884,0.8856666666666667,0.8823333333333333,0.8836666666666667,0.883,0.8831666666666667,0.888,0.8865,0.8851666666666667,0.8795,0.8876666666666667],"train_loss":[0.7904880851872688,0.5127886959895477,0.4604344679839501,0.43010219743973727,0.4073626070951263,0.38943478885446814,0.3788980162307947,0.367299032002774,0.35556776721907274,0.3467549457436472,0.3385144479968791,0.33222663869758295,0.3256910197029538,0.31990497800682405,0.31345016000181675,0.30824846480886975,0.3029369441843495,0.2987338530916314,0.2955557630645955,0.2902421026152471,0.28551328323740544,0.2823040792220135,0.2785311324987087,0.2752189006673075,0.2729044771460948,0.26889127256727186,0.2647396255523371,0.2609140129114102,0.2584577381138835,0.25543457017284765,0.2529021188165841,0.2507917210665891,0.24755581421202225,0.2440870174692259,0.2410157074347264,0.2391408082533807,0.23621643548766974,0.23393303982466962,0.23211719759881894,0.2280160128437513],"train_acc":[0.7378148148148148,0.8191851851851852,0.8378703703703704,0.8491666666666666,0.8572592592592593,0.8633148148148149,0.8661666666666666,0.8697222222222222,0.8734444444444445,0.8758888888888889,0.8796111111111111,0.881962962962963,0.8838518518518519,0.8851666666666667,0.8875740740740741,0.8892407407407408,0.8911111111111111,0.8919814814814815,0.8935925925925926,0.895074074074074,0.8976666666666666,0.8982777777777777,0.8992592592592593,0.9019814814814815,0.9015740740740741,0.9029259259259259,0.9048703703703703,0.906537037037037,0.9065185185185185,0.9076666666666666,0.9086481481481481,0.9089259259259259,0.9106481481481481,0.9116296296296297,0.9140555555555555,0.9152777777777777,0.9144814814814815,0.9165,0.916074074074074,0.918425925925926],"val_loss":[0.5487466533107428,0.48032674949152715,0.47292741965475815,0.4239659849227846,0.3996967799426683,0.3983153975865402,0.3830684967401673,0.374684457990516,0.37624358920210726,0.36260208666235966,0.4012077156727379,0.36266595436374127,0.3672580208313828,0.34048737979612037,0.3450961502756635,0.34042441494765835,0.33204172050780045,0.3296696591363848,0.3438716139121636,0.32236313594107663,0.3310911552299307,0.33318030597382503,0.32408830808631084,0.3247999110437247,0.3512204694850326,0.317945460517728,0.32178768645740463,0.3124212562447316,0.31676290616468106,0.31083849672743186,0.31898744259048883,0.32882556484310965,0.31608354939941674,0.3143674702047525,0.3190582279607273,0.30551764567942075,0.3162676008325933,0.31631056643772276,0.32559960742732486,0.3103501319700383]},"val_loss":0.3103501319700383,"epoch_time":3.9027464389801025,"val_accuracy":0.8876666666666667,"train_loss":0.2280160128437513,"test_accuracy":0.8804,"total_training_time":155.6889045238495}