{"_runtime":8.164274739,"val_loss":0.4100784751265802,"epoch_time":1.4561142921447754,"epoch":5,"train_accuracy":0.8586851851851852,"train_loss":0.3868079133890229,"confusion_matrix_table":{"size":2934,"artifact_path":"wandb-client-artifact://fa54zw0xnvaggt5x74syxc2dffo3gz3fgt6c6kynvmp91ppjfv3bjftt2h48p2ul2gu9qfxis33b8b0ewhxs78v7xvi0ft0xt7nfhgnx00tbzw28tnyf5we771qwk1eu/confusion_matrix_table.table.json","_latest_artifact_path":"wandb-client-artifact://57f4fyvqwagjz20nahu7v9tlsakqc6wntyi75ye3j3flmvcq2f6h7gpgkvc3wvna1n18ugi65gx2xa7vrii24eavlnwyfisw9kfb6z7s2rj0b3fcqjjbhxahxz08nk1w:latest/confusion_matrix_table.table.json","path":"media/table/confusion_matrix_table_8_903b93826b4977b74f7a.table.json","ncols":3,"nrows":100,"_type":"table-file","sha256":"903b93826b4977b74f7a811912e357190e9026dfe795d441fd74b8b98eba1467"},"_timestamp":1.7411945193123345e+09,"_wandb":{"runtime":8},"val_accuracy":0.8566666666666667,"total_training_time":7.120402574539185,"test_accuracy":0.8487,"_step":8,"Model Run history":{"train_loss":[0.592365863394068,0.45391556402319105,0.42174926009894304,0.3992283594226905,0.3868079133890229],"train_acc":[0.7832407407407408,0.8366666666666667,0.8467592592592592,0.8536666666666667,0.8586851851851852],"val_loss":[0.47401682126937705,0.4760449549388815,0.40294726188789537,0.41799362130351925,0.4100784751265802],"val_acc":[0.8325,0.8283333333333334,0.854,0.8445,0.8566666666666667]}}