{"train_loss":0.353119125626142,"_step":8,"test_accuracy":0.855,"val_loss":0.40350413784088784,"val_accuracy":0.8691666666666666,"epoch_time":6.14784574508667,"total_training_time":31.09707283973694,"Model Run history":{"val_acc":[0.8526666666666667,0.8561666666666666,0.8793333333333333,0.8705,0.8691666666666666],"train_loss":[0.5057087057884946,0.3980935692786801,0.37734980670514906,0.3641424581538491,0.353119125626142],"train_acc":[0.8164814814814815,0.8583703703703703,0.8676296296296296,0.8742592592592593,0.8805185185185185],"val_loss":[0.4034722291986259,0.423511594725717,0.3644078914578547,0.40440265738531717,0.40350413784088784]},"epoch":5,"_runtime":32.243345501,"confusion_matrix_table":{"nrows":100,"_type":"table-file","sha256":"a3fbac9d2a409b79212616432f2f0ae752c7ee87092a5df2f540f9c1dad70af7","size":2932,"artifact_path":"wandb-client-artifact://kuvz0jglb3e1abxhpjb18016dukv7d7cjs56jujreri12ywiaiihvpyt5h71djmj5jm978bbbexihcv8w8xqo39k8wzk8v3bl9c5n4n9a98phi6lnbjejgjv3dpkfko0/confusion_matrix_table.table.json","_latest_artifact_path":"wandb-client-artifact://804kcic238bves7tcr964o9382u6wjf8atmg3fnde3facbbf6491iblpvapqzy4ue6to8y5orm1uma4asxcuwgypglz7ll9zsd6h9p101gz046n11wn1zqst2ylpcvz3:latest/confusion_matrix_table.table.json","path":"media/table/confusion_matrix_table_8_a3fbac9d2a409b792126.table.json","ncols":3},"_wandb":{"runtime":32},"_timestamp":1.741194851440091e+09,"train_accuracy":0.8805185185185185}