{"epoch_time":2.3061602115631104,"_step":12,"test_accuracy":0.862,"epoch":10,"train_accuracy":0.87882,"_timestamp":1.740908732519779e+09,"_runtime":23.175762288,"confusion_matrix":{"sha256":"042979fc1f8f5301cc4eb188ecfb7a33d0b361ba9e4ac5d80e602bd819641310","size":62310,"path":"media/images/confusion_matrix_12_042979fc1f8f5301cc4e.png","format":"png","width":1000,"height":800,"_type":"image-file"},"train_loss":0.34321028251684726,"val_loss":0.37175594794869765,"_wandb":{"runtime":23},"val_accuracy":0.867,"total_training_time":22.05460262298584}