{"confusion_matrix":{"_type":"image-file","sha256":"dd9b3f37d0c1d24c834da761962f389890c7f609ff3b8a61cfd1081c02f2a08b","size":61826,"path":"media/images/confusion_matrix_4_dd9b3f37d0c1d24c834d.png","format":"png","width":1000,"height":800},"test_accuracy":0.8203,"train_accuracy":0.802,"_wandb":{"runtime":9},"epoch_time":4.109097003936768,"_timestamp":1.7410055564764075e+09,"total_training_time":8.130835056304932,"train_loss":0.5585491094749517,"_runtime":9.403378347,"epoch":2,"val_loss":0.4960346309176788,"val_accuracy":0.8366666666666667,"_step":4}