{"val_accuracy":0.8871666666666667,"total_training_time":101.79474544525146,"_timestamp":1.7413438408035395e+09,"test_accuracy":0.8762,"_wandb":{"runtime":102},"train_accuracy":0.9185740740740741,"epoch":40,"_runtime":102.872495161,"confusion_matrix_table":{"_type":"table-file","sha256":"d7f44494fece5b76ac8b227dcd0b28cd80e1e58310c92ed67f0f0ae2ba4a4b2d","size":2928,"artifact_path":"wandb-client-artifact://aa4azy6qpmu9seov7ogznfru9dyq71e0l9354lxd9gd6qnnent1vdd5ownsdc9w28y9tkciavcgl29rfnkrd3t3cj4y4ll2hnf1ljpm0qirhze5zcoo2c4036g9x71tq/confusion_matrix_table.table.json","_latest_artifact_path":"wandb-client-artifact://thk05tq0kl7x1r081i3hbs8jg59r4080fyllex1g9k5asxhalncfgc3orji9f2hriubt7lq43i7g9qhvsfmel43sobyzmb9q7x6pa5t96514zspo2jmkr7besagyhp55:latest/confusion_matrix_table.table.json","path":"media/table/confusion_matrix_table_43_d7f44494fece5b76ac8b.table.json","ncols":3,"nrows":100},"val_loss":0.3113437779136834,"Model Run history":{"train_loss":[0.7989448127898663,0.5112420332831747,0.4575194223572186,0.42381107397267825,0.40307679995680396,0.3860229735251988,0.37330962439716164,0.36164869496272134,0.35198209681000237,0.34326773236180813,0.3351976934481579,0.3287640705890494,0.32231956543482343,0.3156644541449096,0.30992379089786964,0.3054394343369971,0.299997723024362,0.29382878920698735,0.2902748507952612,0.28678530948528325,0.28150860460908145,0.27881952997532383,0.273580305386789,0.2703962963101099,0.2668833134444473,0.26313831253175246,0.2602414674863912,0.2579654766210906,0.2528664616045617,0.25267345683516085,0.24726885541134525,0.24597830880786278,0.24215620370598226,0.23874937670469526,0.2371289413694419,0.23428871284774497,0.23076189272746814,0.22900531572873978,0.22671689714953586,0.22460270684729067],"train_acc":[0.7265185185185186,0.8208333333333333,0.8413518518518519,0.8513148148148149,0.859537037037037,0.8635925925925926,0.8691851851851852,0.8726481481481482,0.8755740740740741,0.8795,0.8795,0.881537037037037,0.8857222222222222,0.886962962962963,0.8883703703703704,0.8899814814814815,0.8913888888888889,0.8941111111111111,0.8967592592592593,0.8961296296296296,0.899074074074074,0.9005,0.9019259259259259,0.9031851851851852,0.9030925925925926,0.9052777777777777,0.9053333333333333,0.9061111111111111,0.9079074074074074,0.907962962962963,0.9096666666666666,0.9105740740740741,0.9124629629629629,0.9142222222222223,0.9138703703703703,0.9149074074074074,0.9166111111111112,0.9176296296296297,0.9176296296296297,0.9185740740740741],"val_loss":[0.5476290058920615,0.5285570764363933,0.4325935604675317,0.40816828192512983,0.40364985081814153,0.40148813855729115,0.38218227537978233,0.36630406310961955,0.3642624146176526,0.34768806309333755,0.37213181011045826,0.3821214354293807,0.3314601806484733,0.3495707433973548,0.32940554564751945,0.35914410456161827,0.33122914223727357,0.3660859521317765,0.31387844263867487,0.3239503185091893,0.3254162073007594,0.313750501897248,0.3166511954840485,0.31438549659481163,0.30418291882815934,0.33309780416984436,0.31250725285845227,0.308717138479738,0.3044911928075643,0.30688100944224017,0.30711327906437624,0.30167739717009173,0.31079041379941136,0.30237625061911355,0.32150489737486715,0.3213576062190076,0.3104458234956344,0.2980204521675254,0.3123969055769998,0.3113437779136834],"val_acc":[0.8043333333333333,0.8171666666666667,0.8415,0.8535,0.8533333333333334,0.8546666666666667,0.8628333333333333,0.868,0.8678333333333333,0.8741666666666666,0.8646666666666667,0.8576666666666667,0.883,0.8718333333333333,0.8806666666666667,0.8708333333333333,0.8828333333333334,0.8651666666666666,0.8826666666666667,0.8796666666666667,0.8841666666666667,0.8868333333333334,0.8833333333333333,0.8846666666666667,0.8871666666666667,0.8795,0.8821666666666667,0.886,0.8898333333333334,0.8855,0.8893333333333333,0.8888333333333334,0.8875,0.8913333333333333,0.8865,0.8855,0.8906666666666667,0.8918333333333334,0.886,0.8871666666666667]},"epoch_time":2.030395984649658,"_step":43,"train_loss":0.22460270684729067}