{"train_loss":0.3096278223503133,"_step":13,"test_accuracy":0.8519,"epoch":10,"total_training_time":21.67022156715393,"_runtime":22.894702378,"_wandb":{"runtime":22},"train_accuracy":0.8877777777777778,"epoch_time":1.888082504272461,"_timestamp":1.7412427071677682e+09,"val_loss":0.37040045801380034,"val_accuracy":0.8676666666666667,"confusion_matrix_table":{"sha256":"d364314240e268e8586c4dee53b30ccf40a896dffbcc609c395648262d16f616","size":2930,"artifact_path":"wandb-client-artifact://2z5mva0itpdp6rukmefrmxtgggbyiii1yw3ud5pfz14sawa7dguhixidienjxxg47gq6hlmln0mh2ula4c8i7gunl7dafjv3xu4qnf227ciih4387bqxtvxdyzbxd0lf/confusion_matrix_table.table.json","_latest_artifact_path":"wandb-client-artifact://irkq5zn2g2kfmzn6xy1s9t68c7oypa9vwh6r2uwj8pd5vn671jtyict51f5hm2rpqazsfnl23iw6uwhvv4req72d7ozcnjonmp9jtnoxq6f1i92owbzitd9yk9k31p13:latest/confusion_matrix_table.table.json","path":"media/table/confusion_matrix_table_13_d364314240e268e8586c.table.json","ncols":3,"nrows":100,"_type":"table-file"},"Model Run history":{"val_acc":[0.839,0.8578333333333333,0.8655,0.8713333333333333,0.8728333333333333,0.872,0.8711666666666666,0.8773333333333333,0.8743333333333333,0.8676666666666667],"train_loss":[0.5476235431390875,0.40917391302127987,0.3769490416562903,0.35983662272109823,0.3441382995208362,0.3343655700508161,0.3273758773656554,0.3197895642322029,0.3131810357007638,0.3096278223503133],"train_acc":[0.8103703703703704,0.8541111111111112,0.8648148148148148,0.8705925925925926,0.8764444444444445,0.8797222222222222,0.8817037037037037,0.8838518518518519,0.8855185185185185,0.8877777777777778],"val_loss":[0.4440047241309851,0.40511563025941477,0.3819016850839063,0.3711151892175947,0.36554612776199064,0.3648735927467925,0.3582722157963465,0.34878438813376905,0.3494174868310821,0.37040045801380034]}}