{"Model Run history":{"val_loss":[0.47151201952672545,0.424249431475656,0.3943709499008968,0.3729959118003549,0.3604314368466703,0.39343518249344517,0.40870005463785836,0.35973176902841125,0.35392300700153895,0.3705632999114963],"val_acc":[0.8286666666666667,0.8458333333333333,0.8556666666666667,0.8645,0.868,0.8535,0.8426666666666667,0.867,0.869,0.8628333333333333],"train_loss":[0.6269882045769996,0.4498595545747104,0.40731593800560945,0.38160876082004724,0.3657552829905212,0.35045954647178695,0.3443178611653662,0.3336002124949604,0.3271596602535828,0.32335556744534294],"train_acc":[0.7787407407407407,0.8400740740740741,0.8540555555555556,0.8622777777777778,0.8669814814814815,0.8731481481481481,0.8740740740740741,0.8789814814814815,0.8806481481481482,0.8812037037037037]},"_step":13,"_wandb":{"runtime":14},"_runtime":14.432532542,"train_loss":0.32335556744534294,"val_accuracy":0.8628333333333333,"train_accuracy":0.8812037037037037,"total_training_time":13.409749746322632,"test_accuracy":0.8546,"val_loss":0.3705632999114963,"epoch_time":1.120718002319336,"epoch":10,"confusion_matrix_table":{"_type":"table-file","sha256":"483038b8ff968ab1a88cd0d47775f2d6f0e2fca490dfbca3a8e971af666a4634","size":2931,"artifact_path":"wandb-client-artifact://fo7kzrj1b4uu08cupjfz1gy0vftdw54rjsnito7i7k9vhddv3uhunvdk66326s4y45ha02tbh02xbjypa45d69uotnobmzrnpv63ndd5uhmnxsb3g7i7mo0qpud74380/confusion_matrix_table.table.json","_latest_artifact_path":"wandb-client-artifact://72o7nq4u6e47l0t7p3njdlv6banrknbywzuq2s134ldp5ipqst00tepmpn20rs7onx9vks0k6gc3b25t5tbk0eikq2ibr7g504092b8fennhx1yxwwfumsmabomzg6t9:latest/confusion_matrix_table.table.json","path":"media/table/confusion_matrix_table_13_483038b8ff968ab1a88c.table.json","ncols":3,"nrows":100},"_timestamp":1.7412008948367157e+09}