{"val_loss":0.3748660251804181,"_runtime":161.635527336,"train_accuracy":0.8718333333333333,"test_accuracy":0.8574,"_timestamp":1.7413549561523972e+09,"_wandb":{"runtime":161},"_step":43,"train_loss":0.357090815833146,"epoch_time":3.7059645652770996,"Model Run history":{"val_loss":[0.44928005626055806,0.4128310013157648,0.39295391542861335,0.4078359894848573,0.37412255964336427,0.3809154418643123,0.40254558452726913,0.40043130132928234,0.40185493741486145,0.3744141234798724,0.39646468136569,0.3592645596175577,0.38707604443715765,0.37161313534745016,0.3700490993813399,0.3611861303714703,0.38909623513316616,0.38368379819645876,0.3721781869506681,0.361576337889022,0.36869882930944803,0.3624432346198824,0.37839682538944713,0.4079819757451372,0.36514007478742044,0.3775252827102272,0.37692393013839764,0.3710922779825182,0.38609044805555714,0.38865463655349186,0.3659020277184629,0.3498046568571064,0.3751332301212062,0.36003370619904174,0.36914893388539116,0.37047443552698245,0.3724497284270436,0.3689683118395484,0.3688193685906091,0.3748660251804181],"val_acc":[0.835,0.8465,0.8566666666666667,0.8471666666666666,0.8641666666666666,0.8623333333333333,0.8496666666666667,0.8553333333333333,0.8556666666666667,0.862,0.855,0.8673333333333333,0.8575,0.8661666666666666,0.868,0.8686666666666667,0.8591666666666666,0.8651666666666666,0.864,0.8693333333333333,0.865,0.8685,0.857,0.8485,0.867,0.8625,0.8645,0.8686666666666667,0.8606666666666667,0.8566666666666667,0.866,0.8723333333333333,0.8623333333333333,0.8678333333333333,0.8643333333333333,0.8641666666666666,0.8668333333333333,0.8643333333333333,0.8663333333333333,0.8628333333333333],"train_loss":[0.5704312863226177,0.4321822401822388,0.40800570885112075,0.39499974472710137,0.3870566095635544,0.38111795654559866,0.3776517761944462,0.3745807170063426,0.3715849631609512,0.3708769210505619,0.36889546626317193,0.3668213142328213,0.36548346324329684,0.36464895091521354,0.3631800962785196,0.36175956617654303,0.362272265801483,0.36240738804582945,0.35988910324367307,0.3599974427760667,0.3590613531438594,0.36217776442321864,0.3603094199941959,0.35852620953398584,0.3582075832668419,0.35959162903602804,0.35664411803702684,0.35870993045465704,0.3592859133750715,0.3564011503272326,0.35660108955448433,0.35604334953745903,0.3548679178079703,0.3559137477630827,0.35338638161860675,0.3543517938266214,0.3576457916213629,0.35577365004241673,0.35576172677479234,0.357090815833146],"train_acc":[0.8098703703703704,0.8497222222222223,0.8574074074074074,0.8608703703703704,0.8638888888888889,0.8657037037037038,0.8661296296296296,0.8660740740740741,0.8682777777777778,0.8690185185185185,0.8684074074074074,0.8698888888888889,0.8703518518518518,0.8703148148148148,0.8707407407407407,0.872462962962963,0.8716481481481482,0.8707962962962963,0.8731481481481481,0.8712962962962963,0.8733518518518518,0.8709444444444444,0.8718333333333333,0.8718148148148148,0.8732407407407408,0.8728333333333333,0.8734259259259259,0.872537037037037,0.8726481481481482,0.8737037037037036,0.8729259259259259,0.8725185185185185,0.8740555555555556,0.8731666666666666,0.8741481481481481,0.8745555555555555,0.8742222222222222,0.8750555555555556,0.8749629629629629,0.8718333333333333]},"epoch":40,"total_training_time":160.42814803123474,"confusion_matrix_table":{"path":"media/table/confusion_matrix_table_43_7233cb440bfcbcc3a65f.table.json","ncols":3,"nrows":100,"_type":"table-file","sha256":"7233cb440bfcbcc3a65fe42145cb01125c410707d7ac2662bd0085c108bdbf15","size":2933,"artifact_path":"wandb-client-artifact://pi26azkhok7y4tgy9m3q24i0wb7vv6yhdxh117zsp6ynli8z68i8zny822n088xc7lt8qvm8op9r5tz0w0k9zxllryr47kkonabplgy0rcjoyk82j3b4btbjqjo8zhra/confusion_matrix_table.table.json","_latest_artifact_path":"wandb-client-artifact://mzige7oh72nscaclxbwyv600ostlc8svi895bm4vzenu9vvb5rncayarml0shcysuip0z0mfcbv1dqqh55hp49y45patlza1p4itx6u4nmbi90tg067xewl2odwmvblq:latest/confusion_matrix_table.table.json"},"val_accuracy":0.8628333333333333}