{"epoch":5,"Model Run history":{"train_acc":[0.9137592592592593,0.953037037037037,0.9618518518518518,0.9662222222222222,0.9693888888888889],"val_loss":[0.18331267045899402,0.14730362442110995,0.1318884675587268,0.13238280612825726,0.11957326745618764],"val_acc":[0.9428333333333333,0.9548333333333333,0.9576666666666667,0.957,0.9636666666666667],"train_loss":[0.2981839673673632,0.16087326904508786,0.13022177442204258,0.115442442775108,0.10532629280442495]},"confusion_matrix_table":{"artifact_path":"wandb-client-artifact://wmaifycwcnpmiqi5h3dacemtq08a2smbwxq4gwik2yoll9hb8cuhkekszz9nh8670tt47t0w0l5w0tza1pmu89z0ihzbq4172u3mfzpblv0v2dxwd29ytq833n11fb4i/confusion_matrix_table.table.json","_latest_artifact_path":"wandb-client-artifact://j9e4psmrhlholaozr2cjktigptzcg095q4kbm01yqol4bply9ow6d0g4hxi41dml9pk2i5jsahe6djd147z7y08jwbblhtfw9ng9g2dogk5zobx5t02obzzgnj9clums:latest/confusion_matrix_table.table.json","path":"media/table/confusion_matrix_table_8_ad69b5505239305a72c0.table.json","ncols":3,"nrows":100,"_type":"table-file","sha256":"ad69b5505239305a72c0404983fbe331201fa8a6e2b94564558a5d2d855f83c0","size":1792},"total_training_time":10.923671245574951,"_timestamp":1.7422144428783e+09,"val_accuracy":0.9636666666666667,"train_loss":0.10532629280442495,"test_accuracy":0.967,"epoch_time":2.219642162322998,"val_loss":0.11957326745618764,"_step":8,"_runtime":12.019711131,"_wandb":{"runtime":12},"train_accuracy":0.9693888888888889}