{"_step":12,"epoch":10,"train_accuracy":0.09964,"test_accuracy":0.1,"epoch_time":5.941122055053711,"confusion_matrix":{"_type":"image-file","sha256":"d718fd620d48d3de254bd7d6b123b64f2097c537aec1fda468eee27dd764429b","size":48048,"path":"media/images/confusion_matrix_12_d718fd620d48d3de254b.png","format":"png","width":1000,"height":800},"val_loss":2.302839014036373,"_timestamp":1.7409109504492016e+09,"total_training_time":67.57675051689148,"_runtime":68.812038327,"val_accuracy":0.0955,"_wandb":{"runtime":68},"train_loss":2.3028651344260513}