{"Model Run history":{"val_acc":[0.854,0.8655,0.8785,0.8808333333333334,0.8516666666666667,0.8801666666666667,0.8828333333333334,0.8673333333333333,0.8821666666666667,0.8898333333333334,0.8878333333333334,0.8873333333333333,0.8816666666666667,0.8808333333333334,0.8896666666666667,0.8838333333333334,0.896,0.8835,0.8893333333333333,0.8885,0.8935,0.8926666666666667,0.8935,0.8916666666666667,0.895,0.8811666666666667,0.895,0.8875,0.8951666666666667,0.886,0.896,0.893,0.8905,0.8853333333333333,0.8986666666666666,0.8885,0.8766666666666667,0.8993333333333333,0.891,0.8971666666666667],"train_loss":[0.5205684204954473,0.3858720514339603,0.35521412038333877,0.3359402773071606,0.3208365309562099,0.3105791811506005,0.3082209590534331,0.2974243377056649,0.29047735567361394,0.28665897102549054,0.27853386807683705,0.27567861961230455,0.2732596229287126,0.2690838321399161,0.2630969583864716,0.261629748862131,0.26223020021803534,0.2567998693538863,0.2559444841552895,0.25317744476568066,0.2512979685866156,0.24814371752763417,0.24428013374134508,0.24327976515073083,0.24009632389225127,0.23831483323860805,0.23929106490607835,0.23521680760236283,0.23602177508586694,0.23334528413951316,0.2313964122357482,0.23119009922860403,0.2284702968184822,0.22742545093435543,0.22526898298966694,0.2247459293480188,0.2242409530100607,0.221843488479189,0.22142607671150297,0.21878125420751118],"train_acc":[0.815,0.8592592592592593,0.8689074074074075,0.8761481481481481,0.8822592592592593,0.8860185185185185,0.886462962962963,0.8906851851851851,0.891537037037037,0.8936851851851851,0.8962592592592593,0.8981481481481481,0.8984444444444445,0.9004629629629629,0.9021666666666667,0.9031481481481481,0.9018703703703703,0.9042592592592592,0.9056296296296297,0.9052037037037037,0.9064074074074074,0.9071851851851852,0.9093703703703704,0.9097777777777778,0.910537037037037,0.9112962962962963,0.9105185185185185,0.9122222222222223,0.9132592592592592,0.9132592592592592,0.9129259259259259,0.9140555555555555,0.9152407407407407,0.9147962962962963,0.917,0.9166666666666666,0.9171666666666667,0.9187037037037037,0.9181481481481482,0.9187777777777778],"val_loss":[0.3934712179927717,0.3668755743941484,0.3310871003895121,0.3321508303735987,0.3855468889332641,0.3236791227413422,0.31847561681564457,0.3661922861650265,0.31654995979794665,0.3056831831487071,0.3066055668046219,0.3101964349521035,0.32318720418548746,0.3304212155247353,0.30649734227046355,0.3143646741851604,0.29179159504058144,0.32391646018980214,0.2979379568167724,0.31788048207382874,0.28835108259034986,0.2936424280555117,0.2885818657432328,0.2993019564495595,0.2976795981451749,0.32748499220027993,0.29488692489555757,0.3089116383540366,0.29929355286088744,0.3121786460117101,0.29060680015262214,0.28648267054419124,0.29606797610701957,0.3224594247400694,0.28629184350806164,0.3067285966546215,0.3276459872965181,0.28493761412659524,0.30573242151226726,0.29636757996260665]},"train_accuracy":0.9187777777777778,"_step":43,"val_loss":0.29636757996260665,"test_accuracy":0.886,"val_accuracy":0.8971666666666667,"total_training_time":178.05537700653076,"_wandb":{"runtime":179},"epoch":40,"epoch_time":5.91651463508606,"train_loss":0.21878125420751118,"_runtime":179.212547383,"confusion_matrix_table":{"_type":"table-file","sha256":"20b4785dc7096b2f3b140926c0102b5247fd8f0a0627371d791e09f85b4962bc","size":2930,"artifact_path":"wandb-client-artifact://63srd4hshgurlnrzd7sdhb85g9mqr4voyrfb1j3zz2myxklt3tnpjky0rh9hs21wwg16tfrn3z38s3ub2wqnf4hz2wpqokrjav1vo1dnoyo6yfqiztnmarlobdorpbcx/confusion_matrix_table.table.json","_latest_artifact_path":"wandb-client-artifact://wwj4cx5mmhjvm3wg6wrgq6xyfpuxl7gm0g63v9nrn997o4dus24km24m9phdgbzw1zsrwqh9ju2xwnr13hzlipt36216zsd2k1rlurem5bukyib82nhij9qmduxmtn91:latest/confusion_matrix_table.table.json","path":"media/table/confusion_matrix_table_43_20b4785dc7096b2f3b14.table.json","ncols":3,"nrows":100},"_timestamp":1.7413495599404838e+09}