{"val_loss":0.45717085259366935,"confusion_matrix_table":{"sha256":"9c8bc3db0875c01e5be00db3afa2168a1ed4a935cf319c9dac3602434e883fc1","size":2932,"artifact_path":"wandb-client-artifact://816o3mbegrw5x9rp14m71051ma8dc3cjw2wjr4y17svh2tnabt57spbamrdp1zimn7353aeci8shqbp39c1crrsgwupyfhsy8d583746csa0xnf9lln5r7udn1bj0v2y/confusion_matrix_table.table.json","_latest_artifact_path":"wandb-client-artifact://3f3tm0l4oe86sw2c8o72pm9bxkoridv15yal81eav1j0xjiprf0ku5l9e8dni3k7kvfc0vjpr7hlaijeripymbs50sfe4cuqm5l827jko8f8464d4uod0uveu4jv4bhq:latest/confusion_matrix_table.table.json","path":"media/table/confusion_matrix_table_8_9c8bc3db0875c01e5be0.table.json","ncols":3,"nrows":100,"_type":"table-file"},"_step":8,"test_accuracy":0.8251,"epoch":5,"Model Run history":{"train_loss":[1.0439668615374949,0.6098863092025871,0.5208088725552911,0.4724306091274352,0.4400705014281806],"train_acc":[0.606462962962963,0.7812222222222223,0.812037037037037,0.8312592592592593,0.8433333333333334],"val_loss":[0.6888556674095637,0.5778085238571161,0.4775936544906907,0.4526768626562567,0.45717085259366935],"val_acc":[0.7393333333333333,0.7898333333333334,0.8236666666666667,0.8388333333333333,0.8391666666666666]},"train_loss":0.4400705014281806,"train_accuracy":0.8433333333333334,"epoch_time":2.1187379360198975,"_wandb":{"runtime":11},"_timestamp":1.7412019772411952e+09,"_runtime":11.300474824,"val_accuracy":0.8391666666666666,"total_training_time":10.321467161178589}