{"train_loss":0.31297461349271155,"val_loss":0.34750008874936084,"_step":7,"epoch":5,"epoch_time":1.59486722946167,"_runtime":9.525564442,"_timestamp":1.7409124261575723e+09,"test_accuracy":0.8627,"val_accuracy":0.8724,"train_accuracy":0.88644,"confusion_matrix":{"size":60087,"path":"media/images/confusion_matrix_7_9845591b31c2c85603da.png","format":"png","width":1000,"height":800,"_type":"image-file","sha256":"9845591b31c2c85603da7cd194ffd1b401436d72ac4c1e8eafbf124152c95e86"},"_wandb":{"runtime":9},"total_training_time":8.333019733428955}