{"train_accuracy":0.9159259259259259,"confusion_matrix_table":{"artifact_path":"wandb-client-artifact://tfotp8cc72g6aizoixcqi96u9muxn980zbkuo4097qmrx9xixjpecjfix64l6hmvjejzue7ss9d34thdsrr3z6tm8tna6rq5hyxr7nhigva2xlkyy2tcugyq494cvxnd/confusion_matrix_table.table.json","_latest_artifact_path":"wandb-client-artifact://iys5337wnmver0s0uqwloawqcg9n5p7my19dxrsjmbxtiln2wq84ar5hzcowiq515tq72bnv30yzyfxfg1nwqwbiddzt53697t29q11juj2740hy1tirnrb0xlygjeqj:latest/confusion_matrix_table.table.json","path":"media/table/confusion_matrix_table_43_424ffd252b7c5185524d.table.json","ncols":3,"nrows":100,"_type":"table-file","sha256":"424ffd252b7c5185524d17c4848b9391957ec842b014e1ccd30cc38784728b3e","size":2931},"total_training_time":219.90623903274536,"val_loss":0.3093579995889438,"_wandb":{"runtime":221},"train_loss":0.22752348084967472,"test_accuracy":0.8751,"epoch_time":4.619391918182373,"_step":43,"Model Run history":{"val_loss":[0.4221839138699584,0.42394686204812676,0.3524113369377216,0.3753726080883317,0.3306795503257152,0.34444515565578865,0.32897838877244906,0.330003297457588,0.3203161992597596,0.3265855371406836,0.3268908873682676,0.31637056159268423,0.3346546218230293,0.3096701848474296,0.30884173825102323,0.30846120799365073,0.3494073320546069,0.3009463023966522,0.30062924183332446,0.3214950160100053,0.3531520698615313,0.3090491086283145,0.2968757129192164,0.3459041926802434,0.3052221566796691,0.3118734277184041,0.2959578570755138,0.3114396178687154,0.30103062974025957,0.3177761509417451,0.30969510806887846,0.2995728681092503,0.2949994376108353,0.314104725354465,0.3123336819844969,0.295486049917714,0.2879003239271517,0.3063326379786461,0.31634775048979535,0.3093579995889438],"val_acc":[0.8495,0.8405,0.8715,0.859,0.881,0.873,0.8805,0.8755,0.8833333333333333,0.8778333333333334,0.8823333333333333,0.8838333333333334,0.878,0.8908333333333334,0.8886666666666667,0.8865,0.8723333333333333,0.8911666666666667,0.89,0.8821666666666667,0.876,0.8893333333333333,0.891,0.8745,0.8916666666666667,0.8876666666666667,0.8936666666666667,0.8881666666666667,0.8931666666666667,0.887,0.891,0.8958333333333334,0.8955,0.8858333333333334,0.8865,0.8946666666666667,0.8971666666666667,0.8858333333333334,0.885,0.8883333333333333],"train_loss":[0.5154701299996024,0.3912492582004377,0.35817912511123917,0.33616798736965015,0.3255522050699967,0.3119056070219463,0.30220672820930566,0.2956845158634284,0.28952606906963435,0.2839661686891217,0.2781042147444995,0.27358839986972017,0.2719025719422225,0.2689354309770107,0.26460639685599396,0.2630635309065755,0.2595294624227425,0.2563830761970101,0.2548646754609726,0.25347825312608496,0.25208721250964283,0.2484553872291384,0.24627953137783537,0.24526978590722084,0.2434241629136411,0.24254129983290726,0.24133632335307947,0.24023063011567505,0.23708740529642586,0.23835515512811242,0.23548038401581822,0.23456875400734822,0.23178284391904844,0.23311248204008306,0.23429259762586307,0.22946332381493648,0.22885269370782965,0.22553411381875138,0.23059814387707006,0.22752348084967472],"train_acc":[0.8150740740740741,0.860537037037037,0.8699814814814815,0.8782407407407408,0.8810185185185185,0.8868518518518519,0.888537037037037,0.8916296296296297,0.893462962962963,0.8941296296296296,0.8976296296296297,0.8991666666666667,0.8991296296296296,0.9006666666666666,0.9017962962962963,0.9018703703703703,0.9035185185185185,0.9034814814814814,0.9060925925925926,0.9058148148148149,0.9065,0.9077037037037037,0.908,0.9086296296296297,0.9095740740740741,0.9112777777777777,0.9105185185185185,0.910537037037037,0.9116851851851852,0.9114814814814814,0.9127592592592593,0.913,0.9139074074074074,0.9141851851851852,0.9122777777777777,0.9150185185185186,0.9143518518518519,0.9162592592592592,0.9141851851851852,0.9159259259259259]},"val_accuracy":0.8883333333333333,"_runtime":221.09638854,"_timestamp":1.7413595056944876e+09,"epoch":40}