{"_step":8,"train_loss":0.3703762670912029,"val_accuracy":0.8663333333333333,"Model Run history":{"val_acc":[0.8295,0.8365,0.8513333333333334,0.8576666666666667,0.8663333333333333],"train_loss":[0.611101861779162,0.44146162036915637,0.40705139671702467,0.38576400080039996,0.3703762670912029],"train_acc":[0.7943518518518519,0.8458148148148148,0.8547222222222223,0.8631666666666666,0.8682407407407408],"val_loss":[0.4653710136632068,0.4298847612363905,0.40216880582272807,0.3834823670961234,0.3698391926984061]},"test_accuracy":0.8594,"epoch_time":3.108895778656006,"confusion_matrix_table":{"sha256":"cad8232290a217a2899f18dcc485c10a853e2ba123f147c06640c573869046f5","size":2934,"artifact_path":"wandb-client-artifact://1h7uexfjuf12dkgld9f7imb4w04kmnoe20vg4fd17ulkk58mmpkvovpgh4yhfomat4i3m7fyczk9zpoahefszosvslibnvpxtnycmyqhq7xeo8asgpu2k41kd13q2ysd/confusion_matrix_table.table.json","_latest_artifact_path":"wandb-client-artifact://nihtw9yf4efx5j7zd7os08ng1bafjrgq2huydmxy3qplmmegk24rmeta5a9eyf0y78m2gm1w635yxqso8urxgukehgva4jjb1q9atsj3m1cpgfw8ts1akhiexzxj7ehh:latest/confusion_matrix_table.table.json","path":"media/table/confusion_matrix_table_8_cad8232290a217a2899f.table.json","ncols":3,"nrows":100,"_type":"table-file"},"total_training_time":18.351560831069946,"_timestamp":1.7411999993086536e+09,"val_loss":0.3698391926984061,"_runtime":19.564842047,"epoch":5,"train_accuracy":0.8682407407407408,"_wandb":{"runtime":19}}