{"_wandb":{"runtime":15},"_step":6,"epoch":5,"_runtime":15.89941917,"train_acc":0.85136,"_timestamp":1.740684287244173e+09,"val_loss":5.415680138721996,"test_accuracy":0.8341,"sample_predictions":{"_type":"image-file","sha256":"e44f5b3de0f6a32ffe4c41357cabfc6dd0ae526a939df6223c11a48a0fe25aa2","size":22194,"path":"media/images/sample_predictions_6_e44f5b3de0f6a32ffe4c.png","format":"png","width":1200,"height":300},"val_acc":0.8432,"train_loss":0.4385866501578208}