{"val_accuracy":0.4588333333333333,"_timestamp":1.741190314695325e+09,"val_loss":2.026614290349464,"_runtime":9.510503058,"epoch":1,"_wandb":{"runtime":11},"train_loss":2.1775505206773578,"train_accuracy":0.3090925925925926,"total_training_time":7.814257383346558,"_step":1,"epoch_time":7.812164068222046}