{"epoch_time":1.364929437637329,"Model Run history":{"val_acc":[0.836,0.8575,0.8515,0.8675,0.871,0.8696666666666667,0.8711666666666666,0.8761666666666666,0.866,0.8755],"train_loss":[0.5972308264779332,0.4283155722850682,0.3893040996625023,0.36298179697802885,0.3470523304373256,0.3326880089303628,0.3213120566327024,0.3115934267026211,0.30432037859398303,0.29733406281826175],"train_acc":[0.7920925925925926,0.8476666666666667,0.8600925925925926,0.868537037037037,0.8742407407407408,0.8776481481481482,0.8816851851851852,0.8853703703703704,0.8876851851851851,0.8909444444444444],"val_loss":[0.4653037384307761,0.41409849446782515,0.4134867972709943,0.3788551779601915,0.3678542106166317,0.36528603204557075,0.36539888206739324,0.355146891857101,0.37175212069671837,0.3607925177034443]},"total_training_time":12.894181728363037,"_step":13,"_wandb":{"runtime":14},"train_loss":0.29733406281826175,"epoch":10,"train_accuracy":0.8909444444444444,"val_loss":0.3607925177034443,"val_accuracy":0.8755,"test_accuracy":0.8715,"confusion_matrix_table":{"size":2929,"artifact_path":"wandb-client-artifact://3drkrqvkdxbi6p9zjpi1rw70io9jyy8xaeezhibho2aiia8xni3bg4jig7mldg1amtz0s7aweqs0ae7vq0o83zsjsyaaf5kj081qlrch9zxs843jk3fzfmvgadvck0w2/confusion_matrix_table.table.json","_latest_artifact_path":"wandb-client-artifact://69wnandcgumjlry4eq1qyqm8d2m86ik35h82s1xy5vlxqw5h6lrla4j121wo2emtcagkab3spmgoo0pt5iicg9bcl1xhoijn9fgfxfibu4r720fusz8tt9b79lug965e:latest/confusion_matrix_table.table.json","path":"media/table/confusion_matrix_table_13_4b769cd1ab5124aa10b1.table.json","ncols":3,"nrows":100,"_type":"table-file","sha256":"4b769cd1ab5124aa10b182d10dd1e0ef7ecd0e8be1c060133f7a77d29619bf23"},"_timestamp":1.7412417670727935e+09,"_runtime":14.144843104}