{"val_loss":0.3427259785291821,"val_accuracy":0.8783333333333333,"_wandb":{"runtime":13},"_step":13,"epoch":10,"_timestamp":1.7412422322333856e+09,"epoch_time":1.1932179927825928,"total_training_time":12.084785223007202,"train_loss":0.31054776575876897,"confusion_matrix_table":{"artifact_path":"wandb-client-artifact://n0hjvn7pykpuw0clrlokmuy0lbplt11akaqjuzjmz4aeld3xi0634ursgt7nyrjbdoiks6zy7difqupvssg8o9ysl98zjq3xhsxidyndqt1i5whgu8lvdunzf36737zj/confusion_matrix_table.table.json","_latest_artifact_path":"wandb-client-artifact://2200xfigg23s4t4ql9eon7v5zpy9swbjvazs0dj2h9vnve6v49cj8436eqco19qrmld1wrl7l4xq3ojrrhvy4n8hxuwgpnm7fnpm3tm0ja0t5cqn2d3fuphhakzw5noo:latest/confusion_matrix_table.table.json","path":"media/table/confusion_matrix_table_13_e90aa40fb44a156623df.table.json","ncols":3,"nrows":100,"_type":"table-file","sha256":"e90aa40fb44a156623dfedb43beb55d78240f0b655cd9eff0ff2ef8225414e29","size":2933},"test_accuracy":0.869,"_runtime":13.257089705,"Model Run history":{"train_acc":[0.8080740740740741,0.8570925925925926,0.8671666666666666,0.8710555555555556,0.8752592592592593,0.8788703703703704,0.8817962962962963,0.8853888888888889,0.8857592592592592,0.8883888888888889],"val_loss":[0.43839912603046616,0.402287911904071,0.3931807012058899,0.39654201646187653,0.3792432888416936,0.3659763767883314,0.35566791568351036,0.38153048983428506,0.36056704526184324,0.3427259785291821],"val_acc":[0.8453333333333334,0.8596666666666667,0.8596666666666667,0.8601666666666666,0.866,0.8745,0.877,0.864,0.8733333333333333,0.8783333333333333],"train_loss":[0.5640675777150937,0.4104211946894973,0.37839776307547396,0.3603406691948486,0.350120237781969,0.3380996964946858,0.3296561288066268,0.32246646202546114,0.31580974354937597,0.31054776575876897]},"train_accuracy":0.8883888888888889}