{"train_accuracy":0.8943518518518518,"_timestamp":1.7412412735851326e+09,"_step":13,"epoch_time":2.79075026512146,"_runtime":23.184754136,"val_loss":0.37237709864502155,"_wandb":{"runtime":23},"total_training_time":21.927266836166382,"epoch":10,"test_accuracy":0.8619,"val_accuracy":0.87,"Model Run history":{"val_acc":[0.8386666666666667,0.834,0.8691666666666666,0.8593333333333333,0.8768333333333334,0.8763333333333333,0.8751666666666666,0.875,0.876,0.87],"train_loss":[0.5290800599464365,0.3969789674203948,0.36559956934458504,0.344976740963269,0.330196843810976,0.3168916160391707,0.30863703792131675,0.29974769650682365,0.29317254631003437,0.288299840819555],"train_acc":[0.8131851851851852,0.8568888888888889,0.8671296296296296,0.8746296296296296,0.8803333333333333,0.8842222222222222,0.8883703703703704,0.8909814814814815,0.8926666666666667,0.8943518518518518],"val_loss":[0.44397138614366666,0.44996013026218257,0.37649397905709636,0.38708638770390613,0.3599775560777586,0.35042368193960793,0.37362302992147967,0.3589222250406336,0.35940870225600613,0.37237709864502155]},"train_loss":0.288299840819555,"confusion_matrix_table":{"artifact_path":"wandb-client-artifact://4vcq5395e78pugm5aquu5sowkcz6vbzxdo8dlyrp23kwxd5e3goi3r1qertxds02lhq8hc9xs1pn0uxz9um35dx90a9xz9t4w2fwav5rj9dh180umas7gytbvvhylsyr/confusion_matrix_table.table.json","_latest_artifact_path":"wandb-client-artifact://88tklj2fc0caw4w3ew806lu0vnl7or0oydjkaimne3zrpxirmhfp5hlktqhsm6r8fn46d1wax2cz98zwn4vx8ghox2h62ebh2y5oc36kb0logf3iq672ayym6nijipcp:latest/confusion_matrix_table.table.json","path":"media/table/confusion_matrix_table_13_6db39c9d801e66c106ec.table.json","ncols":3,"nrows":100,"_type":"table-file","sha256":"6db39c9d801e66c106ecfd5ec8f3556c09f4d4c2a54e86288b55579227d3da4b","size":2935}}