{"_step":43,"total_training_time":188.54129123687744,"_runtime":189.725630802,"val_accuracy":0.8726666666666667,"train_accuracy":0.912537037037037,"val_loss":0.3597976412888112,"_wandb":{"runtime":189},"_timestamp":1.7413430568390727e+09,"test_accuracy":0.861,"epoch":40,"epoch_time":4.758645296096802,"Model Run history":{"train_acc":[0.8009074074074074,0.8517777777777777,0.8641851851851852,0.8722222222222222,0.8795555555555555,0.8835555555555555,0.8866666666666667,0.8886851851851851,0.8899814814814815,0.893,0.8950185185185185,0.8963888888888889,0.8987222222222222,0.898962962962963,0.9004444444444445,0.901537037037037,0.9015740740740741,0.9014629629629629,0.9052962962962963,0.903537037037037,0.9059074074074074,0.9076111111111111,0.906537037037037,0.9062962962962963,0.9073333333333333,0.9067777777777778,0.9093888888888889,0.9093703703703704,0.9093333333333333,0.9098333333333334,0.911074074074074,0.9113333333333333,0.9098518518518518,0.911,0.9121851851851852,0.9095925925925926,0.9132037037037037,0.9126481481481481,0.9127407407407407,0.912537037037037],"val_loss":[0.5513869127817392,0.38073413934916445,0.3729981219580556,0.3418433114058952,0.3137103258311326,0.32045389226320314,0.3136310660255409,0.31434002195471505,0.34308568413297863,0.3038380295233317,0.31908812104574985,0.33541020847905806,0.30322567111305987,0.31709292195384053,0.308364428794712,0.30941168758768967,0.3197231176524513,0.3195848725372625,0.2952416601691314,0.3031178960168809,0.3582110948010091,0.3021671801815402,0.3147359127825955,0.31521306365595575,0.3012787754877114,0.30941888145252083,0.30320020479002435,0.3098138405972293,0.31597807595287053,0.3064395133866031,0.28997868539459093,0.30072624171254286,0.3155744821704271,0.2885168630030872,0.3637334356836195,0.3143513181972408,0.322834527169555,0.33042589114458554,0.3128231449023328,0.3597976412888112],"val_acc":[0.808,0.856,0.863,0.8748333333333334,0.883,0.8836666666666667,0.8805,0.8816666666666667,0.8738333333333334,0.8856666666666667,0.8818333333333334,0.8765,0.8898333333333334,0.8798333333333334,0.8873333333333333,0.8888333333333334,0.8803333333333333,0.8813333333333333,0.8916666666666667,0.8916666666666667,0.8761666666666666,0.8911666666666667,0.8888333333333334,0.8886666666666667,0.8936666666666667,0.8876666666666667,0.8885,0.8786666666666667,0.887,0.8908333333333334,0.8955,0.8926666666666667,0.8821666666666667,0.8933333333333333,0.8643333333333333,0.8875,0.8838333333333334,0.874,0.8871666666666667,0.8726666666666667],"train_loss":[0.5535240580499182,0.4075718246409197,0.37047192849216193,0.34830294365852965,0.3301414466978667,0.31780827529328215,0.3100148166797911,0.30224038115954444,0.2964090274591363,0.2891243117704549,0.282890130934639,0.2780726034876704,0.2761891074477311,0.2730647040967563,0.2660619543810102,0.26653732143225944,0.26529201467147134,0.2664975120120594,0.2580618770657457,0.2595756700669667,0.253449210144197,0.2521760462455352,0.2531472505200119,0.25065733101570564,0.24757776357257505,0.2502831866112928,0.24626656170032823,0.24401669545023694,0.2450577334123341,0.24391862012263765,0.24138013559120983,0.240179925248959,0.24306829580330652,0.24219896107615463,0.23634464970355845,0.23938772572578768,0.23491660126997785,0.23613519511641104,0.23392573684288703,0.23544648371168134]},"confusion_matrix_table":{"_latest_artifact_path":"wandb-client-artifact://r6wwk06l6fj8d1d06ia3b395u7j9fhkmo2qib0vr8m7h34cx23ps46yt6sl99y09mhyek2id9gifatqozziw2kvim6jhp5dl8t37jg5y28p5kwq7gvmtnyfqgikg0407:latest/confusion_matrix_table.table.json","path":"media/table/confusion_matrix_table_43_9e410ae64a87722a73d3.table.json","ncols":3,"nrows":100,"_type":"table-file","sha256":"9e410ae64a87722a73d3dc620696732a5168a291393a782de56f62f17af6d504","size":2929,"artifact_path":"wandb-client-artifact://ex065fsuviayca8oo4fditqu1i83ylwcqk2guz2165guq5ubz99zxvvjy0umtbpaojqv3hpuubtfrm6b43wm1mh0u4c2qgfzdwxy1w0m5hiw431j1mzjxdum5iatf8uu/confusion_matrix_table.table.json"},"train_loss":0.23544648371168134}