{"test_accuracy":0.8509,"confusion_matrix":{"format":"png","width":1000,"height":800,"_type":"image-file","sha256":"615845813c6667b9beb836a63574a1c59c7086740627f96815f0f841a0438ae5","size":61302,"path":"media/images/confusion_matrix_12_615845813c6667b9beb8.png"},"train_accuracy":0.86904,"_step":12,"_runtime":15.697645795,"_timestamp":1.7409089759129975e+09,"_wandb":{"runtime":15},"val_loss":0.3964407326445047,"train_loss":0.36764509885717445,"epoch_time":1.2961688041687012,"total_training_time":14.588999271392822,"val_accuracy":0.861,"epoch":10}