{"epoch_time":1.7091779708862305,"train_accuracy":0.842574074074074,"Model Run history":{"val_loss":[0.5068484908849016,0.46762986934347245,0.44669689213754904,0.4436921976913115,0.48285817521042895,0.43894949837015484,0.44943377809231977,0.4540146664058037,0.4435364774983952,0.44195531529012005],"val_acc":[0.8185,0.8303333333333334,0.8445,0.8448333333333333,0.8276666666666667,0.847,0.8411666666666666,0.8398333333333333,0.839,0.844],"train_loss":[0.5910789556740739,0.48978211944587907,0.4751246362402513,0.4650478594958365,0.4606831562409767,0.45654107860054544,0.45669225286489545,0.45474600542579197,0.4528511201492603,0.45174768743514143],"train_acc":[0.7964444444444444,0.8300925925925926,0.8355185185185185,0.8384074074074074,0.8398333333333333,0.8412037037037037,0.8402407407407407,0.8426481481481481,0.8427777777777777,0.842574074074074]},"_timestamp":1.7412427619723759e+09,"train_loss":0.45174768743514143,"total_training_time":17.50785255432129,"_wandb":{"runtime":18},"_runtime":18.502521664,"val_loss":0.44195531529012005,"val_accuracy":0.844,"epoch":10,"_step":13,"test_accuracy":0.8319,"confusion_matrix_table":{"artifact_path":"wandb-client-artifact://ydlxekga7nvi7ku2ynr9gozbz4ptmogota5eu63mf129qu7yeyhwqbrceepu4um6r78vgvtdlbcc3oi4bnwrusoki4pu4obns5x2lbu7bk1grh62a0atpwqvru1gsppw/confusion_matrix_table.table.json","_latest_artifact_path":"wandb-client-artifact://3jw8tu71xj262cowk4x53ups951391aw1lyduqgncxq09h5wafks0dij42ar0qvfwfdp6f0oqjf7rwwv2jouvwfyta3mifgzpvxbneb66c66uo06kit6gficf0daze3q:latest/confusion_matrix_table.table.json","path":"media/table/confusion_matrix_table_13_e4fd28c3b15c654b2ad9.table.json","ncols":3,"nrows":100,"_type":"table-file","sha256":"e4fd28c3b15c654b2ad954e26ba95db452d4963a5d3397a1c034c8c85f1e333e","size":2936}}