{"val_loss":0.34367822687706756,"total_training_time":35.08365821838379,"train_accuracy":0.89086,"test_accuracy":0.8702,"_timestamp":1.7409086274748127e+09,"_step":12,"val_accuracy":0.8751,"epoch_time":3.9936602115631104,"epoch":10,"train_loss":0.30474753734458526,"_runtime":36.27764637,"_wandb":{"runtime":36},"confusion_matrix":{"sha256":"e7e7c7ba952e80e50c96c9169198b654c4b8cbae6a95b613b038ee65e2bce3b9","size":60681,"path":"media/images/confusion_matrix_12_e7e7c7ba952e80e50c96.png","format":"png","width":1000,"height":800,"_type":"image-file"}}