{"epoch_time":1.8489689826965332,"total_training_time":14.064295530319214,"_wandb":{"runtime":15},"train_loss":0.3082850174428594,"_timestamp":1.7412420660853648e+09,"epoch":10,"val_loss":0.36242140890576685,"confusion_matrix_table":{"sha256":"8532a27fff996252d2fd1436ffeba20e93929835aea2311adde014c82a68e8ce","size":2931,"artifact_path":"wandb-client-artifact://2nc4ycburm5tk1w06e2u9n7l5uex8ldqofnmov0gxlv7w0yyhza86eoi5dg87gjiwbrnj6wb763w04eex27kxlrbg9hqujcysfybatyp2on48fx87awtgfh56dxrgp7u/confusion_matrix_table.table.json","_latest_artifact_path":"wandb-client-artifact://etagmqoo0o6lroknj2ii5iy4ztr0b4firdnnydp8f2fepffyzpkriysp46derv3ug4mumrl4l32xrgq04qvvuy66gngy7aziig7uzxq1etps48tzqaibh2nqfki63ahq:latest/confusion_matrix_table.table.json","path":"media/table/confusion_matrix_table_13_8532a27fff996252d2fd.table.json","ncols":3,"nrows":100,"_type":"table-file"},"val_accuracy":0.8716666666666667,"_step":13,"train_accuracy":0.8871851851851852,"_runtime":15.163361119,"test_accuracy":0.8626,"Model Run history":{"val_loss":[0.4706919144877584,0.4079795480788664,0.40646802726585984,0.4031435017765693,0.36963021565547366,0.36304148219276605,0.3625037060067192,0.3807181933200866,0.3768814971454035,0.36242140890576685],"val_acc":[0.8351666666666666,0.8573333333333333,0.856,0.8613333333333333,0.8736666666666667,0.8753333333333333,0.8758333333333334,0.8666666666666667,0.8715,0.8716666666666667],"train_loss":[0.6155592294935759,0.43835042901636706,0.4017627789160584,0.37547460650642595,0.3589029955643206,0.3439206378095047,0.3322474482051622,0.322805677609412,0.31411655401080957,0.3082850174428594],"train_acc":[0.7875555555555556,0.8464259259259259,0.8556481481481482,0.8661481481481481,0.8704444444444445,0.8738888888888889,0.8781296296296296,0.881962962962963,0.8837037037037037,0.8871851851851852]}}