{"_timestamp":1.7412417995657551e+09,"train_accuracy":0.8552222222222222,"_runtime":25.081421059,"Model Run history":{"val_acc":[0.8476666666666667,0.8351666666666666,0.8466666666666667,0.8418333333333333,0.8526666666666667,0.844,0.8565,0.8408333333333333,0.8433333333333334,0.8533333333333334],"train_loss":[0.5542273332768567,0.4548722306819918,0.44076370627071454,0.43584550091158863,0.42870915951786853,0.4246679003452054,0.42293360246817047,0.4212422084675176,0.41875838485958256,0.4174234643773414],"train_acc":[0.8103518518518519,0.843925925925926,0.8500740740740741,0.8478333333333333,0.8517777777777777,0.851925925925926,0.8526851851851852,0.8530555555555556,0.8535925925925926,0.8552222222222222],"val_loss":[0.44380483940515875,0.46306749072250825,0.4423839681257485,0.44744231491096587,0.4247056443637014,0.4451862128558564,0.41133585853788773,0.4345900826237603,0.43375759940561925,0.4117711588718354]},"_wandb":{"runtime":25},"val_loss":0.4117711588718354,"train_loss":0.4174234643773414,"_step":13,"test_accuracy":0.8487,"confusion_matrix_table":{"_type":"table-file","sha256":"97a3f88b04cc44fbec51629d523195c423b2871f4285b9b76c8b483cfc48531b","size":2934,"artifact_path":"wandb-client-artifact://ezhi2kvfeg5i0pu8nhab1cktz91lspdrro0cc41eoa6qhjhsw3zr1sz0fncw9xttpj2jer9advs3mbp1mqkhbaa0eyl9ngvqq6pp172bsn04fwq9jqjudzvbnwy15ehz/confusion_matrix_table.table.json","_latest_artifact_path":"wandb-client-artifact://u7mpj4lynh0wzette5iixvmdhma5ag1rtro6lqjpoo8lbqdwltqsfdtap091evtf7ftchlcfewii1x2mbey8tosfj4gxff7dh1iflii1jzxo1nqafpufazslpgghjt9m:latest/confusion_matrix_table.table.json","path":"media/table/confusion_matrix_table_13_97a3f88b04cc44fbec51.table.json","ncols":3,"nrows":100},"val_accuracy":0.8533333333333334,"epoch_time":2.649495840072632,"total_training_time":23.62113308906555,"epoch":10}