{"epoch_time":2.159511089324951,"Model Run history":{"train_loss":[0.9973717545653519,0.5674447851041725,0.5104326723943056,0.4801386292588368,0.4617218632563231,0.44859527026764623,0.4376261926730534,0.42863278510559516,0.4220023845570047,0.4168825728117415],"train_acc":[0.6663703703703704,0.8055740740740741,0.8260185185185185,0.8373888888888888,0.8430740740740741,0.8467592592592592,0.851037037037037,0.8540185185185185,0.8563518518518518,0.8586111111111111],"val_loss":[0.603114844465829,0.577015452340655,0.4937052086863216,0.46492578556536435,0.47572167796081544,0.4543645329078153,0.4383567525938211,0.4180893866022689,0.4163389727757747,0.4246964532745212],"val_acc":[0.7878333333333334,0.7913333333333333,0.8273333333333334,0.8355,0.8333333333333334,0.8378333333333333,0.848,0.8558333333333333,0.855,0.8521666666666666]},"val_accuracy":0.8521666666666666,"train_loss":0.4168825728117415,"epoch":10,"confusion_matrix_table":{"ncols":3,"nrows":100,"_type":"table-file","sha256":"638e2824d9c4b4eda2173ceb979f0c0918f9a835a1786f5757fee17e4cca6852","size":2933,"artifact_path":"wandb-client-artifact://i4jpb6ue2jobhfquqn551bu5bel9nbwtepiid1ujau09ycvux5aa0wjtg1au010olvr6vkcrtomgjqu7iikuax0zzkbd79tz4t3gab8mw8n651mkin9ooqn6zlg502im/confusion_matrix_table.table.json","_latest_artifact_path":"wandb-client-artifact://gpzsbpx2h9ugavmli6r9um6d4at89j76ofvxt6xtn36tr6zdi83bxt0m0qb4qt5wpzbas39okmd4pc4lb6lex745ozrj2xlwlch2d3pqdkvvhmk4iux1xscry50v09cn:latest/confusion_matrix_table.table.json","path":"media/table/confusion_matrix_table_13_638e2824d9c4b4eda217.table.json"},"_step":13,"_timestamp":1.7412401148135824e+09,"train_accuracy":0.8586111111111111,"_runtime":16.261195593,"total_training_time":14.919784545898438,"_wandb":{"runtime":16},"val_loss":0.4246964532745212,"test_accuracy":0.8432}