{"_wandb":{"runtime":14},"_runtime":14.932214865,"_step":7,"test_accuracy":0.6677,"train_loss":0.879080385258709,"val_accuracy":0.6687,"train_accuracy":0.65908,"confusion_matrix":{"size":63852,"path":"media/images/confusion_matrix_7_cafdf11e7be47e4b491d.png","format":"png","width":1000,"height":800,"_type":"image-file","sha256":"cafdf11e7be47e4b491da0e2c163809a7a18bdc3935f6d8cf8c0bbc94a6d08e5"},"epoch_time":3.1954903602600098,"total_training_time":13.55343747138977,"val_loss":0.8774005890418882,"_timestamp":1.7409111881018326e+09,"epoch":5}