{"train_accuracy":0.8583518518518518,"_wandb":{"runtime":19},"epoch":10,"train_loss":0.3997483576341948,"val_loss":0.4086902820928576,"_runtime":19.205200694,"Model Run history":{"val_loss":[0.4403497825993134,0.4400313366414305,0.43079654016594765,0.4185663382797802,0.43559843082568256,0.45917812440689537,0.40314085518793685,0.4146984501049409,0.47613505910359194,0.4086902820928576],"val_acc":[0.843,0.8403333333333334,0.844,0.8461666666666666,0.8421666666666666,0.8346666666666667,0.8558333333333333,0.8456666666666667,0.8326666666666667,0.8521666666666666],"train_loss":[0.5832515666095467,0.4528825002246165,0.43415093003250926,0.42260449655785015,0.41786652289463155,0.41326685309626054,0.4075610227059828,0.40608022469430666,0.40551925595380217,0.3997483576341948],"train_acc":[0.7981666666666667,0.8420925925925926,0.8480740740740741,0.8507962962962963,0.853537037037037,0.8538703703703704,0.8563888888888889,0.8570925925925926,0.8567962962962963,0.8583518518518518]},"epoch_time":1.7977409362792969,"test_accuracy":0.844,"_step":13,"_timestamp":1.7412042097105114e+09,"total_training_time":17.93564534187317,"confusion_matrix_table":{"nrows":100,"_type":"table-file","sha256":"7fe195ce736619ee9de4077bf5a1b46101e3bde16544d43438d926bdcd61ee16","size":2933,"artifact_path":"wandb-client-artifact://eqbofa5x206da0cuw19xlejudbgfot9drd1hq6bnvcq7y8kak5xsisze7d5lxxgp96m6j6hijix3vrtq25i6sxuo1a0jlyzm03kh2n6gdw481ggx60ylu9frfcswkop6/confusion_matrix_table.table.json","_latest_artifact_path":"wandb-client-artifact://sb58o2o080is4rgb6w6ep2eo7z55ta7o8av1ehadohobmb6ge0td2ldvpx78kcyzyv9fw4i3pg19dl91r69z7fghhh5udy4gw7e7t9gzv2ofjwaftopna28si8g11g2p:latest/confusion_matrix_table.table.json","path":"media/table/confusion_matrix_table_13_7fe195ce736619ee9de4.table.json","ncols":3},"val_accuracy":0.8521666666666666}