{"Model Run history":{"val_loss":[0.5056365071785466,0.44598148024056894,0.502617369368984,0.468601209755282,0.4830165058256131,0.4568113456576368,0.41388055678608127,0.4626801811958677,0.5149376868634135,0.41952404213177535],"val_acc":[0.8216666666666667,0.8353333333333334,0.814,0.8218333333333333,0.8136666666666666,0.8348333333333333,0.846,0.8235,0.8048333333333333,0.8445],"train_loss":[0.5957821479562688,0.49874681041698793,0.4842250866080362,0.47248809542692455,0.46620209962227555,0.4605212382977546,0.4567180119403431,0.4548674934280457,0.4539643102370815,0.4497051332581445],"train_acc":[0.7905925925925926,0.8227407407407408,0.8291111111111111,0.8332777777777778,0.8374074074074074,0.8380555555555556,0.8403888888888889,0.8411851851851851,0.8396666666666667,0.8411111111111111]},"_timestamp":1.7412006311218913e+09,"epoch_time":5.7057530879974365,"confusion_matrix_table":{"path":"media/table/confusion_matrix_table_13_946ffd98c1dff13f8835.table.json","ncols":3,"nrows":100,"_type":"table-file","sha256":"946ffd98c1dff13f883500e28ecc1d7a8ad1ef1c037ddda0ce17a081686f2286","size":2934,"artifact_path":"wandb-client-artifact://mthpwm2b7f1r7ezz7uipqk3jyes7r8zx1ogu0uk9iuguydoeopaoie84drp32n8bw7r0ojz2ffe7x13bhioiy0u3qy1a2zjj7p6hkupgdhav6i6sni4px1pd6gucozup/confusion_matrix_table.table.json","_latest_artifact_path":"wandb-client-artifact://r9mjjyka78ydhbp5yi6kfvwmigev3hd7abzd5y72zogoh533n06ay3e0fgstrj8a41iwtpffzexwj9n09onwg5gbn01y3c5nb8o19oabp3ydexvrukqf71s6ntoex2ot:latest/confusion_matrix_table.table.json"},"_runtime":48.998958558,"epoch":10,"val_loss":0.41952404213177535,"_wandb":{"runtime":49},"_step":13,"train_accuracy":0.8411111111111111,"train_loss":0.4497051332581445,"test_accuracy":0.8379,"val_accuracy":0.8445,"total_training_time":46.77070927619934}