{"epoch":40,"val_loss":0.2958877519323048,"confusion_matrix_table":{"ncols":3,"nrows":100,"_type":"table-file","sha256":"17359dbff8f09729ef941373d72a39e4d43ab335482cf12b8fa901f3c56b2201","size":2926,"artifact_path":"wandb-client-artifact://w80ql4hvvv7pivkuuw96rnb2bt82lflf47y36lsk8baxe6zh2i6srms9ojlravb5049aojnk5yosu0qwiag0apc47jl7cjdmdu118s7d52jn5ey5lud1ra01pciomdfo/confusion_matrix_table.table.json","_latest_artifact_path":"wandb-client-artifact://rmwi3x8al9ob0w9wuyfrt1gc8za4dm667qk8ubnzdyjvh28q31hpyngubis091767g8sz1uyno9m77wjv46wou4oe1l35rt39naai9cigmo15e9suc7g53jxewjqtw9q:latest/confusion_matrix_table.table.json","path":"media/table/confusion_matrix_table_43_17359dbff8f09729ef94.table.json"},"_timestamp":1.7413456703441083e+09,"_wandb":{"runtime":273},"train_accuracy":0.9374259259259259,"_step":43,"Model Run history":{"val_loss":[0.43143339442812567,0.37047594917838084,0.37980828392160226,0.37385035359762325,0.3480835617710879,0.3367732870633599,0.3248448955547215,0.3220505951420211,0.31021060141510487,0.32100864794560663,0.3287885046312743,0.30791016468101434,0.3099573947647019,0.3409667931953949,0.3090637371172013,0.30106444911401,0.29577865445762475,0.299899243663952,0.3064533599732442,0.32297219024455,0.3089267179284855,0.312996963476442,0.2930835445926657,0.2807608503263625,0.2957210976462391,0.28305091197246784,0.29192946010314286,0.2999686817366285,0.30044810285609747,0.30192278191817784,0.30755690990656387,0.29195986560562726,0.30365299784508015,0.3014562796098026,0.3056049097521593,0.3204732983702955,0.29779063603661715,0.3111863755288465,0.29458919113698473,0.2958877519323048],"val_acc":[0.842,0.8653333333333333,0.8616666666666667,0.8621666666666666,0.8758333333333334,0.8756666666666667,0.8793333333333333,0.8825,0.8855,0.8796666666666667,0.8793333333333333,0.8851666666666667,0.889,0.8691666666666666,0.8895,0.8916666666666667,0.895,0.8931666666666667,0.8901666666666667,0.8866666666666667,0.8913333333333333,0.888,0.8945,0.9013333333333333,0.8953333333333333,0.8973333333333333,0.899,0.8918333333333334,0.893,0.8918333333333334,0.8928333333333334,0.8975,0.8948333333333334,0.8975,0.8948333333333334,0.8856666666666667,0.8993333333333333,0.892,0.8986666666666666,0.901],"train_loss":[0.6128489485983951,0.43106428570194444,0.38911396396670145,0.36481531631385905,0.3441197213110018,0.33034686822809195,0.31857806544736117,0.3085715898153343,0.2979922969611359,0.28941532189181124,0.2821367989935645,0.2771922202332504,0.2692355924536679,0.2646375875039243,0.2585931366881964,0.2534493574072732,0.2474921003547561,0.2433644433733767,0.2399716298002574,0.23468644455623258,0.23191927015013133,0.22804718421570272,0.22466745489706855,0.2201406985907747,0.21667182633930115,0.21365449983843796,0.20917616658635393,0.20718941948214292,0.20534988484637723,0.20170861350631086,0.19853243348475544,0.19651160403724582,0.1930467797841856,0.19150548355802285,0.18793478549269294,0.1870511217564454,0.1829122097853411,0.1824814543266872,0.17816863925839227,0.17838413722816532],"train_acc":[0.7902777777777777,0.8493333333333334,0.8631851851851852,0.8719629629629629,0.8800925925925925,0.8836851851851852,0.8871296296296296,0.8913888888888889,0.8945555555555555,0.8967962962962963,0.8999814814814815,0.9012777777777777,0.905074074074074,0.9045555555555556,0.9081296296296296,0.9093888888888889,0.9115185185185185,0.9135555555555556,0.9139814814814815,0.9163888888888889,0.9170185185185186,0.9183888888888889,0.9196481481481481,0.9213148148148148,0.9232962962962963,0.923037037037037,0.9254074074074075,0.9262222222222222,0.9268148148148149,0.9284444444444444,0.9303888888888889,0.9298148148148148,0.9312037037037038,0.9310185185185185,0.9338518518518518,0.9336296296296296,0.9360185185185185,0.9352407407407407,0.9371481481481482,0.9374259259259259]},"epoch_time":5.806897878646851,"total_training_time":272.315101146698,"train_loss":0.17838413722816532,"_runtime":273.4314789,"test_accuracy":0.8882,"val_accuracy":0.901}