{"total_training_time":21.909897327423096,"confusion_matrix_table":{"nrows":100,"_type":"table-file","sha256":"04e92481eb8061db423b741d934d7401c029fd5562e8860c0284865343f2cf84","size":2935,"artifact_path":"wandb-client-artifact://hbus0936yj2nwmu0paecmj8i79jc09huwveyiwu00iq3m2646ud7f3bzk39y18p7e05fn71aqmywzqza0ufcv6ykzwvlxl9709gnliuvud3d7e4q7w82ku5hgdy059zj/confusion_matrix_table.table.json","_latest_artifact_path":"wandb-client-artifact://hp5lr10m8hyc6wxl1zegkuqf6uh34u9iercwt9slvhc97st8dhuhx21yskk00fdniq6scwfjtdl734kkj2tublkpvu70wypn08jyvlivq03mq2ug4llhuizzk3i4lvnp:latest/confusion_matrix_table.table.json","path":"media/table/confusion_matrix_table_8_04e92481eb8061db423b.table.json","ncols":3},"_timestamp":1.7411927886166215e+09,"train_loss":0.4825010759104535,"Model Run history":{"val_acc":[0.7938333333333333,0.8426666666666667,0.8298333333333333,0.8033333333333333,0.8388333333333333],"train_loss":[0.5945729646428703,0.4971813048717392,0.4912381864861452,0.4840286325727598,0.4825010759104535],"train_acc":[0.7970555555555555,0.8254814814814815,0.8273888888888888,0.8308148148148148,0.831037037037037],"val_loss":[0.5381252715962833,0.4536290904554559,0.4761641987553451,0.4963924108761831,0.44645946500052497]},"val_accuracy":0.8388333333333333,"_runtime":22.980452999,"test_accuracy":0.8284,"val_loss":0.44645946500052497,"_wandb":{"runtime":22},"train_accuracy":0.831037037037037,"epoch":5,"_step":8,"epoch_time":5.248149394989014}