{"_step":43,"val_accuracy":0.8903333333333333,"epoch_time":5.881747722625732,"epoch":40,"_timestamp":1.7413637068112898e+09,"train_accuracy":0.9318888888888889,"test_accuracy":0.8834,"_runtime":249.223403645,"Model Run history":{"val_acc":[0.8211666666666667,0.8413333333333334,0.8348333333333333,0.8675,0.8723333333333333,0.8658333333333333,0.881,0.8758333333333334,0.8696666666666667,0.8775,0.8861666666666667,0.8806666666666667,0.878,0.8713333333333333,0.889,0.8835,0.8886666666666667,0.8816666666666667,0.8735,0.875,0.8896666666666667,0.8858333333333334,0.877,0.8931666666666667,0.888,0.8971666666666667,0.8718333333333333,0.8843333333333333,0.8758333333333334,0.895,0.8843333333333333,0.8945,0.8936666666666667,0.8986666666666666,0.891,0.8896666666666667,0.8843333333333333,0.8978333333333334,0.8928333333333334,0.8903333333333333],"train_loss":[0.7519520214629699,0.4692581587045189,0.4164767114105592,0.3860726563362027,0.3637105786169674,0.34848573864344723,0.3357061618884174,0.3225513391958511,0.31283211854415816,0.3049888042022847,0.297720775050816,0.28944049452034154,0.2834914101018768,0.2764060157942085,0.2722601799557939,0.26675423867802883,0.25996544062152305,0.256018722877223,0.2520276710238362,0.24745695068784637,0.24360014523662635,0.23900523586709632,0.23518267330292406,0.23199291792573976,0.22877270549909398,0.22485687265996296,0.2215857872126894,0.21931933196168504,0.2153901469894777,0.2135911833809764,0.20966334633336514,0.20810230196092505,0.20590085897290575,0.20237225661905833,0.1991533451363931,0.19768257746362874,0.19507259608476232,0.19388039582725786,0.19243658124886673,0.18830516216522142],"train_acc":[0.7344074074074074,0.8370925925925926,0.8551111111111112,0.8625,0.8709074074074074,0.8743703703703704,0.8792592592592593,0.8847407407407407,0.8872962962962962,0.8893333333333333,0.8927037037037037,0.8965,0.8976851851851851,0.9008148148148148,0.9012592592592592,0.9033518518518519,0.9052037037037037,0.9065925925925926,0.9073518518518519,0.9100555555555555,0.9105555555555556,0.9135555555555556,0.9137777777777778,0.9161296296296296,0.9166481481481481,0.9188888888888889,0.919425925925926,0.9209814814814815,0.9226666666666666,0.9217962962962963,0.9241851851851852,0.9239814814814815,0.9258518518518518,0.9264629629629629,0.9274444444444444,0.9292222222222222,0.9287407407407408,0.9301481481481482,0.9305185185185185,0.9318888888888889],"val_loss":[0.5047048941836818,0.4292366969077265,0.43009740304955935,0.3710257113755948,0.3473794249352345,0.3596844395578801,0.33008270962191605,0.3430822979273577,0.3463395505100311,0.3325180479406265,0.30362808299214655,0.31313073440306205,0.32709858290556404,0.347995164537096,0.3050948873426466,0.31574243645256433,0.2991058502848666,0.3219527602585002,0.3408871135205712,0.34600050211189326,0.3107944837810064,0.3203202715601579,0.3569717266181919,0.2948410298058418,0.30980397776478796,0.2877865014097516,0.3636857543752858,0.3160921003129853,0.3555215425510587,0.28951606226885873,0.3118408461736833,0.2911279169270917,0.29929135706488236,0.29044653922762786,0.30303196955197015,0.3075490716547823,0.31797348174948864,0.2920612518731,0.3019436892104838,0.3188775716763759]},"_wandb":{"runtime":249},"train_loss":0.18830516216522142,"total_training_time":248.10768699645996,"val_loss":0.3188775716763759,"confusion_matrix_table":{"ncols":3,"nrows":100,"_type":"table-file","sha256":"126c4b44c46f945ea14185c432b4fcbecb340866fd8f7b35e7552382996e4163","size":2932,"artifact_path":"wandb-client-artifact://bden11mziv0syw4wqmk1lq4j0u8qb9lrd40a2kph64l91pl9yv4gtxaeuqmvzh35vao6qnjta2s3t3ui399up2pr25f1slbp1czi1mvhz1el4xctg4ha6g5q5rhkce3j/confusion_matrix_table.table.json","_latest_artifact_path":"wandb-client-artifact://n6eh0k45rqb7q9nlfavzyt2tc1wkxup06vdgoyaqlk3vy3xbm1qu920yqv4bha5u4f22m9kbfqs23s745lzb148pap2idpxkbafudep2ile6719xj315sqvtxunnkuko:latest/confusion_matrix_table.table.json","path":"media/table/confusion_matrix_table_43_126c4b44c46f945ea141.table.json"}}