{"total_training_time":289.11295676231384,"epoch_time":6.39942193031311,"test_accuracy":0.8801,"train_accuracy":0.9382592592592592,"_step":43,"_runtime":290.623175036,"epoch":40,"_timestamp":1.7413501990655513e+09,"confusion_matrix_table":{"size":2927,"artifact_path":"wandb-client-artifact://h2cswofiz6ewnssoem1ifpzc1wnqwpinlgp1599ft7he5aqof4p2xs4sshah7nkhlb852w0ez66jiqc7nyeou27jp3ocflqppoxp3drmbz8ryk9aqxm1bf3o1awapwka/confusion_matrix_table.table.json","_latest_artifact_path":"wandb-client-artifact://ypjplefqx0llm4o81ykychqasi0t6w8k3kg5cygwuma5yb4xevz5d4wiitkvz7qcf1ao9vrh42gvd99nnrbrutekdij13eolor5zpdajhc3ym1nbpqun64hsffw7mgnv:latest/confusion_matrix_table.table.json","path":"media/table/confusion_matrix_table_43_6ac3ccd8c0716daa99a9.table.json","ncols":3,"nrows":100,"_type":"table-file","sha256":"6ac3ccd8c0716daa99a977e60d5549a1d6cb893ca73607056310b6e8303bbeb3"},"val_loss":0.3163502549515574,"_wandb":{"runtime":290},"Model Run history":{"val_acc":[0.8428333333333333,0.8555,0.8645,0.8671666666666666,0.8755,0.866,0.8753333333333333,0.8855,0.8745,0.8806666666666667,0.8865,0.8885,0.8921666666666667,0.8895,0.8916666666666667,0.892,0.8836666666666667,0.8925,0.8925,0.8953333333333333,0.8925,0.8905,0.887,0.8901666666666667,0.8891666666666667,0.891,0.8953333333333333,0.8965,0.8923333333333333,0.8893333333333333,0.8978333333333334,0.8955,0.8976666666666666,0.8998333333333334,0.8938333333333334,0.8986666666666666,0.8938333333333334,0.892,0.8908333333333334,0.8885],"train_loss":[0.5896212550660224,0.42519458909771607,0.3848209863041457,0.36072903031357,0.3416322104830752,0.32823559476263786,0.3155735350989044,0.3034895728315383,0.2952345125126755,0.28739845594170477,0.27995067905815896,0.2730745614443363,0.26675270360399667,0.2623421963992762,0.25459340203671516,0.24983387965313278,0.24387346953489536,0.2410760405487243,0.23622743946519123,0.23330422678909482,0.22793973796742767,0.22549698055519746,0.21988487712983443,0.2164446367703767,0.21521228893871241,0.21171739363737893,0.2072108252827381,0.20521023657746976,0.2021910995473732,0.19848749934099935,0.19633054567815358,0.19203639206421036,0.19192752577020544,0.18716179187788307,0.186277246358595,0.18499456289449237,0.1803516561089259,0.1783091874932672,0.17707110471989254,0.1742099428935559],"train_acc":[0.7987222222222222,0.8512407407407407,0.865537037037037,0.8737222222222222,0.8810185185185185,0.8839444444444444,0.8878148148148148,0.8937222222222222,0.8956481481481482,0.8973888888888889,0.9005740740740741,0.9024074074074074,0.905074074074074,0.9077222222222222,0.9082407407407408,0.9118888888888889,0.9144814814814815,0.9134444444444444,0.9147592592592593,0.9165,0.918074074074074,0.9185555555555556,0.9217962962962963,0.9231111111111111,0.9223333333333333,0.9247962962962963,0.9264259259259259,0.9281666666666667,0.9281666666666667,0.9307037037037037,0.9315740740740741,0.9313148148148148,0.931962962962963,0.9337407407407408,0.9341111111111111,0.9340740740740741,0.9363888888888889,0.9354074074074074,0.9380185185185185,0.9382592592592592],"val_loss":[0.4319452665114555,0.383651988416295,0.3704470177702309,0.3565552042224126,0.3426173772095041,0.350574897030872,0.32952357143259603,0.3118599396049299,0.3348556907287582,0.31788768898060654,0.3107696056771166,0.31395132602816656,0.2991571247965824,0.3008011193072219,0.2994209183405802,0.3023067324789445,0.31781590210570204,0.29183514855502757,0.2975896163504735,0.2907250122624474,0.2995112365454814,0.30000644115999936,0.30340190769604375,0.29662462358004626,0.28947426734176274,0.2983043482605767,0.29781796570397273,0.2920585091757302,0.29527746757914486,0.3103621854990273,0.2894127821270656,0.3075264982164722,0.29099579126291714,0.29436947842829775,0.3103305933299019,0.2927496173055585,0.29546334238971994,0.30456031877933626,0.30168546888870656,0.3163502549515574]},"val_accuracy":0.8885,"train_loss":0.1742099428935559}