{"_runtime":14.205289489,"test_accuracy":0.8469,"val_accuracy":0.8606666666666667,"epoch":2,"train_loss":0.3642510052692764,"train_accuracy":0.8677407407407407,"val_loss":0.37571397199896744,"_step":4,"total_training_time":12.939199209213257,"epoch_time":6.284237623214722,"_timestamp":1.741005679769942e+09,"confusion_matrix":{"size":61212,"path":"media/images/confusion_matrix_4_cfb6398ce73ef48e08f8.png","format":"png","width":1000,"height":800,"_type":"image-file","sha256":"cfb6398ce73ef48e08f8338b28d326d8e07434e0cb9052748d0ced6feae2030f"},"_wandb":{"runtime":14}}