{"train_accuracy":0.8924814814814814,"epoch":40,"_step":43,"Model Run history":{"train_acc":[0.7916851851851852,0.8463518518518518,0.8582222222222222,0.866,0.8686111111111111,0.871,0.8757407407407407,0.8763703703703704,0.8794074074074074,0.8814444444444445,0.8813518518518518,0.8809259259259259,0.8841851851851852,0.884,0.8842962962962962,0.8867222222222222,0.8869074074074074,0.8850370370370371,0.8869814814814815,0.8866481481481482,0.8883518518518518,0.8888703703703704,0.8892592592592593,0.8882037037037037,0.8898148148148148,0.8910370370370371,0.8904444444444445,0.8915555555555555,0.8900185185185185,0.8918148148148148,0.8912592592592593,0.8909444444444444,0.8913703703703704,0.8922962962962963,0.8929814814814815,0.8923888888888889,0.8925925925925926,0.8927777777777778,0.8917777777777778,0.8924814814814814],"val_loss":[0.4269603264657351,0.3887642254754287,0.3753091815851519,0.3547746111167821,0.36812846069026495,0.3971501150470864,0.3731174561869794,0.35678744523775774,0.37173718368811864,0.3589596643180194,0.34104262819550635,0.3371470524955807,0.34641154399583074,0.34973599511856196,0.32989375728916703,0.3498005687639944,0.32803334552088703,0.35093366766696066,0.3530914387680367,0.3213128459076471,0.30887698481628667,0.46853375820531223,0.3786781754355705,0.32825230346072015,0.35869401899837444,0.3429898667332052,0.32045665302104653,0.32541803668735286,0.3692826692688507,0.34315058241319785,0.34251443153710737,0.33238938815822966,0.34639907872089676,0.3394158826008981,0.3369432432323109,0.3176091614457915,0.3132475342415831,0.30615676809953374,0.3247847796546054,0.2979617786047171],"val_acc":[0.8388333333333333,0.8563333333333333,0.8578333333333333,0.8653333333333333,0.8601666666666666,0.8503333333333334,0.8603333333333333,0.871,0.8618333333333333,0.8703333333333333,0.8726666666666667,0.8715,0.8793333333333333,0.8696666666666667,0.8793333333333333,0.8683333333333333,0.8743333333333333,0.8728333333333333,0.8605,0.8828333333333334,0.8911666666666667,0.8361666666666666,0.866,0.877,0.8725,0.8746666666666667,0.88,0.8808333333333334,0.8563333333333333,0.8698333333333333,0.871,0.8798333333333334,0.8735,0.8768333333333334,0.8711666666666666,0.883,0.8848333333333334,0.8888333333333334,0.8833333333333333,0.8895],"train_loss":[0.5775196961606905,0.42687273218852634,0.3914694017653286,0.37230006940312105,0.36073907521945503,0.35180057016999483,0.34244036602069355,0.33778552710060145,0.330716647524331,0.32732280589466584,0.3271824296449742,0.32268735521367675,0.3203767445425242,0.31794110124331726,0.3155889656203343,0.310968734482053,0.314285271338021,0.3124399495023869,0.30924878839380837,0.30876134781477405,0.306352007056992,0.30602037282108047,0.30458550241395926,0.3052347551714084,0.30347734988060815,0.30231747903254935,0.3022978043631342,0.2996288393102554,0.3014039409542078,0.2977880622802348,0.2978523936175046,0.29885444635313557,0.2978507273537836,0.29737884103303286,0.2966375452953962,0.2946964335788001,0.29513202390269433,0.29360655847473194,0.29829570145592876,0.2938567553656895]},"_timestamp":1.741357222453401e+09,"val_accuracy":0.8895,"test_accuracy":0.8746,"val_loss":0.2979617786047171,"train_loss":0.2938567553656895,"total_training_time":276.31252002716064,"confusion_matrix_table":{"nrows":100,"_type":"table-file","sha256":"9a745c6719f582e15628e673accab37bf654d41a0e20ce83ae89cc14b5353b76","size":2930,"artifact_path":"wandb-client-artifact://zmymhy1on8usedp2xp1xlwk4ts0gpliv2bb8qfrlotrjpbe3x0kva7y34n1xs3rqk79zdh96seqlv7uq9gcm8sa5w4t2qcd1edcybz89zemib3p50677hvg5t5bkgnm9/confusion_matrix_table.table.json","_latest_artifact_path":"wandb-client-artifact://irccgiollf24swuiva4nmg8l0fabt0eb6k43kith6w41enyzcpmq2gu4rpwky8vpvcg7njz93sjm9yjvv8mvto1orhrv2q4dz320xeh4ohqftqnzy4dbskbwz1xijzs6:latest/confusion_matrix_table.table.json","path":"media/table/confusion_matrix_table_43_9a745c6719f582e15628.table.json","ncols":3},"epoch_time":7.217116355895996,"_wandb":{"runtime":277},"_runtime":277.482672082}