{"_runtime":65.977289013,"total_training_time":64.76097202301025,"epoch_time":12.906898975372314,"val_loss":0.39005562699590557,"confusion_matrix_table":{"nrows":100,"_type":"table-file","sha256":"96b70f871483a3c60c30215f0927455b59a257286cb29f1526df2f6c369aab36","size":2931,"artifact_path":"wandb-client-artifact://nlkfydzkaata8yidq4o9bzi8k5w2wrb1p27pb0mylg3jh2f4rpebk5785nknyjyr9ri6sru3eb977fxo1jxre576vecwlq3v1b933d5ml1z5i8agztvayleht84xs9bu/confusion_matrix_table.table.json","_latest_artifact_path":"wandb-client-artifact://69lom4krky87o0nacvlmkxjiutbahakqvtlxp5sf2igvsqj0b9493h2wx76rg1v91tz3l2vm9dklcbdaj5lrlwegkzejsf7x8zivvi7omgzma2prs80du8rnf0pnxn8m:latest/confusion_matrix_table.table.json","path":"media/table/confusion_matrix_table_8_96b70f871483a3c60c30.table.json","ncols":3},"_step":8,"train_accuracy":0.8649259259259259,"test_accuracy":0.8532,"_wandb":{"runtime":65},"val_accuracy":0.8608333333333333,"train_loss":0.46096424838094086,"epoch":5,"Model Run history":{"train_loss":[0.8514816915840538,0.6304842183621929,0.5477396919596372,0.49759389603812876,0.46096424838094086],"train_acc":[0.800074074074074,0.8466851851851852,0.856925925925926,0.862,0.8649259259259259],"val_loss":[0.45233578379764294,0.46998482071856995,0.4129090363896778,0.3994034239401873,0.39005562699590557],"val_acc":[0.8383333333333334,0.8266666666666667,0.853,0.8583333333333333,0.8608333333333333]},"_timestamp":1.7411941029731221e+09}