{"test_accuracy":0.8402,"epoch_time":3.2300479412078857,"train_loss":0.4269644834761128,"_step":7,"confusion_matrix":{"_type":"image-file","sha256":"b9b84045be42634ebdc6da34740b93cfdf49b843c7990efb48a1807a224773cb","size":60307,"path":"media/images/confusion_matrix_7_b9b84045be42634ebdc6.png","format":"png","width":1000,"height":800},"epoch":5,"_runtime":17.250155076,"_timestamp":1.7409125412857633e+09,"val_accuracy":0.8454,"train_accuracy":0.85722,"val_loss":0.44983200985184346,"total_training_time":16.164630651474,"_wandb":{"runtime":17}}