{"total_training_time":25.04360842704773,"train_accuracy":0.87746,"_timestamp":1.7409118622477932e+09,"val_loss":0.3627803502960072,"epoch":5,"train_loss":0.33771311494528694,"val_accuracy":0.8708,"test_accuracy":0.8607,"_step":7,"confusion_matrix":{"format":"png","width":1000,"height":800,"_type":"image-file","sha256":"a614d14b4ae577a04bb53c9867d1929285fe138cd4a3bc9db50828f1d957be37","size":60791,"path":"media/images/confusion_matrix_7_a614d14b4ae577a04bb5.png"},"epoch_time":4.735838174819946,"_wandb":{"runtime":26},"_runtime":26.293969668}