{"test_accuracy":0.8359,"_wandb":{"runtime":24},"train_acc":0.85172,"val_loss":5.439857282198433,"confusion_matrix":{"path":"media/images/confusion_matrix_23_6c5782cd787ef77f1f67.png","format":"png","width":1000,"height":800,"_type":"image-file","sha256":"6c5782cd787ef77f1f67ee4a92d58bfe7a1b35af89fbc8c6f6ea92be15d7b001","size":62122},"sample_predictions":{"width":1200,"height":300,"_type":"image-file","sha256":"1c9e99a9259a68a9a529ff8b0bab0d4be290a90799fe8c9f556cc98036566f82","size":20967,"path":"media/images/sample_predictions_22_1c9e99a9259a68a9a529.png","format":"png"},"_timestamp":1.740736078520776e+09,"epoch":1,"val_acc":0.8425,"_runtime":24.142721143,"_step":23,"train_loss":0.42592580186960066}