{"test_accuracy":0.8667,"val_loss":0.33738131904920104,"_runtime":12.779872049,"_wandb":{"runtime":12},"epoch_time":2.045229196548462,"val_accuracy":0.8756666666666667,"Model Run history":{"val_acc":[0.8538333333333333,0.8636666666666667,0.8658333333333333,0.8658333333333333,0.8756666666666667],"train_loss":[0.5249137776312208,0.3936760949147341,0.3638285320505854,0.3471805543632151,0.33277539902982695],"train_acc":[0.8153703703703704,0.8586296296296296,0.8692962962962963,0.8732592592592593,0.8781481481481481],"val_loss":[0.41838746157577056,0.37189741147513583,0.363447760683302,0.36220076006700613,0.33738131904920104]},"train_loss":0.33277539902982695,"_step":8,"total_training_time":11.755351543426514,"confusion_matrix_table":{"_latest_artifact_path":"wandb-client-artifact://tdf4z2y35j4y1nywfl76ps2j2ledmeyld8wqc2vnsum1584zk1q0lcgciwes8l5f5ypdr0zsueqeveijjcp7onaxqjoz80biuqslaqqsa17mmaar7bqoyphlmjoc4e06:latest/confusion_matrix_table.table.json","path":"media/table/confusion_matrix_table_8_0078686ebc238e1c34bb.table.json","ncols":3,"nrows":100,"_type":"table-file","sha256":"0078686ebc238e1c34bbab82bbed3813a883f08ac9a1cc8b023bdcadb2c37a98","size":2932,"artifact_path":"wandb-client-artifact://qscpbofqi9qprq7gyt3di501bv18zp9wjq3nnf961nweqpf8yae7036ub4c8pcwy6zby15fw9zfl9ubwz4p2k9idrtw3ijahakhtosdoile35pv16wu7x7hl2sfupqyq/confusion_matrix_table.table.json"},"epoch":5,"_timestamp":1.7412009301186295e+09,"train_accuracy":0.8781481481481481}