{"Model Run history":{"val_acc":[0.09516666666666666,0.09916666666666667,0.09533333333333334,0.097,0.10183333333333333,0.09533333333333334,0.097,0.09533333333333334,0.09916666666666667,0.102],"train_loss":[2.3034008922943143,2.302778937766659,2.302834265017654,2.302810301134655,2.302793158139876,2.3028027610533512,2.3027977996237516,2.3027607825881504,2.3028188497850803,2.302820422929886],"train_acc":[0.1005,0.10096296296296296,0.09646296296296296,0.098,0.09755555555555556,0.09916666666666667,0.09898148148148148,0.09983333333333333,0.09640740740740741,0.09842592592592593],"val_loss":[2.3027743022181855,2.302614278399136,2.302846019375455,2.3028669828400052,2.3027148566630076,2.3026347275202603,2.3029649733758277,2.3029545860749416,2.3028436699702763,2.3025912872860435]},"_step":13,"_runtime":730.783063638,"epoch":10,"total_training_time":729.335422039032,"train_loss":2.302820422929886,"_wandb":{"runtime":730},"val_accuracy":0.102,"epoch_time":65.6720232963562,"train_accuracy":0.09842592592592593,"val_loss":2.3025912872860435,"test_accuracy":0.1,"_timestamp":1.7411671938376102e+09,"confusion_matrix_table":{"path":"media/table/confusion_matrix_table_13_9b3969f88adfb0058642.table.json","ncols":3,"nrows":100,"_type":"table-file","sha256":"9b3969f88adfb0058642f08bb003e5c6ebba91d507912f624980c7c76238bfe0","size":2912,"artifact_path":"wandb-client-artifact://1z6dq42x6hhkh0f8ys0g1zdiep76jq35a7l93b92lt8ij0ovurlsy0nug9idfzp97d4w4hlf502yy3zlwv90y3rnz98x4aww006iiubv11uzvopxitqip4yrko61hd21/confusion_matrix_table.table.json","_latest_artifact_path":"wandb-client-artifact://xtnv7s852193qgblaftackwedvew2ce05fuktjnmizxd1zbakl62h5qpqlqrtu6c1b3r6uvwr4um9z7d9ljo7siaai3leygxawf89xwad1afy8l2tn4bylwnx8svofmd:latest/confusion_matrix_table.table.json"}}