{"_step":12,"train_loss":0.29252729534512034,"_wandb":{"runtime":49},"confusion_matrix":{"width":1000,"height":800,"_type":"image-file","sha256":"0126fe8fdf20e93b1a35963c9c93474035deeaf5edf7de300800de4f94cc3c64","size":59919,"path":"media/images/confusion_matrix_12_0126fe8fdf20e93b1a35.png","format":"png"},"total_training_time":48.49624061584473,"epoch":10,"_runtime":49.669530675,"train_accuracy":0.89482,"val_accuracy":0.8806,"epoch_time":4.999714136123657,"val_loss":0.33166391449086646,"test_accuracy":0.8684,"_timestamp":1.740908359181991e+09}