{"_runtime":0.820242295,"_step":0,"_wandb":{"runtime":0},"num_classes":10,"_timestamp":1.7405637789471314e+09}