{"test_accuracy":0.8711,"_runtime":14.518618506,"epoch":10,"_timestamp":1.7412405733673582e+09,"Model Run history":{"val_loss":[0.46132145512061434,0.4623704628722528,0.4010864356008155,0.37862643592856665,0.3679845878653236,0.371854056910555,0.35911034472231607,0.37522306323426663,0.3783365563292365,0.35128477245728823],"val_acc":[0.8333333333333334,0.834,0.8566666666666667,0.8653333333333333,0.8731666666666666,0.8646666666666667,0.8698333333333333,0.8656666666666667,0.87,0.878],"train_loss":[0.6288965066322435,0.4271744414930348,0.3870142835613611,0.36073419080287633,0.34422157330108794,0.33333127313095007,0.3200934573463863,0.313334412676075,0.3028113180922334,0.29612075368014695],"train_acc":[0.7767592592592593,0.8468518518518519,0.8589629629629629,0.8682407407407408,0.8734814814814815,0.8768888888888889,0.8817962962962963,0.8837592592592592,0.8888148148148148,0.8898333333333334]},"total_training_time":13.458214044570923,"train_loss":0.29612075368014695,"_wandb":{"runtime":14},"epoch_time":1.2883272171020508,"_step":13,"train_accuracy":0.8898333333333334,"val_loss":0.35128477245728823,"confusion_matrix_table":{"size":2931,"artifact_path":"wandb-client-artifact://ys7qm3b8fhtwurpwbbycb4pt2sqdpznxtp39eeobmfiaml46etthvyxrapojovo7bs5wvi725058x2hvzfpfvm3n1gsaxu8hvqelshzoyapqkmgfte8x6e0c871118xf/confusion_matrix_table.table.json","_latest_artifact_path":"wandb-client-artifact://txh6q79kleq6mfi0t4z3h1rm6bpn4lo493y2wu6u661kmkmz0yqgvr7a9yh1hsw9h2ghwvtn66nhx38igdni3aim3q0vh2zxfmfo7xu3vj2si2fckkpmum4e6kue8izd:latest/confusion_matrix_table.table.json","path":"media/table/confusion_matrix_table_13_42b4d7d62e4852407917.table.json","ncols":3,"nrows":100,"_type":"table-file","sha256":"42b4d7d62e4852407917438a11bbbfecec9451723f24c303ef9744bd71d363bc"},"val_accuracy":0.878}