{"val_loss":0.3522531213949989,"train_accuracy":0.8884814814814814,"val_accuracy":0.8738333333333334,"epoch":10,"Model Run history":{"val_loss":[0.43913738071751246,0.3994852063783472,0.38319765723596755,0.38624470979753883,0.3600375039130681,0.36144786472918433,0.373780665655808,0.36590008861717777,0.34973287399223724,0.3522531213949989],"val_acc":[0.8456666666666667,0.8593333333333333,0.8651666666666666,0.863,0.8758333333333334,0.874,0.869,0.8728333333333333,0.8751666666666666,0.8738333333333334],"train_loss":[0.5749713507743685,0.4114878535378535,0.38134091903009804,0.36195680577829553,0.3474181664186244,0.33778127559963195,0.328790066799222,0.32068184692763146,0.3158098893945428,0.3090907762847597],"train_acc":[0.8009814814814815,0.8562962962962963,0.8660740740740741,0.8710185185185185,0.8762592592592593,0.8802592592592593,0.8827222222222222,0.8850740740740741,0.8862777777777778,0.8884814814814814]},"train_loss":0.3090907762847597,"epoch_time":2.4303066730499268,"_timestamp":1.7412407330465565e+09,"_wandb":{"runtime":23},"_step":13,"confusion_matrix_table":{"nrows":100,"_type":"table-file","sha256":"b470471c331b0728b7f586dd33cb99ab041d86af6fbdadefd496ce1b758e5006","size":2933,"artifact_path":"wandb-client-artifact://gni09iyovotk1l89yardaee10qq9q4cc7g705br4bowt8qjca0nrr45u1yxiu5kl37zrm1obmnt8e56hweum6coni4kdunv5q8aozrffrtnjr4fpkq4j18oojd30t5mp/confusion_matrix_table.table.json","_latest_artifact_path":"wandb-client-artifact://h238y53cgbuohljcj09u6d7kzoy64oe74trqogxh10g5jdh49sbn46qo627vtxalqz6x4eaydbb16i0bnrgyadiyfdu4f6jmy1h69a41lh3ge14hkohyu62ymavaxpgo:latest/confusion_matrix_table.table.json","path":"media/table/confusion_matrix_table_13_b470471c331b0728b7f5.table.json","ncols":3},"_runtime":23.110401362,"total_training_time":21.606457233428955,"test_accuracy":0.8663}