{"Model Run history":{"val_acc":[0.8025,0.8473333333333334,0.8303333333333334,0.8246666666666667,0.8548333333333333],"train_loss":[0.5847163198598445,0.4698644748277344,0.45239809919877916,0.4487337980160688,0.4394959255786953],"train_acc":[0.7987777777777778,0.8338148148148148,0.8383148148148148,0.8392592592592593,0.8428148148148148],"val_loss":[0.5481659012780428,0.42992011083005105,0.4561533878584312,0.47369567695537546,0.4119413443724036]},"total_training_time":12.89578652381897,"_wandb":{"runtime":13},"confusion_matrix_table":{"artifact_path":"wandb-client-artifact://fkc0e6m5z79u059g4q2y6ag4fw5dg8jbq9fg2ujwt78n9dy22ekznvaud2tdctiujhtnsc8i271vtv3c5sm006gipvrfdeu1h5wzxrn9qdwojybb3qnlan715rlupc0k/confusion_matrix_table.table.json","_latest_artifact_path":"wandb-client-artifact://aj32epc9mfo4zfvx2hw0un5p7k506uthxmq9p07nze34gwlv7dzxqgqltwukozlncdmptkbjysptdskmqy1hvja2zlejhj20pgjn9508guffqo0x40fzg5m3d68e3d1j:latest/confusion_matrix_table.table.json","path":"media/table/confusion_matrix_table_8_b14d4d220ae96e5b4a7b.table.json","ncols":3,"nrows":100,"_type":"table-file","sha256":"b14d4d220ae96e5b4a7b4de84a0ca4cd80f3eccfd82ac0a4a6bdf1c9b35a87a3","size":2937},"train_loss":0.4394959255786953,"_runtime":13.964098933,"epoch":5,"train_accuracy":0.8428148148148148,"epoch_time":2.3329460620880127,"_step":8,"_timestamp":1.7411927579578886e+09,"val_accuracy":0.8548333333333333,"val_loss":0.4119413443724036,"test_accuracy":0.8465}