{"confusion_matrix_table":{"artifact_path":"wandb-client-artifact://ots16fcjgqx3q5j2y19ukh48dhfpo0ev44h0uln1sdtojtfwdj2isc8w2xz5w66dfl3wsa8zqb2y3tzzv9hs6u1v543avwotjshno8jdhgwnibw1hajb0wj047zqj8zp/confusion_matrix_table.table.json","_latest_artifact_path":"wandb-client-artifact://88cqxnlhir3esryit9e64oek96ngl8uwjtkfqo4tagwtkircna8crah2n2lk86o7j6ditroazotwwft2iyvx2yqn08s01lmymusgcxzbwflibnt6c8w6v9ka5ahw1fmg:latest/confusion_matrix_table.table.json","path":"media/table/confusion_matrix_table_13_27dac1e71bcf602bcce0.table.json","ncols":3,"nrows":100,"_type":"table-file","sha256":"27dac1e71bcf602bcce0c9a6cf51b59579c297ed6a77d5ad92e8659c62c22a2c","size":2931},"train_accuracy":0.8677407407407407,"Model Run history":{"val_acc":[0.8341666666666666,0.8526666666666667,0.8571666666666666,0.8625,0.845,0.8631666666666666,0.8616666666666667,0.8528333333333333,0.8636666666666667,0.8628333333333333],"train_loss":[0.5777658221690782,0.4381572798992156,0.40947930832238916,0.3991007228052516,0.391370019745091,0.38686042178835556,0.38223509427802477,0.3782315688962,0.37927068462398206,0.3747483865358961],"train_acc":[0.8042222222222222,0.8484444444444444,0.8572592592592593,0.8602962962962963,0.8615555555555555,0.8628518518518519,0.8653888888888889,0.8671666666666666,0.8666481481481482,0.8677407407407407],"val_loss":[0.472226872023034,0.4201461103559444,0.3990139626786087,0.3980070287935379,0.43174810301449223,0.40171154286096805,0.3934775492837193,0.41911671026235714,0.38743654546533973,0.39009282595836375]},"_step":13,"_timestamp":1.7412400305218666e+09,"train_loss":0.3747483865358961,"val_loss":0.39009282595836375,"total_training_time":33.973766803741455,"epoch_time":3.7060277462005615,"test_accuracy":0.8532,"val_accuracy":0.8628333333333333,"epoch":10,"_wandb":{"runtime":35},"_runtime":35.075731675}