{"test_accuracy":0.8625,"_runtime":19.433853016,"val_loss":0.3692411528025499,"val_accuracy":0.8703,"total_training_time":18.298866987228394,"_timestamp":1.7409085839231298e+09,"epoch_time":1.7401423454284668,"train_accuracy":0.87806,"epoch":10,"train_loss":0.34376118176985204,"confusion_matrix":{"height":800,"_type":"image-file","sha256":"cce08ab93789f9b22ae14b21015886cf15695aeeb29ee92f5adcf2a3f43474ba","size":61866,"path":"media/images/confusion_matrix_12_cce08ab93789f9b22ae1.png","format":"png","width":1000},"_wandb":{"runtime":19},"_step":12}