{"_runtime":27.441411099,"train_loss":0.3064022309636921,"epoch_time":4.732187032699585,"_timestamp":1.7412007740402172e+09,"total_training_time":26.40233302116394,"epoch":5,"confusion_matrix_table":{"sha256":"5b9068c58d41b5d672cc835fd5e2695b5793cda2e43a074117c01fd375a2b72c","size":2931,"artifact_path":"wandb-client-artifact://4wfgnai5j6c8fnva3dgmypf4o6ebzu0vc7cjqfg17oeql6z81cy1y1s0maqqfbziu82bba3is8l83m4jw4zgyqz0cp9caq8u58a8m0zmy7xpl9wttdet1uiqaxcqk2a7/confusion_matrix_table.table.json","_latest_artifact_path":"wandb-client-artifact://djp40rxmd6opwukmh2glj1la84xl6l4t6pw5a98wdxvsselrkvzrjxo7ckcs5zi6gh93h6ps1pwp376tqlycyshsthgzmq0b9e18z60luh6b8rav52mok8eka8z21775:latest/confusion_matrix_table.table.json","path":"media/table/confusion_matrix_table_8_5b9068c58d41b5d672cc.table.json","ncols":3,"nrows":100,"_type":"table-file"},"val_loss":0.3328892308743992,"train_accuracy":0.8859074074074074,"_wandb":{"runtime":27},"test_accuracy":0.8722,"_step":8,"Model Run history":{"val_acc":[0.8216666666666667,0.8521666666666666,0.8753333333333333,0.8776666666666667,0.8786666666666667],"train_loss":[0.4953212039820546,0.37630383136513224,0.34477182596559963,0.32011435429992774,0.3064022309636921],"train_acc":[0.824037037037037,0.8624444444444445,0.8740185185185185,0.8805925925925926,0.8859074074074074],"val_loss":[0.4748349339364404,0.3941471901469576,0.34262119835451454,0.3307279107908214,0.3328892308743992]},"val_accuracy":0.8786666666666667}