{"test_accuracy":0.8476,"Model Run history":{"val_loss":[0.4913418989049444,0.42043278480432894,0.4475458751097605,0.4130356354625028,0.43750284757196495,0.41518541518676555,0.3726412075347731,0.40480421136793654,0.40666139147268576,0.3919373247888697,0.4100411275545381,0.3983926314035383,0.3919148332114558,0.4080958756621073,0.3918606103480599,0.385186462645883,0.37449991884507977,0.42815584576452,0.5399655335026791,0.393096429547706,0.38533011812156776,0.38490621895328564,0.36016773575590755,0.39079451405628085,0.38042948340716864,0.399418211754348,0.367869377822525,0.35872091360585384,0.39345744694949775,0.4066808290753312,0.4098288195980492,0.3701420284492496,0.37775638951764773,0.3829289353576394,0.3861224744098274,0.3875026314203122,0.37252509993504745,0.3614493684825694,0.39853934803230234,0.380143592300335],"val_acc":[0.8161666666666667,0.8508333333333333,0.8376666666666667,0.8433333333333334,0.841,0.8446666666666667,0.8631666666666666,0.8498333333333333,0.8476666666666667,0.8518333333333333,0.8496666666666667,0.8515,0.8575,0.8505,0.8563333333333333,0.8645,0.8626666666666667,0.8428333333333333,0.7963333333333333,0.8576666666666667,0.8616666666666667,0.8556666666666667,0.8705,0.857,0.8596666666666667,0.8556666666666667,0.866,0.8751666666666666,0.8538333333333333,0.8496666666666667,0.8483333333333334,0.863,0.862,0.8621666666666666,0.8568333333333333,0.8566666666666667,0.863,0.8681666666666666,0.8598333333333333,0.8513333333333334],"train_loss":[0.6810300339238131,0.46504263631630893,0.43947768633147116,0.42588405931437706,0.41568602706162355,0.40544903269204413,0.4023094457694704,0.39588670201142684,0.39446635009724573,0.3957402074254789,0.39847248784176365,0.3920720695023118,0.3892255242897007,0.3895855602232228,0.38453136965384027,0.38286755183078575,0.37898875390960995,0.37992422170100015,0.383821045869252,0.3773683386983131,0.37970498821174686,0.37935125817521853,0.37802486068594743,0.38010851101023024,0.37846568794343627,0.37492985604189616,0.3769036091296264,0.3764494662713623,0.3731829829008028,0.3781556308746614,0.3744858815267405,0.3738644861991051,0.3759677759170143,0.3699951122588669,0.37966285564754026,0.37328656505903435,0.37579628409373916,0.3670911068507415,0.3748889422303431,0.3692829709950471],"train_acc":[0.7626666666666667,0.8359629629629629,0.8437037037037037,0.8478333333333333,0.851,0.8541296296296297,0.8564444444444445,0.8582962962962963,0.8584074074074074,0.8587407407407407,0.8579444444444444,0.8606296296296296,0.8610925925925926,0.8591481481481481,0.862462962962963,0.8627222222222222,0.8633703703703703,0.8646296296296296,0.8619814814814815,0.8660740740740741,0.8650740740740741,0.8642777777777778,0.8652592592592593,0.8641851851851852,0.863574074074074,0.8657407407407407,0.8665185185185185,0.8652962962962963,0.867037037037037,0.8634444444444445,0.866037037037037,0.8659259259259259,0.8658518518518519,0.8671296296296296,0.8638703703703704,0.8663148148148148,0.8654074074074074,0.8684259259259259,0.8662037037037037,0.8683148148148148]},"confusion_matrix_table":{"nrows":100,"_type":"table-file","sha256":"346ec3144a7abf31136d37a42c3267230cf3a1b10a2915b6120c7b08a4699f31","size":2931,"artifact_path":"wandb-client-artifact://uftb8qt0yjgna3tnzkx5p91ee9hnr7hrl9hv7gyri9xokx167e4tgf7hl69ggr6f679u6a0i2anfia6fp6wxb74tvqd3t95s83khdjs92p3kv9wmofkkr5fykf8yau6u/confusion_matrix_table.table.json","_latest_artifact_path":"wandb-client-artifact://q4esuxu3s1wotcfz7nb5g12u1xyzhfnongvu48qnlypw6exyymx54lnua25qe6u3ktwmcc6nxkjvdv0jax4cdnp8j7el05spbmn49pvt8q2dep0cxfen1t3uzf9w46li:latest/confusion_matrix_table.table.json","path":"media/table/confusion_matrix_table_43_346ec3144a7abf31136d.table.json","ncols":3},"_runtime":146.547504013,"_step":43,"total_training_time":144.82916903495789,"epoch":40,"epoch_time":2.833700656890869,"train_loss":0.3692829709950471,"val_loss":0.380143592300335,"_timestamp":1.7413403609977796e+09,"val_accuracy":0.8513333333333334,"_wandb":{"runtime":146},"train_accuracy":0.8683148148148148}