{"_runtime":13.762954110999999,"_step":8,"Model Run history":{"train_acc":[0.8284074074074074,0.8672592592592593,0.8782592592592593,0.8845925925925926,0.8893518518518518],"val_loss":[0.38669325861768605,0.3472897754369823,0.34061308441284804,0.3231079639501156,0.340632528033188],"val_acc":[0.8513333333333334,0.8701666666666666,0.8708333333333333,0.886,0.8761666666666666],"train_loss":[0.4836953983006368,0.36695947357128395,0.3333170381391853,0.31359094699445955,0.29835552302461743]},"_timestamp":1.7412032936333272e+09,"total_training_time":12.625116348266602,"test_accuracy":0.8631,"val_accuracy":0.8761666666666666,"val_loss":0.340632528033188,"train_loss":0.29835552302461743,"epoch":5,"train_accuracy":0.8893518518518518,"_wandb":{"runtime":13},"confusion_matrix_table":{"path":"media/table/confusion_matrix_table_8_3c1acdd3776cfaafca81.table.json","ncols":3,"nrows":100,"_type":"table-file","sha256":"3c1acdd3776cfaafca81a79c935653a0a3ac949d55f90128bf33a264a867d3b5","size":2931,"artifact_path":"wandb-client-artifact://i7z6ai345kelwnp3zt2551q2x121ap5igpgbe8qv0nt9b74bos4cojgqqi788hi5zgmj4tb6zua3p1mqnd9n8fwt94rtcm14gw88yd5gwejlae9zq3944b3cfx0ltyfp/confusion_matrix_table.table.json","_latest_artifact_path":"wandb-client-artifact://ec4ztd8jokb4zbr58y5ey2fw3zgefgwd0pjla5lzkrbr0c2995snzqw8rtuu9pfkzc8fvu2dxdgnq8s47y7nb088uj30do854lcr7syno3hcjup4tmadzx24uvx4iojc:latest/confusion_matrix_table.table.json"},"epoch_time":2.338569164276123}