{"_wandb":{"runtime":27},"val_loss":0.3417882317757557,"confusion_matrix_table":{"nrows":100,"_type":"table-file","sha256":"7fa6137f011ba916b79f40d3793774161fa3aca932b602f8eb772ac92ec1d448","size":2930,"artifact_path":"wandb-client-artifact://5iiozf9oo5xy5ob6u9g6wd3cgdny9sk5abvpxlm54rx45od1g1035afly9u3eklcy9qjwu91hfehj6dffsu2iirk9iwmwac6i3ur9wlhy9swjrdofrvy2gpcjdlmnbqx/confusion_matrix_table.table.json","_latest_artifact_path":"wandb-client-artifact://faiw41pry919ymn4p4cbqhre85ac95wpjufetqwlo7k7hgc0mzw9wcugk8riddoxcx0alkrld5bhjxuk4ni3p8qnrnv3vjh15y1bbwoe0i6x5lnmviro75m2k6y7c7p6:latest/confusion_matrix_table.table.json","path":"media/table/confusion_matrix_table_8_7fa6137f011ba916b79f.table.json","ncols":3},"epoch":5,"_timestamp":1.741195205592595e+09,"Model Run history":{"val_acc":[0.8503333333333334,0.826,0.8676666666666667,0.8623333333333333,0.8796666666666667],"train_loss":[0.520105429027143,0.3963319156834205,0.3589129255675366,0.3342651226666733,0.31676866101524376],"train_acc":[0.8098888888888889,0.8533333333333334,0.867574074074074,0.8745185185185185,0.8816111111111111],"val_loss":[0.415995905596408,0.5264793125962267,0.36384890532996217,0.3631865010899732,0.3417882317757557]},"test_accuracy":0.8674,"total_training_time":26.199538946151733,"train_loss":0.31676866101524376,"val_accuracy":0.8796666666666667,"train_accuracy":0.8816111111111111,"epoch_time":4.408127307891846,"_runtime":27.312928124,"_step":8}