{"_wandb":{"runtime":19},"_timestamp":1.7412050873050702e+09,"epoch":5,"_step":8,"val_accuracy":0.8766666666666667,"total_training_time":17.982100248336792,"Model Run history":{"train_loss":[0.49947098049099603,0.38723600347339954,0.35714747458114066,0.33859717429708097,0.32966768284262205],"train_acc":[0.827,0.8613888888888889,0.8707222222222222,0.8771481481481481,0.8799814814814815],"val_loss":[0.408613600345412,0.38428608775881695,0.3621897277540806,0.3399311673213377,0.3390885357695074],"val_acc":[0.8453333333333334,0.8583333333333333,0.867,0.8748333333333334,0.8766666666666667]},"confusion_matrix_table":{"ncols":3,"nrows":100,"_type":"table-file","sha256":"a2b97c071d0bf0e7cb1bb702e9c8341524dc60c1db39a88eddeb2f4c4f66f37c","size":2932,"artifact_path":"wandb-client-artifact://nte83avophyaaoq0othuacfxab8q4m5jfgi8ywpyi08g4stax4wc1kjvtgpu4i90lxje01uw0ux4klbr0hn4f13ki5j2r5cpdlnrusth2a8lcbdncppyympgmebl31ru/confusion_matrix_table.table.json","_latest_artifact_path":"wandb-client-artifact://yt5gb2cq6gz2wcvnt4fr9fvkufqdmywjgxtdcn44423xlota9iiufetfoghfz7v1pqphdalcqdrku7uk0951br5d7rawvo8nrbpsc9uvefvuedn9xdg7d8a6nor86ozl:latest/confusion_matrix_table.table.json","path":"media/table/confusion_matrix_table_8_a2b97c071d0bf0e7cb1b.table.json"},"test_accuracy":0.8621,"train_accuracy":0.8799814814814815,"_runtime":19.036073267,"train_loss":0.32966768284262205,"epoch_time":3.228386402130127,"val_loss":0.3390885357695074}