{"train_loss":0.3145104624594671,"epoch_time":2.3813741207122803,"val_accuracy":0.8735,"_wandb":{"runtime":22},"train_accuracy":0.8866111111111111,"confusion_matrix_table":{"_latest_artifact_path":"wandb-client-artifact://a1u1f51c3imj7n0ezis0uf9eyitskfkquw6b8l71dxn7vs8ja6bxymz97l1csfyvc0mqmur8rhovohfmtrdjue6ggem79bkdc2hg2etj7v8t6z7swm1rnz4j5dha7q7i:latest/confusion_matrix_table.table.json","path":"media/table/confusion_matrix_table_13_bb1efe21bc7a3d5a5219.table.json","ncols":3,"nrows":100,"_type":"table-file","sha256":"bb1efe21bc7a3d5a52192ef0ce61f527b79ecdf19d08b853e8676b0f93d4b6ee","size":2932,"artifact_path":"wandb-client-artifact://6w6wxq5uafbpzanp43dyh7pw8tarhbztcugprmpxqq16uo3kytwz3qknmui7ash7xhjg1o2icgcj10uwzcfirq0o9m9tgvjh7ffv6fy238j8cq4nd8evckyan4ucrr0x/confusion_matrix_table.table.json"},"Model Run history":{"train_acc":[0.7979074074074074,0.8515,0.8613518518518518,0.8665,0.8712222222222222,0.8757037037037037,0.8777407407407407,0.8811296296296296,0.8839814814814815,0.8866111111111111],"val_loss":[0.45357313836221286,0.4182952409918673,0.3989269268707436,0.3777223568367274,0.3775846759164533,0.37629855834249976,0.36779808712475986,0.37069407298962737,0.35986035910595016,0.3584756477257751],"val_acc":[0.8418333333333333,0.8528333333333333,0.8586666666666667,0.8688333333333333,0.8696666666666667,0.8673333333333333,0.873,0.8698333333333333,0.8713333333333333,0.8735],"train_loss":[0.5871263598632708,0.4244732598233173,0.3918674030219876,0.3724912300019314,0.35775944734935855,0.34785942661054187,0.3375512324834451,0.3287320730784973,0.32039033900820446,0.3145104624594671]},"epoch":10,"val_loss":0.3584756477257751,"_runtime":22.719138983,"total_training_time":21.53825616836548,"_timestamp":1.741241640659154e+09,"test_accuracy":0.8607,"_step":13}