{"_wandb":{"runtime":42},"_runtime":42.762810766,"total_training_time":41.24850416183472,"epoch_time":4.944212198257446,"confusion_matrix_table":{"artifact_path":"wandb-client-artifact://6v7imk7udlkgby51gdfhfv2prcrdpzuhoe78jnymqb0mrn2ppro6jqv2yoikp7mlv32s9g7nobkr9wdk6bsnen60438cbpm1mj3fd34ekot4sge977eq47ai7a866yvw/confusion_matrix_table.table.json","_latest_artifact_path":"wandb-client-artifact://7ydxvc48p9vi3gb7wi4uik5uxtfp97lwcoga52rlcwmo5e98hnyxpkyg6zlu4no6wtep1iqxih10fcoyrudi2sec7b9uio8dcg5mmtd3v2qsrm2eubfl3deifysfvbxr:latest/confusion_matrix_table.table.json","path":"media/table/confusion_matrix_table_13_50a6e7b67e0b84db3f2a.table.json","ncols":3,"nrows":100,"_type":"table-file","sha256":"50a6e7b67e0b84db3f2a9a7385c7ce1a0b4cca0dcc6d7985ee52e4f096acbf73","size":2936},"epoch":10,"test_accuracy":0.8424,"_timestamp":1.7412404990202858e+09,"val_accuracy":0.8481666666666666,"val_loss":0.4233746439108761,"_step":13,"train_loss":0.4039174867173925,"Model Run history":{"val_acc":[0.8158333333333333,0.8366666666666667,0.853,0.8538333333333333,0.8445,0.8541666666666666,0.8523333333333334,0.8508333333333333,0.866,0.8481666666666666],"train_loss":[0.6744733346166111,0.5045923052133474,0.46935793438812,0.448329122179054,0.4340115955120739,0.4239634714364472,0.41764210312917444,0.41218493024877095,0.40648106937092043,0.4039174867173925],"train_acc":[0.7839074074074074,0.8352592592592593,0.8458333333333333,0.8519814814814815,0.855462962962963,0.8593148148148149,0.8599444444444444,0.8607962962962963,0.8633703703703703,0.8645925925925926],"val_loss":[0.5083246665994525,0.46089758374050727,0.428229128502946,0.428257557180602,0.4462385237338892,0.4263001019417116,0.42415439571297314,0.4186610703107782,0.39643463194108525,0.4233746439108761]},"train_accuracy":0.8645925925925926}