{"epoch_time":3.010106325149536,"val_accuracy":0.8803333333333333,"test_accuracy":0.8637,"_wandb":{"runtime":26},"train_loss":0.30944199257678384,"_timestamp":1.7412419149727435e+09,"val_loss":0.3459830426466366,"Model Run history":{"val_loss":[0.4330167893169425,0.43359549698577277,0.3835139218508058,0.3643665285985187,0.37071529205596715,0.3787908228919422,0.3543147750500626,0.3511799671815692,0.35576592751196856,0.3459830426466366],"val_acc":[0.845,0.8463333333333334,0.8656666666666667,0.8755,0.8696666666666667,0.8636666666666667,0.8745,0.8773333333333333,0.8758333333333334,0.8803333333333333],"train_loss":[0.539230407801925,0.4006469664519376,0.37505886180463605,0.35668263081048135,0.3431747356242623,0.3340444854762614,0.3244388523400376,0.31955625490000084,0.3133128824889805,0.30944199257678384],"train_acc":[0.8150740740740741,0.8582777777777778,0.8661851851851852,0.8724074074074074,0.8766296296296296,0.8783518518518518,0.8824814814814815,0.8838703703703704,0.8861666666666667,0.886962962962963]},"epoch":10,"_runtime":26.709328821,"total_training_time":25.71259641647339,"train_accuracy":0.886962962962963,"_step":13,"confusion_matrix_table":{"_latest_artifact_path":"wandb-client-artifact://mdh1w5by4bk4fr6mzzcm9otsovsvj2df14auluw1acfdm4ztdbi98aon7rzkqhtsm0s48j5qk5ndjnek2iyhsmidy0ads8nydyvjnxu9fe7sc7nsnitgty6cxg7hcpus:latest/confusion_matrix_table.table.json","path":"media/table/confusion_matrix_table_13_2157aea719c4985d8a0f.table.json","ncols":3,"nrows":100,"_type":"table-file","sha256":"2157aea719c4985d8a0f19fcebbb0349813220c08e5d2eecbaaf4286344f01fb","size":2930,"artifact_path":"wandb-client-artifact://3coof7kr0c98tgd6s3midyz4elrzlml3az4m8nx1j83pikcygzif6l25wj8u99izihci0brdqi8aevpj8qnzf1wfqn23wute5fs956o5eommirau4q6vhq6uxishleym/confusion_matrix_table.table.json"}}