{"_step":13,"epoch":10,"val_accuracy":0.8825,"total_training_time":16.0210382938385,"_wandb":{"runtime":17},"train_loss":0.24638284375786348,"train_accuracy":0.9081851851851852,"_timestamp":1.7412422586569998e+09,"epoch_time":1.5113158226013184,"confusion_matrix_table":{"artifact_path":"wandb-client-artifact://jjei6dfoi5jdjhovohw25di3pp2size18vlrkldyfu4wkg9cwcc1ox4a3lyavpp56rwfq9g0eqzmexylddiiil6gefna53mog7f8grj1xtjkvcv3cmgxaqg95jcusgii/confusion_matrix_table.table.json","_latest_artifact_path":"wandb-client-artifact://nbkk41ekn9k9s0odcgzzcajms8wxo74o0vk42p34opg2w2rv3xato2xqvff6c1abgw1s6daiglzx7wnsf42r3krs3fn1q395e0kc13deld42ltgyhux1jq0aybwq0csq:latest/confusion_matrix_table.table.json","path":"media/table/confusion_matrix_table_13_1a95ed9a1381b56aec98.table.json","ncols":3,"nrows":100,"_type":"table-file","sha256":"1a95ed9a1381b56aec983741de29dd751767babc12c4e1e2d72e070b9abbd1a2","size":2933},"Model Run history":{"val_loss":[0.4064483111616438,0.3753892412798465,0.3571594934409171,0.3397630433127732,0.34455358186432977,0.33550102208810645,0.3313317978438879,0.3338811958826467,0.34908952693741463,0.33607294876605115],"val_acc":[0.86,0.8688333333333333,0.8731666666666666,0.8818333333333334,0.8788333333333334,0.8803333333333333,0.8821666666666667,0.8828333333333334,0.877,0.8825],"train_loss":[0.5166504087811105,0.37983406057351876,0.3426361850573874,0.31755099393656877,0.30298020774438134,0.28760438896203455,0.2756898406410206,0.2654751580507115,0.25683429060118085,0.24638284375786348],"train_acc":[0.8218148148148148,0.863537037037037,0.8762777777777778,0.8843888888888889,0.887425925925926,0.893425925925926,0.8974444444444445,0.901425925925926,0.9061666666666667,0.9081851851851852]},"test_accuracy":0.8763,"_runtime":17.258147111,"val_loss":0.33607294876605115}