{"val_loss":9.577602694308734,"epoch":4,"_step":3,"train_acc":0.7232,"train_loss":0.8565991556183292,"_timestamp":1.7406829705745847e+09,"val_acc":0.7227,"_wandb":{"runtime":12},"_runtime":12.495695256}