{"_timestamp":1.7412397354028451e+09,"test_accuracy":0.1996,"confusion_matrix_table":{"ncols":3,"nrows":100,"_type":"table-file","sha256":"4a1c03f04aadfa9874461806866bb8adff9b00dff3a61e134f9d6efe405c25ad","size":2910,"artifact_path":"wandb-client-artifact://zbf4qpjvnawiax7rq5u3pa3lu331kdumbaekteax9phslfjwnoz3jfa3hwvwkf33fhyk07ek2t5p6mauog30y3gq6cz58rdvn8nrq285quurbqkif6sczz2i63u6398r/confusion_matrix_table.table.json","_latest_artifact_path":"wandb-client-artifact://hi49b1o2mhh89nwjwbfmfb1qoxfiqut4sl40ohahijoh6o6ayuzld4lu4iu1lhud0dfr5fs0rj44l3uko787swvim0c19txt3y8zobaf9t1g7lg1hs9xsei7zgmpncrg:latest/confusion_matrix_table.table.json","path":"media/table/confusion_matrix_table_8_4a1c03f04aadfa987446.table.json"},"train_loss":2.2885438339111386,"epoch_time":12.554840087890625,"_runtime":62.575380715,"_step":8,"total_training_time":60.56597185134888,"epoch":5,"val_accuracy":0.19016666666666668,"_wandb":{"runtime":62},"train_accuracy":0.18024074074074073,"val_loss":2.15060069743019,"Model Run history":{"val_loss":[2.3026237372314653,2.3024062138665347,2.30213933807225,2.3013035041623198,2.15060069743019],"val_acc":[0.0995,0.09683333333333333,0.09683333333333333,0.2635,0.19016666666666668],"train_loss":[2.302616609242822,2.302519806035782,2.302335712537849,2.3017993586475463,2.2885438339111386],"train_acc":[0.10022222222222223,0.10192592592592592,0.10518518518518519,0.12275925925925926,0.18024074074074073]}}