{"val_accuracy":0.8444,"epoch":5,"val_loss":0.42880489097336155,"epoch_time":6.659438610076904,"train_loss":0.4218529860541569,"_runtime":34.364951318,"_timestamp":1.7409078612530918e+09,"total_training_time":33.04387092590332,"_wandb":{"runtime":34},"_step":7,"train_accuracy":0.85172,"test_accuracy":0.8398,"confusion_matrix":{"height":800,"_type":"image-file","sha256":"e8d8af053b9e26640ebda076f3fe5ee20a8712a0c81844fc6c089da1b51d2f32","size":61389,"path":"media/images/confusion_matrix_7_e8d8af053b9e26640ebd.png","format":"png","width":1000}}