{"epoch":40,"_timestamp":1.7413453891701002e+09,"confusion_matrix_table":{"path":"media/table/confusion_matrix_table_43_c98e685d2f1c4ed36d78.table.json","ncols":3,"nrows":100,"_type":"table-file","sha256":"c98e685d2f1c4ed36d78bb44cc0d379c2a20ee9f01126cc52f7739674b4867df","size":2929,"artifact_path":"wandb-client-artifact://lfo5jqrxjnzmerpv1m5n7sn2l8gq8es7t54mxydcq6wlv8v86okw6a8407ob8x378rjkitwol7idhxvmjw64yk1942xzym9v30fpfnfxrjqszu3y3ynu55669h9av1ne/confusion_matrix_table.table.json","_latest_artifact_path":"wandb-client-artifact://24bxatmby4wu0cbjcsjhcksnt0pffe107yxbiom1xflojab0c74jc6722w0aflzbuy5z3wi3nl7sy7fmemk3ucoawfedu9w09gd4qyx8ldixr2jabl2fpi619l12qug0:latest/confusion_matrix_table.table.json"},"_wandb":{"runtime":213},"val_loss":0.31100362405320514,"test_accuracy":0.8838,"train_accuracy":0.9378148148148148,"Model Run history":{"val_acc":[0.8375,0.8413333333333334,0.8571666666666666,0.8675,0.88,0.8768333333333334,0.8746666666666667,0.8793333333333333,0.881,0.882,0.8696666666666667,0.89,0.8915,0.878,0.8895,0.8705,0.8751666666666666,0.8931666666666667,0.8851666666666667,0.8906666666666667,0.8901666666666667,0.8953333333333333,0.8873333333333333,0.9003333333333333,0.8903333333333333,0.8875,0.8981666666666667,0.8953333333333333,0.8953333333333333,0.9055,0.8823333333333333,0.8901666666666667,0.8903333333333333,0.8928333333333334,0.8978333333333334,0.895,0.8965,0.8998333333333334,0.8985,0.8936666666666667],"train_loss":[0.6056607001537053,0.4356593513649354,0.3937956097681724,0.3665407642541482,0.3480254950173515,0.3332466430524275,0.32091434867608176,0.3114063687467828,0.30171820119517057,0.2937545035368044,0.2864100003420838,0.2791975312721938,0.2728067311249089,0.2671089456395898,0.25997009974753205,0.25491410345846605,0.24915255735589614,0.24528794858958847,0.24000987498690401,0.23605263820441583,0.23248992194776066,0.2283727202456967,0.22413661478731467,0.221137701416761,0.21788542272760256,0.21350758572896963,0.21111838081515044,0.20789046836762334,0.2054358911796211,0.20153692273735282,0.19854965159847857,0.194302470176887,0.19556515547657255,0.19112502495051015,0.18765360025334316,0.18507666209295381,0.18186531200087447,0.1824425388695961,0.17922506197762703,0.17709375271965824],"train_acc":[0.793962962962963,0.8483888888888889,0.8623703703703703,0.8712962962962963,0.8785,0.8835740740740741,0.8867407407407407,0.8901851851851852,0.8935925925925926,0.8960555555555556,0.8989259259259259,0.9004074074074074,0.9041296296296296,0.9043333333333333,0.9078703703703703,0.9091851851851852,0.9118518518518518,0.9128333333333334,0.9154444444444444,0.9162777777777777,0.916962962962963,0.9196851851851852,0.921962962962963,0.9210185185185186,0.9218888888888889,0.9241851851851852,0.9253518518518519,0.9263148148148148,0.9272222222222222,0.9287407407407408,0.9286111111111112,0.9315555555555556,0.9315,0.9326296296296296,0.9335,0.9345925925925926,0.9357592592592593,0.9348148148148148,0.935962962962963,0.9378148148148148],"val_loss":[0.4401382760111576,0.41788842615642974,0.37800507727181815,0.3687519810879466,0.32683367945786146,0.33455255889481844,0.33248466890985345,0.3220046993965752,0.3277781972476863,0.31831190846603663,0.3404261453166632,0.3015971262597733,0.29451879438230594,0.3203395223067038,0.30084074843169956,0.344185929368666,0.36145572355677563,0.29302788261898355,0.3097774306808864,0.3000491274247447,0.29609393339811,0.29403481935954656,0.310429925433662,0.29133284358851286,0.3014242768733475,0.3237026950363837,0.28621546332919795,0.2979763270952223,0.30128757991836347,0.27961221813328246,0.33643405551895317,0.3227647774718226,0.3085189817996717,0.3041689972432955,0.284417051078745,0.3049747934494124,0.31780656171192045,0.28213799911367443,0.3066568444601036,0.31100362405320514]},"_step":43,"val_accuracy":0.8936666666666667,"total_training_time":212.2911376953125,"epoch_time":5.724673748016357,"_runtime":213.623541505,"train_loss":0.17709375271965824}