{"_timestamp":1.7412405979121375e+09,"confusion_matrix_table":{"_type":"table-file","sha256":"77e51cd2b08c1bef8b78b80c2403ed7b012f054604ed1c55f969a493c6d935d0","size":2932,"artifact_path":"wandb-client-artifact://lo2xfvn6wr5ei0511zjxe8py4p8nkadx8rvrfwt18wtcptxggvkus12qmn6mdd2if4ffslfanv24cfdxb17kp4sw903ksjgjnesx0tgbwmbo219g3363o9bs25mkt4ha/confusion_matrix_table.table.json","_latest_artifact_path":"wandb-client-artifact://jnhaghce8tnsj7amruea7tdtd1372d53qmz2wqk4sb1n7cmfw6929z8a9bk7a1fqaiw5e7q0w2q2sal5pegk1yml1s82l7rlut7qgfp330qjjm4k17p4t3bhl0tr39je:latest/confusion_matrix_table.table.json","path":"media/table/confusion_matrix_table_13_77e51cd2b08c1bef8b78.table.json","ncols":3,"nrows":100},"test_accuracy":0.8648,"epoch_time":2.759178638458252,"_wandb":{"runtime":17},"total_training_time":15.429195642471313,"train_accuracy":0.8942962962962963,"val_accuracy":0.8763333333333333,"Model Run history":{"val_acc":[0.8501666666666666,0.86,0.8621666666666666,0.8726666666666667,0.865,0.8696666666666667,0.869,0.8676666666666667,0.861,0.8763333333333333],"train_loss":[0.5541741800653751,0.40597076405995086,0.3717991550439143,0.35013309742225274,0.33569985856951484,0.32220508788854085,0.31322861581135414,0.304282554379341,0.2970129854798166,0.2892009611787419],"train_acc":[0.8087222222222222,0.8521296296296297,0.8645555555555555,0.8718518518518519,0.8778703703703704,0.8842407407407408,0.885462962962963,0.8886296296296297,0.8915925925925926,0.8942962962962963],"val_loss":[0.4278074536204976,0.392845402658021,0.3841397350794982,0.3641530300163079,0.3759880136361559,0.36472770177719704,0.3693262088802215,0.361193064108805,0.3846219785518378,0.34848426322616727]},"epoch":10,"_runtime":17.128344994,"_step":13,"train_loss":0.2892009611787419,"val_loss":0.34848426322616727}