{"_runtime":38.725612245,"val_loss":0.3129122059482641,"Model Run history":{"val_acc":[0.8403333333333334,0.8558333333333333,0.866,0.8681666666666666,0.8751666666666666,0.877,0.8835,0.8906666666666667,0.8796666666666667,0.8848333333333334,0.8833333333333333,0.8835,0.8936666666666667,0.8935,0.8838333333333334],"train_loss":[0.5669812284075468,0.40004914781791673,0.3654805155625894,0.3408687944135825,0.3236052432957489,0.3087739613753342,0.29833208660386507,0.2908188612149531,0.2803185898013077,0.27477588207511117,0.26579138843216144,0.26371512660037577,0.26077008200364293,0.2511891658255446,0.2513923524321508],"train_acc":[0.7976296296296296,0.8557037037037037,0.8664444444444445,0.8768518518518519,0.8805925925925926,0.8862407407407408,0.8901481481481481,0.8921481481481481,0.8960925925925926,0.8976296296296297,0.9001296296296296,0.9022592592592592,0.9036666666666666,0.9072777777777777,0.9055925925925926],"val_loss":[0.4333545521008191,0.39025757050663895,0.36634884032570986,0.35862241944858286,0.33601477179555234,0.334897010121598,0.3177648436089772,0.3038211765997342,0.31828177662281376,0.3155375117327696,0.31747572398706414,0.3194135754829187,0.2975149623806267,0.2948916123310045,0.3129122059482641]},"epoch":15,"train_accuracy":0.9055925925925926,"test_accuracy":0.8753,"total_training_time":37.61233901977539,"epoch_time":2.3547322750091553,"val_accuracy":0.8838333333333334,"_timestamp":1.7413439305650306e+09,"train_loss":0.2513923524321508,"_wandb":{"runtime":38},"confusion_matrix_table":{"ncols":3,"nrows":100,"_type":"table-file","sha256":"9045a6b3a0c930343228c426d7dac5d50c4e06ae1bb1a03798e9af28b573d879","size":2928,"artifact_path":"wandb-client-artifact://bf7kpbqz8yv2ytn6cod2wklpbjzqx9j2ksmeyynuu5vj7udu4e8whumg3rvvlb0kh10hjve2xrep7tvmyl92zb37ce7jgbib7y2h47vvabj047jdwvxzrnassfa9yeqk/confusion_matrix_table.table.json","_latest_artifact_path":"wandb-client-artifact://nyeg561q27hyvyu40ui82g1yuaraznq1ti7k5lti62ybtzxekwqwire6q6wcn19mzwnw2o5k6j3r4t1lomdvpblyjj6ef16atzdjxn1vrhgjyyb1a7ernr40z1fo7zvf:latest/confusion_matrix_table.table.json","path":"media/table/confusion_matrix_table_18_9045a6b3a0c930343228.table.json"},"_step":18}