{"_step":12,"_runtime":68.160969811,"epoch":10,"total_training_time":66.96376872062683,"train_accuracy":0.8938,"_timestamp":1.740908303530976e+09,"val_loss":0.3332201956550154,"val_accuracy":0.8815,"epoch_time":6.8474812507629395,"test_accuracy":0.8786,"train_loss":0.29484319468672865,"_wandb":{"runtime":68},"confusion_matrix":{"size":60468,"path":"media/images/confusion_matrix_12_fd907cdc5f59637f83ab.png","format":"png","width":1000,"height":800,"_type":"image-file","sha256":"fd907cdc5f59637f83ab32e2f36fdaaeee10745cd8bda6e332d54756298e4426"}}