{"_timestamp":1.7411956186668684e+09,"epoch":5,"_wandb":{"runtime":31},"Model Run history":{"val_acc":[0.8455,0.8535,0.8676666666666667,0.8693333333333333,0.8553333333333333],"train_loss":[0.5978906591188998,0.41847978709658984,0.3746495550956485,0.3495789349616923,0.33074826329553814],"train_acc":[0.7884629629629629,0.8472037037037037,0.8629074074074075,0.8700925925925926,0.8787037037037037],"val_loss":[0.44901458447150755,0.4085465448743357,0.370043560160847,0.3547304842298979,0.3963251887703932]},"val_loss":0.3963251887703932,"total_training_time":29.784647703170776,"train_loss":0.33074826329553814,"epoch_time":5.242273807525635,"val_accuracy":0.8553333333333333,"test_accuracy":0.839,"confusion_matrix_table":{"nrows":100,"_type":"table-file","sha256":"a6deadae08b79bc65ca9ca4bc1f240f45c503dd05617017f27781f526ea1e25d","size":2929,"artifact_path":"wandb-client-artifact://x95g5z05fnob4w2yi01htafu91ahuwm5rux8h3y1ro3samtnfplu7zwo5uim2c50fjcco6c1oqv6tjospg4a4wazlwe5qpt6kngb6m3x5isfx2ymsl65f5q2el3qgw9y/confusion_matrix_table.table.json","_latest_artifact_path":"wandb-client-artifact://2q40pig2w2tedr2i85bbhllrjnilmrmb0supe2jymou7d48cf8vcqoutjira0c4825rsxcrmz7y15e1szyd86hpebyyq2mlij37l6i3ktpx17iit72b4vrhqct5es5m0:latest/confusion_matrix_table.table.json","path":"media/table/confusion_matrix_table_8_a6deadae08b79bc65ca9.table.json","ncols":3},"_step":8,"train_accuracy":0.8787037037037037,"_runtime":31.014212714}