{"epoch":10,"confusion_matrix_table":{"sha256":"60cb2feeacf5c9d979b4c3ffe112189c066f1a37da712f8d6b23b645a0f71a02","size":2934,"artifact_path":"wandb-client-artifact://2skerl9vlypzctb2tzm0pmoaa6rd11979nwa6uqzehadh7hadtl57pjm50rwywlllvcunhdni9xgcmirl6vpzw66ds615zhw7xtapnedkbgbvc5rwi5f5wl881ox998q/confusion_matrix_table.table.json","_latest_artifact_path":"wandb-client-artifact://4zl61rasr8zisogranyybtbqoftzio6154bh1qpbyei7vsa95rm9vb9lqjtfm2dyu2l55max2i0pwxp4mz6ro1bdt5kuhl0nazq2bora2xptw6zdnwuuksfqx90e61ac:latest/confusion_matrix_table.table.json","path":"media/table/confusion_matrix_table_13_60cb2feeacf5c9d979b4.table.json","ncols":3,"nrows":100,"_type":"table-file"},"train_loss":0.32141847756584496,"epoch_time":1.9430429935455322,"total_training_time":18.0522518157959,"_timestamp":1.7412416746869688e+09,"_wandb":{"runtime":19},"_step":13,"train_accuracy":0.8849814814814815,"val_loss":0.3598282673937944,"val_accuracy":0.874,"test_accuracy":0.866,"_runtime":19.139433391,"Model Run history":{"val_loss":[0.4600973604706276,0.445954088104862,0.38769925474318345,0.37961787516072104,0.3843316231981575,0.3757663668956588,0.36274807984826146,0.3677662077410341,0.37479557573966654,0.3598282673937944],"val_acc":[0.8393333333333334,0.8426666666666667,0.8636666666666667,0.8676666666666667,0.8641666666666666,0.8663333333333333,0.8741666666666666,0.8665,0.8668333333333333,0.874],"train_loss":[0.6184828089552707,0.42867103397629136,0.3962827666679883,0.37525537753843335,0.3619289015967656,0.3508106608362861,0.34042971300408165,0.3328250355184425,0.3263412797599356,0.32141847756584496],"train_acc":[0.7876666666666666,0.8487777777777777,0.8596111111111111,0.8653333333333333,0.8701851851851852,0.8742407407407408,0.8775925925925926,0.8801111111111111,0.881462962962963,0.8849814814814815]}}