{"_runtime":122.38758274,"train_accuracy":0.8847222222222222,"total_training_time":121.08279800415039,"train_loss":0.31446624167574977,"_step":18,"Model Run history":{"val_acc":[0.8403333333333334,0.8618333333333333,0.8718333333333333,0.855,0.8681666666666666,0.8753333333333333,0.8705,0.8718333333333333,0.8726666666666667,0.8615,0.8788333333333334,0.8723333333333333,0.8735,0.8695,0.8823333333333333],"train_loss":[0.558599130583764,0.4270022014709991,0.3908896495170938,0.37190641312264844,0.36117814147138205,0.3499759293982994,0.3414050153975453,0.3348555940123938,0.33677164609664395,0.32935623387065205,0.3246669674318623,0.3192609376398199,0.3185641375240792,0.3214110116524502,0.31446624167574977],"train_acc":[0.8001481481481482,0.8478888888888889,0.8590555555555556,0.8660185185185185,0.8696851851851852,0.8729259259259259,0.876537037037037,0.8787962962962963,0.8781296296296296,0.8802407407407408,0.8815185185185185,0.8842592592592593,0.882962962962963,0.8837962962962963,0.8847222222222222],"val_loss":[0.42454664531894254,0.3725952382844087,0.3475731293380126,0.39297666872496195,0.3538594483605083,0.3380096081692466,0.3575005318764992,0.3410708389740867,0.3487270357185064,0.37353187450689146,0.3271863074105796,0.3407999885449389,0.3545681165880419,0.3432044575067462,0.33299334330629726]},"val_loss":0.33299334330629726,"epoch_time":8.792518377304077,"val_accuracy":0.8823333333333333,"epoch":15,"_timestamp":1.741356516714512e+09,"test_accuracy":0.8713,"confusion_matrix_table":{"ncols":3,"nrows":100,"_type":"table-file","sha256":"0a77e86b2563d113317b9b3ebbf2cbbd2cc3c717bf491b1223dc553970a90177","size":2929,"artifact_path":"wandb-client-artifact://1epsrbe67e3gpqvor5in3ybz9wc7olux7g0l78ntuysnimmxyk6kkkt1tei3qu62r35bt100zl3sy7yr6irt0ybu2dn3lmi0arwkizw8peu356stivdvktd961gclm2e/confusion_matrix_table.table.json","_latest_artifact_path":"wandb-client-artifact://mvn5feb26or313tn9lgitej77gmet6ng3l0qtwmklheydhgd9qw3mk7pncb0uzr7w1mcmzfx0j0hi85ze092hrr4fb8wuffnuk7oxddts70gswudgqzruhqvw125epl4:latest/confusion_matrix_table.table.json","path":"media/table/confusion_matrix_table_18_0a77e86b2563d113317b.table.json"},"_wandb":{"runtime":122}}