{"train_loss":0.3771819461378941,"train_accuracy":0.8668518518518519,"confusion_matrix_table":{"nrows":100,"_type":"table-file","sha256":"a19f68aff5e54695e9f62dd169a8fe8e4740ad83b5ad149ceb1e279f55dfe56b","size":2932,"artifact_path":"wandb-client-artifact://ju4gs2ok650psnkqgx2csd9jnw0h6ej4g7epf7g526hzn8xbm7olofcg8adp33yvxf0rpraxjv7h6howhct83g0zgw35ixlvuun7whg6mzovr3rco8hnhmtlgomo756e/confusion_matrix_table.table.json","_latest_artifact_path":"wandb-client-artifact://yhzr5a2rbigchaedcfioihbw6i1eho98dgua3p6riqbivftujzm0qlyo7ikc57d3e5fc82mmvdx4y6ozdnmi9o0m8cl7ftzo0kyttaixfsy605mp44lju4sok1k63avq:latest/confusion_matrix_table.table.json","path":"media/table/confusion_matrix_table_13_a19f68aff5e54695e9f6.table.json","ncols":3},"test_accuracy":0.8525,"val_accuracy":0.8663333333333333,"_step":13,"_wandb":{"runtime":32},"_runtime":32.494156851,"_timestamp":1.7412002883543115e+09,"val_loss":0.38109905760917884,"Model Run history":{"train_loss":[0.6304804771297472,0.4561193835040132,0.4255456864005836,0.408738085769167,0.3984379027023835,0.3962895437905079,0.38920740158461065,0.38542558604769445,0.3808178080812296,0.3771819461378941],"train_acc":[0.7850185185185186,0.8434444444444444,0.8523148148148149,0.8565555555555555,0.8598333333333333,0.8611666666666666,0.863537037037037,0.8647592592592592,0.8663148148148148,0.8668518518518519],"val_loss":[0.5049891541560325,0.4273626265502433,0.42126246791550226,0.39319477208989007,0.48342627206647404,0.39215700992117974,0.4145905703660419,0.37971362054696556,0.38601113327974323,0.38109905760917884],"val_acc":[0.8061666666666667,0.8458333333333333,0.8491666666666666,0.8591666666666666,0.8161666666666667,0.8566666666666667,0.846,0.8631666666666666,0.8591666666666666,0.8663333333333333]},"total_training_time":31.28152823448181,"epoch":10,"epoch_time":3.854201078414917}